metric,game,map_id,run_index,true_creator,forced_human,forced_ai,delta_ai_minus_human,plot_forced_human,plot_forced_ai,plot_delta_ai_minus_human
fun,mario,1AC82kGG,1,Human,3.0,3.0,0.0,3.0,3.0,0.0
fun,mario,1AC82kGG,2,Human,4.0,3.0,-1.0,4.0,3.0,-1.0
fun,mario,1AC82kGG,3,Human,3.0,3.0,0.0,3.0,3.0,0.0
fun,mario,1AC82kGG,4,Human,4.0,4.0,0.0,4.0,4.0,0.0
fun,mario,1AC82kGG,5,Human,4.0,2.0,-2.0,4.0,2.0,-2.0
fun,mario,1AC82kGG,6,Human,4.0,3.0,-1.0,4.0,3.0,-1.0
fun,mario,1AC82kGG,7,Human,4.0,3.0,-1.0,4.0,3.0,-1.0
fun,mario,1AC82kGG,8,Human,5.0,3.0,-2.0,5.0,3.0,-2.0
fun,mario,1AC82kGG,9,Human,3.0,4.0,1.0,3.0,4.0,1.0
fun,mario,1AC82kGG,10,Human,4.0,2.0,-2.0,4.0,2.0,-2.0
fun,mario,1AC82kGG,11,Human,3.0,2.0,-1.0,3.0,2.0,-1.0
fun,mario,1AC82kGG,12,Human,4.0,3.0,-1.0,4.0,3.0,-1.0
fun,mario,1AC82kGG,13,Human,3.0,2.0,-1.0,3.0,2.0,-1.0
fun,mario,1AC82kGG,14,Human,3.0,4.0,1.0,3.0,4.0,1.0
fun,mario,1AC82kGG,15,Human,4.0,3.0,-1.0,4.0,3.0,-1.0
fun,mario,1AC82kGG,16,Human,4.0,2.0,-2.0,4.0,2.0,-2.0
fun,mario,1AC82kGG,17,Human,4.0,3.0,-1.0,4.0,3.0,-1.0
fun,mario,1AC82kGG,18,Human,3.0,2.0,-1.0,3.0,2.0,-1.0
fun,mario,1AC82kGG,19,Human,3.0,4.0,1.0,3.0,4.0,1.0
fun,mario,1AC82kGG,20,Human,4.0,4.0,0.0,4.0,4.0,0.0
fun,mario,4PFJlLdR,1,AI,4.0,2.0,-2.0,4.0,2.0,-2.0
fun,mario,4PFJlLdR,2,AI,4.0,1.0,-3.0,4.0,1.0,-3.0
fun,mario,4PFJlLdR,3,AI,3.0,1.0,-2.0,3.0,1.0,-2.0
fun,mario,4PFJlLdR,4,AI,5.0,4.0,-1.0,5.0,4.0,-1.0
fun,mario,4PFJlLdR,5,AI,4.0,2.0,-2.0,4.0,2.0,-2.0
fun,mario,4PFJlLdR,6,AI,4.0,3.0,-1.0,4.0,3.0,-1.0
fun,mario,4PFJlLdR,7,AI,3.0,2.0,-1.0,3.0,2.0,-1.0
fun,mario,4PFJlLdR,8,AI,5.0,2.0,-3.0,5.0,2.0,-3.0
fun,mario,4PFJlLdR,9,AI,4.0,3.0,-1.0,4.0,3.0,-1.0
fun,mario,4PFJlLdR,10,AI,5.0,1.0,-4.0,5.0,1.0,-4.0
fun,mario,4PFJlLdR,11,AI,4.0,3.0,-1.0,4.0,3.0,-1.0
fun,mario,4PFJlLdR,12,AI,5.0,4.0,-1.0,5.0,4.0,-1.0
fun,mario,4PFJlLdR,13,AI,3.0,3.0,0.0,3.0,3.0,0.0
fun,mario,4PFJlLdR,14,AI,4.0,3.0,-1.0,4.0,3.0,-1.0
fun,mario,4PFJlLdR,15,AI,4.0,3.0,-1.0,4.0,3.0,-1.0
fun,mario,4PFJlLdR,16,AI,2.0,4.0,2.0,2.0,4.0,2.0
fun,mario,4PFJlLdR,17,AI,4.0,3.0,-1.0,4.0,3.0,-1.0
fun,mario,4PFJlLdR,18,AI,1.0,3.0,2.0,1.0,3.0,2.0
fun,mario,4PFJlLdR,19,AI,4.0,3.0,-1.0,4.0,3.0,-1.0
fun,mario,4PFJlLdR,20,AI,4.0,3.0,-1.0,4.0,3.0,-1.0
fun,mario,4bMZDbcE,1,Human,2.0,1.0,-1.0,2.0,1.0,-1.0
fun,mario,4bMZDbcE,2,Human,2.0,2.0,0.0,2.0,2.0,0.0
fun,mario,4bMZDbcE,3,Human,3.0,1.0,-2.0,3.0,1.0,-2.0
fun,mario,4bMZDbcE,4,Human,3.0,1.0,-2.0,3.0,1.0,-2.0
fun,mario,4bMZDbcE,5,Human,1.0,2.0,1.0,1.0,2.0,1.0
fun,mario,4bMZDbcE,6,Human,1.0,3.0,2.0,1.0,3.0,2.0
fun,mario,4bMZDbcE,7,Human,1.0,2.0,1.0,1.0,2.0,1.0
fun,mario,4bMZDbcE,8,Human,1.0,3.0,2.0,1.0,3.0,2.0
fun,mario,4bMZDbcE,9,Human,3.0,3.0,0.0,3.0,3.0,0.0
fun,mario,4bMZDbcE,10,Human,2.0,3.0,1.0,2.0,3.0,1.0
fun,mario,4bMZDbcE,11,Human,4.0,2.0,-2.0,4.0,2.0,-2.0
fun,mario,4bMZDbcE,12,Human,1.0,1.0,0.0,1.0,1.0,0.0
fun,mario,4bMZDbcE,13,Human,2.0,1.0,-1.0,2.0,1.0,-1.0
fun,mario,4bMZDbcE,14,Human,2.0,1.0,-1.0,2.0,1.0,-1.0
fun,mario,4bMZDbcE,15,Human,3.0,2.0,-1.0,3.0,2.0,-1.0
fun,mario,4bMZDbcE,16,Human,3.0,2.0,-1.0,3.0,2.0,-1.0
fun,mario,4bMZDbcE,17,Human,1.0,1.0,0.0,1.0,1.0,0.0
fun,mario,4bMZDbcE,18,Human,2.0,3.0,1.0,2.0,3.0,1.0
fun,mario,4bMZDbcE,19,Human,2.0,1.0,-1.0,2.0,1.0,-1.0
fun,mario,4bMZDbcE,20,Human,3.0,4.0,1.0,3.0,4.0,1.0
fun,mario,8cgqvaZu,1,AI,2.0,3.0,1.0,2.0,3.0,1.0
fun,mario,8cgqvaZu,2,AI,2.0,4.0,2.0,2.0,4.0,2.0
fun,mario,8cgqvaZu,3,AI,4.0,3.0,-1.0,4.0,3.0,-1.0
fun,mario,8cgqvaZu,4,AI,1.0,3.0,2.0,1.0,3.0,2.0
fun,mario,8cgqvaZu,5,AI,2.0,3.0,1.0,2.0,3.0,1.0
fun,mario,8cgqvaZu,6,AI,4.0,3.0,-1.0,4.0,3.0,-1.0
fun,mario,8cgqvaZu,7,AI,4.0,2.0,-2.0,4.0,2.0,-2.0
fun,mario,8cgqvaZu,8,AI,3.0,2.0,-1.0,3.0,2.0,-1.0
fun,mario,8cgqvaZu,9,AI,1.0,3.0,2.0,1.0,3.0,2.0
fun,mario,8cgqvaZu,10,AI,3.0,3.0,0.0,3.0,3.0,0.0
fun,mario,8cgqvaZu,11,AI,1.0,3.0,2.0,1.0,3.0,2.0
fun,mario,8cgqvaZu,12,AI,3.0,2.0,-1.0,3.0,2.0,-1.0
fun,mario,8cgqvaZu,13,AI,4.0,3.0,-1.0,4.0,3.0,-1.0
fun,mario,8cgqvaZu,14,AI,4.0,3.0,-1.0,4.0,3.0,-1.0
fun,mario,8cgqvaZu,15,AI,3.0,4.0,1.0,3.0,4.0,1.0
fun,mario,8cgqvaZu,16,AI,4.0,2.0,-2.0,4.0,2.0,-2.0
fun,mario,8cgqvaZu,17,AI,2.0,3.0,1.0,2.0,3.0,1.0
fun,mario,8cgqvaZu,18,AI,3.0,3.0,0.0,3.0,3.0,0.0
fun,mario,8cgqvaZu,19,AI,4.0,4.0,0.0,4.0,4.0,0.0
fun,mario,8cgqvaZu,20,AI,2.0,4.0,2.0,2.0,4.0,2.0
fun,mario,9Y6J8Rb8,1,AI,1.0,2.0,1.0,1.0,2.0,1.0
fun,mario,9Y6J8Rb8,2,AI,1.0,3.0,2.0,1.0,3.0,2.0
fun,mario,9Y6J8Rb8,3,AI,1.0,3.0,2.0,1.0,3.0,2.0
fun,mario,9Y6J8Rb8,4,AI,1.0,2.0,1.0,1.0,2.0,1.0
fun,mario,9Y6J8Rb8,5,AI,1.0,2.0,1.0,1.0,2.0,1.0
fun,mario,9Y6J8Rb8,6,AI,1.0,1.0,0.0,1.0,1.0,0.0
fun,mario,9Y6J8Rb8,7,AI,2.0,1.0,-1.0,2.0,1.0,-1.0
fun,mario,9Y6J8Rb8,8,AI,1.0,1.0,0.0,1.0,1.0,0.0
fun,mario,9Y6J8Rb8,9,AI,1.0,4.0,3.0,1.0,4.0,3.0
fun,mario,9Y6J8Rb8,10,AI,2.0,4.0,2.0,2.0,4.0,2.0
fun,mario,9Y6J8Rb8,11,AI,3.0,3.0,0.0,3.0,3.0,0.0
fun,mario,9Y6J8Rb8,12,AI,1.0,1.0,0.0,1.0,1.0,0.0
fun,mario,9Y6J8Rb8,13,AI,1.0,2.0,1.0,1.0,2.0,1.0
fun,mario,9Y6J8Rb8,14,AI,1.0,2.0,1.0,1.0,2.0,1.0
fun,mario,9Y6J8Rb8,15,AI,2.0,3.0,1.0,2.0,3.0,1.0
fun,mario,9Y6J8Rb8,16,AI,2.0,1.0,-1.0,2.0,1.0,-1.0
fun,mario,9Y6J8Rb8,17,AI,1.0,3.0,2.0,1.0,3.0,2.0
fun,mario,9Y6J8Rb8,18,AI,3.0,3.0,0.0,3.0,3.0,0.0
fun,mario,9Y6J8Rb8,19,AI,2.0,2.0,0.0,2.0,2.0,0.0
fun,mario,9Y6J8Rb8,20,AI,2.0,3.0,1.0,2.0,3.0,1.0
fun,mario,Jvmo5e7c,1,Human,3.0,3.0,0.0,3.0,3.0,0.0
fun,mario,Jvmo5e7c,2,Human,2.0,2.0,0.0,2.0,2.0,0.0
fun,mario,Jvmo5e7c,3,Human,4.0,2.0,-2.0,4.0,2.0,-2.0
fun,mario,Jvmo5e7c,4,Human,4.0,2.0,-2.0,4.0,2.0,-2.0
fun,mario,Jvmo5e7c,5,Human,3.0,3.0,0.0,3.0,3.0,0.0
fun,mario,Jvmo5e7c,6,Human,2.0,4.0,2.0,2.0,4.0,2.0
fun,mario,Jvmo5e7c,7,Human,2.0,3.0,1.0,2.0,3.0,1.0
fun,mario,Jvmo5e7c,8,Human,4.0,3.0,-1.0,4.0,3.0,-1.0
fun,mario,Jvmo5e7c,9,Human,2.0,3.0,1.0,2.0,3.0,1.0
fun,mario,Jvmo5e7c,10,Human,4.0,2.0,-2.0,4.0,2.0,-2.0
fun,mario,Jvmo5e7c,11,Human,4.0,4.0,0.0,4.0,4.0,0.0
fun,mario,Jvmo5e7c,12,Human,4.0,4.0,0.0,4.0,4.0,0.0
fun,mario,Jvmo5e7c,13,Human,4.0,3.0,-1.0,4.0,3.0,-1.0
fun,mario,Jvmo5e7c,14,Human,4.0,3.0,-1.0,4.0,3.0,-1.0
fun,mario,Jvmo5e7c,15,Human,4.0,2.0,-2.0,4.0,2.0,-2.0
fun,mario,Jvmo5e7c,16,Human,4.0,4.0,0.0,4.0,4.0,0.0
fun,mario,Jvmo5e7c,17,Human,4.0,3.0,-1.0,4.0,3.0,-1.0
fun,mario,Jvmo5e7c,18,Human,3.0,2.0,-1.0,3.0,2.0,-1.0
fun,mario,Jvmo5e7c,19,Human,3.0,3.0,0.0,3.0,3.0,0.0
fun,mario,Jvmo5e7c,20,Human,3.0,4.0,1.0,3.0,4.0,1.0
fun,mario,KKZ1dszi,1,AI,2.0,3.0,1.0,2.0,3.0,1.0
fun,mario,KKZ1dszi,2,AI,2.0,2.0,0.0,2.0,2.0,0.0
fun,mario,KKZ1dszi,3,AI,2.0,2.0,0.0,2.0,2.0,0.0
fun,mario,KKZ1dszi,4,AI,4.0,2.0,-2.0,4.0,2.0,-2.0
fun,mario,KKZ1dszi,5,AI,1.0,4.0,3.0,1.0,4.0,3.0
fun,mario,KKZ1dszi,6,AI,3.0,2.0,-1.0,3.0,2.0,-1.0
fun,mario,KKZ1dszi,7,AI,2.0,2.0,0.0,2.0,2.0,0.0
fun,mario,KKZ1dszi,8,AI,4.0,2.0,-2.0,4.0,2.0,-2.0
fun,mario,KKZ1dszi,9,AI,1.0,3.0,2.0,1.0,3.0,2.0
fun,mario,KKZ1dszi,10,AI,4.0,1.0,-3.0,4.0,1.0,-3.0
fun,mario,KKZ1dszi,11,AI,4.0,3.0,-1.0,4.0,3.0,-1.0
fun,mario,KKZ1dszi,12,AI,1.0,1.0,0.0,1.0,1.0,0.0
fun,mario,KKZ1dszi,13,AI,1.0,3.0,2.0,1.0,3.0,2.0
fun,mario,KKZ1dszi,14,AI,1.0,1.0,0.0,1.0,1.0,0.0
fun,mario,KKZ1dszi,15,AI,1.0,3.0,2.0,1.0,3.0,2.0
fun,mario,KKZ1dszi,16,AI,2.0,2.0,0.0,2.0,2.0,0.0
fun,mario,KKZ1dszi,17,AI,2.0,3.0,1.0,2.0,3.0,1.0
fun,mario,KKZ1dszi,18,AI,1.0,4.0,3.0,1.0,4.0,3.0
fun,mario,KKZ1dszi,19,AI,4.0,3.0,-1.0,4.0,3.0,-1.0
fun,mario,KKZ1dszi,20,AI,1.0,3.0,2.0,1.0,3.0,2.0
fun,mario,RtKfCoTJ,1,Human,1.0,3.0,2.0,1.0,3.0,2.0
fun,mario,RtKfCoTJ,2,Human,3.0,1.0,-2.0,3.0,1.0,-2.0
fun,mario,RtKfCoTJ,3,Human,1.0,1.0,0.0,1.0,1.0,0.0
fun,mario,RtKfCoTJ,4,Human,1.0,1.0,0.0,1.0,1.0,0.0
fun,mario,RtKfCoTJ,5,Human,1.0,1.0,0.0,1.0,1.0,0.0
fun,mario,RtKfCoTJ,6,Human,3.0,1.0,-2.0,3.0,1.0,-2.0
fun,mario,RtKfCoTJ,7,Human,2.0,1.0,-1.0,2.0,1.0,-1.0
fun,mario,RtKfCoTJ,8,Human,4.0,1.0,-3.0,4.0,1.0,-3.0
fun,mario,RtKfCoTJ,9,Human,1.0,1.0,0.0,1.0,1.0,0.0
fun,mario,RtKfCoTJ,10,Human,1.0,1.0,0.0,1.0,1.0,0.0
fun,mario,RtKfCoTJ,11,Human,1.0,1.0,0.0,1.0,1.0,0.0
fun,mario,RtKfCoTJ,12,Human,2.0,1.0,-1.0,2.0,1.0,-1.0
fun,mario,RtKfCoTJ,13,Human,3.0,1.0,-2.0,3.0,1.0,-2.0
fun,mario,RtKfCoTJ,14,Human,2.0,1.0,-1.0,2.0,1.0,-1.0
fun,mario,RtKfCoTJ,15,Human,1.0,2.0,1.0,1.0,2.0,1.0
fun,mario,RtKfCoTJ,16,Human,1.0,1.0,0.0,1.0,1.0,0.0
fun,mario,RtKfCoTJ,17,Human,1.0,2.0,1.0,1.0,2.0,1.0
fun,mario,RtKfCoTJ,18,Human,1.0,1.0,0.0,1.0,1.0,0.0
fun,mario,RtKfCoTJ,19,Human,2.0,1.0,-1.0,2.0,1.0,-1.0
fun,mario,RtKfCoTJ,20,Human,3.0,2.0,-1.0,3.0,2.0,-1.0
fun,mario,S7F69Idf,1,AI,3.0,3.0,0.0,3.0,3.0,0.0
fun,mario,S7F69Idf,2,AI,3.0,3.0,0.0,3.0,3.0,0.0
fun,mario,S7F69Idf,3,AI,3.0,3.0,0.0,3.0,3.0,0.0
fun,mario,S7F69Idf,4,AI,2.0,1.0,-1.0,2.0,1.0,-1.0
fun,mario,S7F69Idf,5,AI,2.0,2.0,0.0,2.0,2.0,0.0
fun,mario,S7F69Idf,6,AI,3.0,2.0,-1.0,3.0,2.0,-1.0
fun,mario,S7F69Idf,7,AI,2.0,1.0,-1.0,2.0,1.0,-1.0
fun,mario,S7F69Idf,8,AI,2.0,3.0,1.0,2.0,3.0,1.0
fun,mario,S7F69Idf,9,AI,2.0,2.0,0.0,2.0,2.0,0.0
fun,mario,S7F69Idf,10,AI,3.0,3.0,0.0,3.0,3.0,0.0
fun,mario,S7F69Idf,11,AI,2.0,3.0,1.0,2.0,3.0,1.0
fun,mario,S7F69Idf,12,AI,3.0,3.0,0.0,3.0,3.0,0.0
fun,mario,S7F69Idf,13,AI,4.0,2.0,-2.0,4.0,2.0,-2.0
fun,mario,S7F69Idf,14,AI,3.0,3.0,0.0,3.0,3.0,0.0
fun,mario,S7F69Idf,15,AI,2.0,3.0,1.0,2.0,3.0,1.0
fun,mario,S7F69Idf,16,AI,4.0,3.0,-1.0,4.0,3.0,-1.0
fun,mario,S7F69Idf,17,AI,3.0,2.0,-1.0,3.0,2.0,-1.0
fun,mario,S7F69Idf,18,AI,2.0,2.0,0.0,2.0,2.0,0.0
fun,mario,S7F69Idf,19,AI,3.0,2.0,-1.0,3.0,2.0,-1.0
fun,mario,S7F69Idf,20,AI,2.0,3.0,1.0,2.0,3.0,1.0
fun,mario,U3v9pEvF,1,AI,1.0,1.0,0.0,1.0,1.0,0.0
fun,mario,U3v9pEvF,2,AI,2.0,1.0,-1.0,2.0,1.0,-1.0
fun,mario,U3v9pEvF,3,AI,2.0,3.0,1.0,2.0,3.0,1.0
fun,mario,U3v9pEvF,4,AI,2.0,1.0,-1.0,2.0,1.0,-1.0
fun,mario,U3v9pEvF,5,AI,4.0,2.0,-2.0,4.0,2.0,-2.0
fun,mario,U3v9pEvF,6,AI,3.0,4.0,1.0,3.0,4.0,1.0
fun,mario,U3v9pEvF,7,AI,2.0,4.0,2.0,2.0,4.0,2.0
fun,mario,U3v9pEvF,8,AI,4.0,1.0,-3.0,4.0,1.0,-3.0
fun,mario,U3v9pEvF,9,AI,4.0,4.0,0.0,4.0,4.0,0.0
fun,mario,U3v9pEvF,10,AI,2.0,1.0,-1.0,2.0,1.0,-1.0
fun,mario,U3v9pEvF,11,AI,4.0,3.0,-1.0,4.0,3.0,-1.0
fun,mario,U3v9pEvF,12,AI,4.0,2.0,-2.0,4.0,2.0,-2.0
fun,mario,U3v9pEvF,13,AI,2.0,3.0,1.0,2.0,3.0,1.0
fun,mario,U3v9pEvF,14,AI,3.0,3.0,0.0,3.0,3.0,0.0
fun,mario,U3v9pEvF,15,AI,4.0,3.0,-1.0,4.0,3.0,-1.0
fun,mario,U3v9pEvF,16,AI,1.0,3.0,2.0,1.0,3.0,2.0
fun,mario,U3v9pEvF,17,AI,2.0,1.0,-1.0,2.0,1.0,-1.0
fun,mario,U3v9pEvF,18,AI,1.0,3.0,2.0,1.0,3.0,2.0
fun,mario,U3v9pEvF,19,AI,3.0,2.0,-1.0,3.0,2.0,-1.0
fun,mario,U3v9pEvF,20,AI,4.0,2.0,-2.0,4.0,2.0,-2.0
fun,mario,V5XEzcZd,1,Human,2.0,3.0,1.0,2.0,3.0,1.0
fun,mario,V5XEzcZd,2,Human,1.0,3.0,2.0,1.0,3.0,2.0
fun,mario,V5XEzcZd,3,Human,2.0,4.0,2.0,2.0,4.0,2.0
fun,mario,V5XEzcZd,4,Human,4.0,2.0,-2.0,4.0,2.0,-2.0
fun,mario,V5XEzcZd,5,Human,2.0,2.0,0.0,2.0,2.0,0.0
fun,mario,V5XEzcZd,6,Human,3.0,2.0,-1.0,3.0,2.0,-1.0
fun,mario,V5XEzcZd,7,Human,3.0,3.0,0.0,3.0,3.0,0.0
fun,mario,V5XEzcZd,8,Human,3.0,3.0,0.0,3.0,3.0,0.0
fun,mario,V5XEzcZd,9,Human,1.0,2.0,1.0,1.0,2.0,1.0
fun,mario,V5XEzcZd,10,Human,2.0,4.0,2.0,2.0,4.0,2.0
fun,mario,V5XEzcZd,11,Human,2.0,2.0,0.0,2.0,2.0,0.0
fun,mario,V5XEzcZd,12,Human,3.0,3.0,0.0,3.0,3.0,0.0
fun,mario,V5XEzcZd,13,Human,2.0,3.0,1.0,2.0,3.0,1.0
fun,mario,V5XEzcZd,14,Human,2.0,3.0,1.0,2.0,3.0,1.0
fun,mario,V5XEzcZd,15,Human,2.0,3.0,1.0,2.0,3.0,1.0
fun,mario,V5XEzcZd,16,Human,1.0,4.0,3.0,1.0,4.0,3.0
fun,mario,V5XEzcZd,17,Human,1.0,3.0,2.0,1.0,3.0,2.0
fun,mario,V5XEzcZd,18,Human,1.0,2.0,1.0,1.0,2.0,1.0
fun,mario,V5XEzcZd,19,Human,2.0,2.0,0.0,2.0,2.0,0.0
fun,mario,V5XEzcZd,20,Human,3.0,3.0,0.0,3.0,3.0,0.0
fun,mario,XYTl4EzV,1,Human,1.0,1.0,0.0,1.0,1.0,0.0
fun,mario,XYTl4EzV,2,Human,1.0,1.0,0.0,1.0,1.0,0.0
fun,mario,XYTl4EzV,3,Human,1.0,1.0,0.0,1.0,1.0,0.0
fun,mario,XYTl4EzV,4,Human,1.0,1.0,0.0,1.0,1.0,0.0
fun,mario,XYTl4EzV,5,Human,1.0,1.0,0.0,1.0,1.0,0.0
fun,mario,XYTl4EzV,6,Human,1.0,1.0,0.0,1.0,1.0,0.0
fun,mario,XYTl4EzV,7,Human,2.0,1.0,-1.0,2.0,1.0,-1.0
fun,mario,XYTl4EzV,8,Human,1.0,1.0,0.0,1.0,1.0,0.0
fun,mario,XYTl4EzV,9,Human,1.0,1.0,0.0,1.0,1.0,0.0
fun,mario,XYTl4EzV,10,Human,1.0,1.0,0.0,1.0,1.0,0.0
fun,mario,XYTl4EzV,11,Human,1.0,1.0,0.0,1.0,1.0,0.0
fun,mario,XYTl4EzV,12,Human,1.0,1.0,0.0,1.0,1.0,0.0
fun,mario,XYTl4EzV,13,Human,1.0,1.0,0.0,1.0,1.0,0.0
fun,mario,XYTl4EzV,14,Human,1.0,1.0,0.0,1.0,1.0,0.0
fun,mario,XYTl4EzV,15,Human,1.0,1.0,0.0,1.0,1.0,0.0
fun,mario,XYTl4EzV,16,Human,1.0,1.0,0.0,1.0,1.0,0.0
fun,mario,XYTl4EzV,17,Human,1.0,1.0,0.0,1.0,1.0,0.0
fun,mario,XYTl4EzV,18,Human,1.0,1.0,0.0,1.0,1.0,0.0
fun,mario,XYTl4EzV,19,Human,1.0,1.0,0.0,1.0,1.0,0.0
fun,mario,XYTl4EzV,20,Human,1.0,1.0,0.0,1.0,1.0,0.0
fun,mario,Xd8WtCNl,1,AI,2.0,3.0,1.0,2.0,3.0,1.0
fun,mario,Xd8WtCNl,2,AI,3.0,3.0,0.0,3.0,3.0,0.0
fun,mario,Xd8WtCNl,3,AI,1.0,2.0,1.0,1.0,2.0,1.0
fun,mario,Xd8WtCNl,4,AI,3.0,2.0,-1.0,3.0,2.0,-1.0
fun,mario,Xd8WtCNl,5,AI,4.0,3.0,-1.0,4.0,3.0,-1.0
fun,mario,Xd8WtCNl,6,AI,4.0,3.0,-1.0,4.0,3.0,-1.0
fun,mario,Xd8WtCNl,7,AI,4.0,4.0,0.0,4.0,4.0,0.0
fun,mario,Xd8WtCNl,8,AI,2.0,4.0,2.0,2.0,4.0,2.0
fun,mario,Xd8WtCNl,9,AI,4.0,3.0,-1.0,4.0,3.0,-1.0
fun,mario,Xd8WtCNl,10,AI,4.0,4.0,0.0,4.0,4.0,0.0
fun,mario,Xd8WtCNl,11,AI,2.0,3.0,1.0,2.0,3.0,1.0
fun,mario,Xd8WtCNl,12,AI,4.0,3.0,-1.0,4.0,3.0,-1.0
fun,mario,Xd8WtCNl,13,AI,3.0,3.0,0.0,3.0,3.0,0.0
fun,mario,Xd8WtCNl,14,AI,3.0,4.0,1.0,3.0,4.0,1.0
fun,mario,Xd8WtCNl,15,AI,3.0,3.0,0.0,3.0,3.0,0.0
fun,mario,Xd8WtCNl,16,AI,2.0,3.0,1.0,2.0,3.0,1.0
fun,mario,Xd8WtCNl,17,AI,2.0,2.0,0.0,2.0,2.0,0.0
fun,mario,Xd8WtCNl,18,AI,3.0,4.0,1.0,3.0,4.0,1.0
fun,mario,Xd8WtCNl,19,AI,4.0,2.0,-2.0,4.0,2.0,-2.0
fun,mario,Xd8WtCNl,20,AI,4.0,4.0,0.0,4.0,4.0,0.0
fun,mario,br59gvRp,1,AI,1.0,1.0,0.0,1.0,1.0,0.0
fun,mario,br59gvRp,2,AI,2.0,1.0,-1.0,2.0,1.0,-1.0
fun,mario,br59gvRp,3,AI,2.0,1.0,-1.0,2.0,1.0,-1.0
fun,mario,br59gvRp,4,AI,1.0,1.0,0.0,1.0,1.0,0.0
fun,mario,br59gvRp,5,AI,1.0,2.0,1.0,1.0,2.0,1.0
fun,mario,br59gvRp,6,AI,1.0,1.0,0.0,1.0,1.0,0.0
fun,mario,br59gvRp,7,AI,1.0,1.0,0.0,1.0,1.0,0.0
fun,mario,br59gvRp,8,AI,1.0,1.0,0.0,1.0,1.0,0.0
fun,mario,br59gvRp,9,AI,1.0,2.0,1.0,1.0,2.0,1.0
fun,mario,br59gvRp,10,AI,1.0,1.0,0.0,1.0,1.0,0.0
fun,mario,br59gvRp,11,AI,2.0,2.0,0.0,2.0,2.0,0.0
fun,mario,br59gvRp,12,AI,2.0,1.0,-1.0,2.0,1.0,-1.0
fun,mario,br59gvRp,13,AI,1.0,1.0,0.0,1.0,1.0,0.0
fun,mario,br59gvRp,14,AI,1.0,1.0,0.0,1.0,1.0,0.0
fun,mario,br59gvRp,15,AI,1.0,1.0,0.0,1.0,1.0,0.0
fun,mario,br59gvRp,16,AI,1.0,1.0,0.0,1.0,1.0,0.0
fun,mario,br59gvRp,17,AI,2.0,1.0,-1.0,2.0,1.0,-1.0
fun,mario,br59gvRp,18,AI,1.0,1.0,0.0,1.0,1.0,0.0
fun,mario,br59gvRp,19,AI,1.0,1.0,0.0,1.0,1.0,0.0
fun,mario,br59gvRp,20,AI,2.0,1.0,-1.0,2.0,1.0,-1.0
fun,mario,dwIZVZn4,1,AI,1.0,2.0,1.0,1.0,2.0,1.0
fun,mario,dwIZVZn4,2,AI,1.0,2.0,1.0,1.0,2.0,1.0
fun,mario,dwIZVZn4,3,AI,1.0,2.0,1.0,1.0,2.0,1.0
fun,mario,dwIZVZn4,4,AI,2.0,1.0,-1.0,2.0,1.0,-1.0
fun,mario,dwIZVZn4,5,AI,2.0,3.0,1.0,2.0,3.0,1.0
fun,mario,dwIZVZn4,6,AI,3.0,3.0,0.0,3.0,3.0,0.0
fun,mario,dwIZVZn4,7,AI,1.0,1.0,0.0,1.0,1.0,0.0
fun,mario,dwIZVZn4,8,AI,3.0,1.0,-2.0,3.0,1.0,-2.0
fun,mario,dwIZVZn4,9,AI,2.0,2.0,0.0,2.0,2.0,0.0
fun,mario,dwIZVZn4,10,AI,3.0,2.0,-1.0,3.0,2.0,-1.0
fun,mario,dwIZVZn4,11,AI,1.0,1.0,0.0,1.0,1.0,0.0
fun,mario,dwIZVZn4,12,AI,4.0,1.0,-3.0,4.0,1.0,-3.0
fun,mario,dwIZVZn4,13,AI,1.0,2.0,1.0,1.0,2.0,1.0
fun,mario,dwIZVZn4,14,AI,1.0,2.0,1.0,1.0,2.0,1.0
fun,mario,dwIZVZn4,15,AI,1.0,2.0,1.0,1.0,2.0,1.0
fun,mario,dwIZVZn4,16,AI,4.0,3.0,-1.0,4.0,3.0,-1.0
fun,mario,dwIZVZn4,17,AI,1.0,3.0,2.0,1.0,3.0,2.0
fun,mario,dwIZVZn4,18,AI,3.0,2.0,-1.0,3.0,2.0,-1.0
fun,mario,dwIZVZn4,19,AI,2.0,2.0,0.0,2.0,2.0,0.0
fun,mario,dwIZVZn4,20,AI,1.0,1.0,0.0,1.0,1.0,0.0
fun,mario,fc3fEIzT,1,Human,3.0,1.0,-2.0,3.0,1.0,-2.0
fun,mario,fc3fEIzT,2,Human,2.0,3.0,1.0,2.0,3.0,1.0
fun,mario,fc3fEIzT,3,Human,1.0,1.0,0.0,1.0,1.0,0.0
fun,mario,fc3fEIzT,4,Human,1.0,1.0,0.0,1.0,1.0,0.0
fun,mario,fc3fEIzT,5,Human,2.0,3.0,1.0,2.0,3.0,1.0
fun,mario,fc3fEIzT,6,Human,1.0,1.0,0.0,1.0,1.0,0.0
fun,mario,fc3fEIzT,7,Human,2.0,1.0,-1.0,2.0,1.0,-1.0
fun,mario,fc3fEIzT,8,Human,2.0,2.0,0.0,2.0,2.0,0.0
fun,mario,fc3fEIzT,9,Human,1.0,2.0,1.0,1.0,2.0,1.0
fun,mario,fc3fEIzT,10,Human,1.0,1.0,0.0,1.0,1.0,0.0
fun,mario,fc3fEIzT,11,Human,1.0,1.0,0.0,1.0,1.0,0.0
fun,mario,fc3fEIzT,12,Human,2.0,2.0,0.0,2.0,2.0,0.0
fun,mario,fc3fEIzT,13,Human,3.0,2.0,-1.0,3.0,2.0,-1.0
fun,mario,fc3fEIzT,14,Human,2.0,1.0,-1.0,2.0,1.0,-1.0
fun,mario,fc3fEIzT,15,Human,3.0,1.0,-2.0,3.0,1.0,-2.0
fun,mario,fc3fEIzT,16,Human,1.0,1.0,0.0,1.0,1.0,0.0
fun,mario,fc3fEIzT,17,Human,3.0,2.0,-1.0,3.0,2.0,-1.0
fun,mario,fc3fEIzT,18,Human,2.0,2.0,0.0,2.0,2.0,0.0
fun,mario,fc3fEIzT,19,Human,1.0,1.0,0.0,1.0,1.0,0.0
fun,mario,fc3fEIzT,20,Human,1.0,2.0,1.0,1.0,2.0,1.0
fun,mario,gZGPAuuB,1,Human,2.0,2.0,0.0,2.0,2.0,0.0
fun,mario,gZGPAuuB,2,Human,4.0,3.0,-1.0,4.0,3.0,-1.0
fun,mario,gZGPAuuB,3,Human,4.0,2.0,-2.0,4.0,2.0,-2.0
fun,mario,gZGPAuuB,4,Human,2.0,4.0,2.0,2.0,4.0,2.0
fun,mario,gZGPAuuB,5,Human,4.0,2.0,-2.0,4.0,2.0,-2.0
fun,mario,gZGPAuuB,6,Human,3.0,3.0,0.0,3.0,3.0,0.0
fun,mario,gZGPAuuB,7,Human,4.0,3.0,-1.0,4.0,3.0,-1.0
fun,mario,gZGPAuuB,8,Human,3.0,3.0,0.0,3.0,3.0,0.0
fun,mario,gZGPAuuB,9,Human,2.0,2.0,0.0,2.0,2.0,0.0
fun,mario,gZGPAuuB,10,Human,3.0,3.0,0.0,3.0,3.0,0.0
fun,mario,gZGPAuuB,11,Human,2.0,3.0,1.0,2.0,3.0,1.0
fun,mario,gZGPAuuB,12,Human,3.0,3.0,0.0,3.0,3.0,0.0
fun,mario,gZGPAuuB,13,Human,4.0,4.0,0.0,4.0,4.0,0.0
fun,mario,gZGPAuuB,14,Human,4.0,3.0,-1.0,4.0,3.0,-1.0
fun,mario,gZGPAuuB,15,Human,3.0,3.0,0.0,3.0,3.0,0.0
fun,mario,gZGPAuuB,16,Human,3.0,3.0,0.0,3.0,3.0,0.0
fun,mario,gZGPAuuB,17,Human,4.0,2.0,-2.0,4.0,2.0,-2.0
fun,mario,gZGPAuuB,18,Human,3.0,3.0,0.0,3.0,3.0,0.0
fun,mario,gZGPAuuB,19,Human,2.0,4.0,2.0,2.0,4.0,2.0
fun,mario,gZGPAuuB,20,Human,3.0,2.0,-1.0,3.0,2.0,-1.0
fun,mario,gngXYJwH,1,AI,4.0,4.0,0.0,4.0,4.0,0.0
fun,mario,gngXYJwH,2,AI,3.0,4.0,1.0,3.0,4.0,1.0
fun,mario,gngXYJwH,3,AI,4.0,4.0,0.0,4.0,4.0,0.0
fun,mario,gngXYJwH,4,AI,2.0,3.0,1.0,2.0,3.0,1.0
fun,mario,gngXYJwH,5,AI,4.0,2.0,-2.0,4.0,2.0,-2.0
fun,mario,gngXYJwH,6,AI,4.0,2.0,-2.0,4.0,2.0,-2.0
fun,mario,gngXYJwH,7,AI,5.0,4.0,-1.0,5.0,4.0,-1.0
fun,mario,gngXYJwH,8,AI,4.0,2.0,-2.0,4.0,2.0,-2.0
fun,mario,gngXYJwH,9,AI,4.0,3.0,-1.0,4.0,3.0,-1.0
fun,mario,gngXYJwH,10,AI,2.0,4.0,2.0,2.0,4.0,2.0
fun,mario,gngXYJwH,11,AI,4.0,4.0,0.0,4.0,4.0,0.0
fun,mario,gngXYJwH,12,AI,4.0,2.0,-2.0,4.0,2.0,-2.0
fun,mario,gngXYJwH,13,AI,3.0,4.0,1.0,3.0,4.0,1.0
fun,mario,gngXYJwH,14,AI,3.0,4.0,1.0,3.0,4.0,1.0
fun,mario,gngXYJwH,15,AI,4.0,4.0,0.0,4.0,4.0,0.0
fun,mario,gngXYJwH,16,AI,4.0,4.0,0.0,4.0,4.0,0.0
fun,mario,gngXYJwH,17,AI,3.0,2.0,-1.0,3.0,2.0,-1.0
fun,mario,gngXYJwH,18,AI,4.0,3.0,-1.0,4.0,3.0,-1.0
fun,mario,gngXYJwH,19,AI,3.0,3.0,0.0,3.0,3.0,0.0
fun,mario,gngXYJwH,20,AI,4.0,4.0,0.0,4.0,4.0,0.0
fun,mario,ktod92pA,1,Human,3.0,1.0,-2.0,3.0,1.0,-2.0
fun,mario,ktod92pA,2,Human,1.0,2.0,1.0,1.0,2.0,1.0
fun,mario,ktod92pA,3,Human,4.0,2.0,-2.0,4.0,2.0,-2.0
fun,mario,ktod92pA,4,Human,2.0,1.0,-1.0,2.0,1.0,-1.0
fun,mario,ktod92pA,5,Human,1.0,2.0,1.0,1.0,2.0,1.0
fun,mario,ktod92pA,6,Human,2.0,1.0,-1.0,2.0,1.0,-1.0
fun,mario,ktod92pA,7,Human,3.0,2.0,-1.0,3.0,2.0,-1.0
fun,mario,ktod92pA,8,Human,1.0,1.0,0.0,1.0,1.0,0.0
fun,mario,ktod92pA,9,Human,1.0,1.0,0.0,1.0,1.0,0.0
fun,mario,ktod92pA,10,Human,3.0,1.0,-2.0,3.0,1.0,-2.0
fun,mario,ktod92pA,11,Human,1.0,2.0,1.0,1.0,2.0,1.0
fun,mario,ktod92pA,12,Human,1.0,2.0,1.0,1.0,2.0,1.0
fun,mario,ktod92pA,13,Human,3.0,1.0,-2.0,3.0,1.0,-2.0
fun,mario,ktod92pA,14,Human,1.0,1.0,0.0,1.0,1.0,0.0
fun,mario,ktod92pA,15,Human,1.0,1.0,0.0,1.0,1.0,0.0
fun,mario,ktod92pA,16,Human,1.0,2.0,1.0,1.0,2.0,1.0
fun,mario,ktod92pA,17,Human,2.0,1.0,-1.0,2.0,1.0,-1.0
fun,mario,ktod92pA,18,Human,2.0,3.0,1.0,2.0,3.0,1.0
fun,mario,ktod92pA,19,Human,1.0,2.0,1.0,1.0,2.0,1.0
fun,mario,ktod92pA,20,Human,1.0,2.0,1.0,1.0,2.0,1.0
fun,mario,lY6ELCJ9,1,Human,2.0,4.0,2.0,2.0,4.0,2.0
fun,mario,lY6ELCJ9,2,Human,3.0,3.0,0.0,3.0,3.0,0.0
fun,mario,lY6ELCJ9,3,Human,4.0,3.0,-1.0,4.0,3.0,-1.0
fun,mario,lY6ELCJ9,4,Human,1.0,3.0,2.0,1.0,3.0,2.0
fun,mario,lY6ELCJ9,5,Human,2.0,3.0,1.0,2.0,3.0,1.0
fun,mario,lY6ELCJ9,6,Human,2.0,3.0,1.0,2.0,3.0,1.0
fun,mario,lY6ELCJ9,7,Human,4.0,4.0,0.0,4.0,4.0,0.0
fun,mario,lY6ELCJ9,8,Human,4.0,2.0,-2.0,4.0,2.0,-2.0
fun,mario,lY6ELCJ9,9,Human,3.0,4.0,1.0,3.0,4.0,1.0
fun,mario,lY6ELCJ9,10,Human,3.0,3.0,0.0,3.0,3.0,0.0
fun,mario,lY6ELCJ9,11,Human,3.0,3.0,0.0,3.0,3.0,0.0
fun,mario,lY6ELCJ9,12,Human,3.0,3.0,0.0,3.0,3.0,0.0
fun,mario,lY6ELCJ9,13,Human,1.0,4.0,3.0,1.0,4.0,3.0
fun,mario,lY6ELCJ9,14,Human,3.0,2.0,-1.0,3.0,2.0,-1.0
fun,mario,lY6ELCJ9,15,Human,1.0,2.0,1.0,1.0,2.0,1.0
fun,mario,lY6ELCJ9,16,Human,3.0,3.0,0.0,3.0,3.0,0.0
fun,mario,lY6ELCJ9,17,Human,3.0,3.0,0.0,3.0,3.0,0.0
fun,mario,lY6ELCJ9,18,Human,4.0,3.0,-1.0,4.0,3.0,-1.0
fun,mario,lY6ELCJ9,19,Human,4.0,3.0,-1.0,4.0,3.0,-1.0
fun,mario,lY6ELCJ9,20,Human,3.0,3.0,0.0,3.0,3.0,0.0
fun,mario,lgoBPkQB,1,AI,3.0,3.0,0.0,3.0,3.0,0.0
fun,mario,lgoBPkQB,2,AI,4.0,2.0,-2.0,4.0,2.0,-2.0
fun,mario,lgoBPkQB,3,AI,3.0,2.0,-1.0,3.0,2.0,-1.0
fun,mario,lgoBPkQB,4,AI,3.0,3.0,0.0,3.0,3.0,0.0
fun,mario,lgoBPkQB,5,AI,3.0,2.0,-1.0,3.0,2.0,-1.0
fun,mario,lgoBPkQB,6,AI,3.0,2.0,-1.0,3.0,2.0,-1.0
fun,mario,lgoBPkQB,7,AI,3.0,2.0,-1.0,3.0,2.0,-1.0
fun,mario,lgoBPkQB,8,AI,1.0,3.0,2.0,1.0,3.0,2.0
fun,mario,lgoBPkQB,9,AI,2.0,1.0,-1.0,2.0,1.0,-1.0
fun,mario,lgoBPkQB,10,AI,2.0,2.0,0.0,2.0,2.0,0.0
fun,mario,lgoBPkQB,11,AI,4.0,1.0,-3.0,4.0,1.0,-3.0
fun,mario,lgoBPkQB,12,AI,3.0,3.0,0.0,3.0,3.0,0.0
fun,mario,lgoBPkQB,13,AI,3.0,2.0,-1.0,3.0,2.0,-1.0
fun,mario,lgoBPkQB,14,AI,4.0,2.0,-2.0,4.0,2.0,-2.0
fun,mario,lgoBPkQB,15,AI,1.0,2.0,1.0,1.0,2.0,1.0
fun,mario,lgoBPkQB,16,AI,4.0,2.0,-2.0,4.0,2.0,-2.0
fun,mario,lgoBPkQB,17,AI,3.0,2.0,-1.0,3.0,2.0,-1.0
fun,mario,lgoBPkQB,18,AI,3.0,3.0,0.0,3.0,3.0,0.0
fun,mario,lgoBPkQB,19,AI,3.0,1.0,-2.0,3.0,1.0,-2.0
fun,mario,lgoBPkQB,20,AI,3.0,2.0,-1.0,3.0,2.0,-1.0
fun,mario,mmMjssLU,1,AI,1.0,2.0,1.0,1.0,2.0,1.0
fun,mario,mmMjssLU,2,AI,3.0,1.0,-2.0,3.0,1.0,-2.0
fun,mario,mmMjssLU,3,AI,2.0,2.0,0.0,2.0,2.0,0.0
fun,mario,mmMjssLU,4,AI,3.0,1.0,-2.0,3.0,1.0,-2.0
fun,mario,mmMjssLU,5,AI,3.0,1.0,-2.0,3.0,1.0,-2.0
fun,mario,mmMjssLU,6,AI,1.0,2.0,1.0,1.0,2.0,1.0
fun,mario,mmMjssLU,7,AI,4.0,3.0,-1.0,4.0,3.0,-1.0
fun,mario,mmMjssLU,8,AI,3.0,1.0,-2.0,3.0,1.0,-2.0
fun,mario,mmMjssLU,9,AI,1.0,3.0,2.0,1.0,3.0,2.0
fun,mario,mmMjssLU,10,AI,3.0,2.0,-1.0,3.0,2.0,-1.0
fun,mario,mmMjssLU,11,AI,4.0,2.0,-2.0,4.0,2.0,-2.0
fun,mario,mmMjssLU,12,AI,1.0,1.0,0.0,1.0,1.0,0.0
fun,mario,mmMjssLU,13,AI,3.0,1.0,-2.0,3.0,1.0,-2.0
fun,mario,mmMjssLU,14,AI,2.0,2.0,0.0,2.0,2.0,0.0
fun,mario,mmMjssLU,15,AI,3.0,2.0,-1.0,3.0,2.0,-1.0
fun,mario,mmMjssLU,16,AI,2.0,2.0,0.0,2.0,2.0,0.0
fun,mario,mmMjssLU,17,AI,3.0,1.0,-2.0,3.0,1.0,-2.0
fun,mario,mmMjssLU,18,AI,3.0,2.0,-1.0,3.0,2.0,-1.0
fun,mario,mmMjssLU,19,AI,2.0,2.0,0.0,2.0,2.0,0.0
fun,mario,mmMjssLU,20,AI,1.0,4.0,3.0,1.0,4.0,3.0
fun,mario,oGL3xUR2,1,Human,2.0,1.0,-1.0,2.0,1.0,-1.0
fun,mario,oGL3xUR2,2,Human,2.0,2.0,0.0,2.0,2.0,0.0
fun,mario,oGL3xUR2,3,Human,2.0,1.0,-1.0,2.0,1.0,-1.0
fun,mario,oGL3xUR2,4,Human,2.0,1.0,-1.0,2.0,1.0,-1.0
fun,mario,oGL3xUR2,5,Human,1.0,1.0,0.0,1.0,1.0,0.0
fun,mario,oGL3xUR2,6,Human,1.0,1.0,0.0,1.0,1.0,0.0
fun,mario,oGL3xUR2,7,Human,2.0,1.0,-1.0,2.0,1.0,-1.0
fun,mario,oGL3xUR2,8,Human,2.0,1.0,-1.0,2.0,1.0,-1.0
fun,mario,oGL3xUR2,9,Human,1.0,1.0,0.0,1.0,1.0,0.0
fun,mario,oGL3xUR2,10,Human,2.0,1.0,-1.0,2.0,1.0,-1.0
fun,mario,oGL3xUR2,11,Human,1.0,2.0,1.0,1.0,2.0,1.0
fun,mario,oGL3xUR2,12,Human,3.0,1.0,-2.0,3.0,1.0,-2.0
fun,mario,oGL3xUR2,13,Human,1.0,1.0,0.0,1.0,1.0,0.0
fun,mario,oGL3xUR2,14,Human,1.0,1.0,0.0,1.0,1.0,0.0
fun,mario,oGL3xUR2,15,Human,4.0,1.0,-3.0,4.0,1.0,-3.0
fun,mario,oGL3xUR2,16,Human,1.0,1.0,0.0,1.0,1.0,0.0
fun,mario,oGL3xUR2,17,Human,2.0,2.0,0.0,2.0,2.0,0.0
fun,mario,oGL3xUR2,18,Human,1.0,1.0,0.0,1.0,1.0,0.0
fun,mario,oGL3xUR2,19,Human,2.0,1.0,-1.0,2.0,1.0,-1.0
fun,mario,oGL3xUR2,20,Human,1.0,2.0,1.0,1.0,2.0,1.0
fun,mario,pY9KB33X,1,Human,3.0,3.0,0.0,3.0,3.0,0.0
fun,mario,pY9KB33X,2,Human,3.0,3.0,0.0,3.0,3.0,0.0
fun,mario,pY9KB33X,3,Human,3.0,1.0,-2.0,3.0,1.0,-2.0
fun,mario,pY9KB33X,4,Human,4.0,2.0,-2.0,4.0,2.0,-2.0
fun,mario,pY9KB33X,5,Human,2.0,2.0,0.0,2.0,2.0,0.0
fun,mario,pY9KB33X,6,Human,4.0,2.0,-2.0,4.0,2.0,-2.0
fun,mario,pY9KB33X,7,Human,1.0,2.0,1.0,1.0,2.0,1.0
fun,mario,pY9KB33X,8,Human,1.0,2.0,1.0,1.0,2.0,1.0
fun,mario,pY9KB33X,9,Human,1.0,2.0,1.0,1.0,2.0,1.0
fun,mario,pY9KB33X,10,Human,1.0,3.0,2.0,1.0,3.0,2.0
fun,mario,pY9KB33X,11,Human,3.0,3.0,0.0,3.0,3.0,0.0
fun,mario,pY9KB33X,12,Human,1.0,4.0,3.0,1.0,4.0,3.0
fun,mario,pY9KB33X,13,Human,2.0,3.0,1.0,2.0,3.0,1.0
fun,mario,pY9KB33X,14,Human,2.0,3.0,1.0,2.0,3.0,1.0
fun,mario,pY9KB33X,15,Human,3.0,2.0,-1.0,3.0,2.0,-1.0
fun,mario,pY9KB33X,16,Human,3.0,2.0,-1.0,3.0,2.0,-1.0
fun,mario,pY9KB33X,17,Human,3.0,3.0,0.0,3.0,3.0,0.0
fun,mario,pY9KB33X,18,Human,2.0,2.0,0.0,2.0,2.0,0.0
fun,mario,pY9KB33X,19,Human,3.0,2.0,-1.0,3.0,2.0,-1.0
fun,mario,pY9KB33X,20,Human,1.0,1.0,0.0,1.0,1.0,0.0
fun,mario,tMYRotFs,1,Human,2.0,1.0,-1.0,2.0,1.0,-1.0
fun,mario,tMYRotFs,2,Human,1.0,2.0,1.0,1.0,2.0,1.0
fun,mario,tMYRotFs,3,Human,4.0,1.0,-3.0,4.0,1.0,-3.0
fun,mario,tMYRotFs,4,Human,3.0,1.0,-2.0,3.0,1.0,-2.0
fun,mario,tMYRotFs,5,Human,3.0,1.0,-2.0,3.0,1.0,-2.0
fun,mario,tMYRotFs,6,Human,3.0,1.0,-2.0,3.0,1.0,-2.0
fun,mario,tMYRotFs,7,Human,3.0,1.0,-2.0,3.0,1.0,-2.0
fun,mario,tMYRotFs,8,Human,1.0,1.0,0.0,1.0,1.0,0.0
fun,mario,tMYRotFs,9,Human,3.0,1.0,-2.0,3.0,1.0,-2.0
fun,mario,tMYRotFs,10,Human,1.0,1.0,0.0,1.0,1.0,0.0
fun,mario,tMYRotFs,11,Human,1.0,1.0,0.0,1.0,1.0,0.0
fun,mario,tMYRotFs,12,Human,2.0,1.0,-1.0,2.0,1.0,-1.0
fun,mario,tMYRotFs,13,Human,2.0,1.0,-1.0,2.0,1.0,-1.0
fun,mario,tMYRotFs,14,Human,1.0,2.0,1.0,1.0,2.0,1.0
fun,mario,tMYRotFs,15,Human,1.0,2.0,1.0,1.0,2.0,1.0
fun,mario,tMYRotFs,16,Human,2.0,1.0,-1.0,2.0,1.0,-1.0
fun,mario,tMYRotFs,17,Human,1.0,2.0,1.0,1.0,2.0,1.0
fun,mario,tMYRotFs,18,Human,2.0,1.0,-1.0,2.0,1.0,-1.0
fun,mario,tMYRotFs,19,Human,2.0,3.0,1.0,2.0,3.0,1.0
fun,mario,tMYRotFs,20,Human,1.0,2.0,1.0,1.0,2.0,1.0
fun,mario,ueNqeTXa,1,AI,1.0,1.0,0.0,1.0,1.0,0.0
fun,mario,ueNqeTXa,2,AI,2.0,1.0,-1.0,2.0,1.0,-1.0
fun,mario,ueNqeTXa,3,AI,1.0,1.0,0.0,1.0,1.0,0.0
fun,mario,ueNqeTXa,4,AI,1.0,2.0,1.0,1.0,2.0,1.0
fun,mario,ueNqeTXa,5,AI,1.0,3.0,2.0,1.0,3.0,2.0
fun,mario,ueNqeTXa,6,AI,4.0,1.0,-3.0,4.0,1.0,-3.0
fun,mario,ueNqeTXa,7,AI,1.0,2.0,1.0,1.0,2.0,1.0
fun,mario,ueNqeTXa,8,AI,1.0,1.0,0.0,1.0,1.0,0.0
fun,mario,ueNqeTXa,9,AI,2.0,2.0,0.0,2.0,2.0,0.0
fun,mario,ueNqeTXa,10,AI,1.0,1.0,0.0,1.0,1.0,0.0
fun,mario,ueNqeTXa,11,AI,1.0,2.0,1.0,1.0,2.0,1.0
fun,mario,ueNqeTXa,12,AI,3.0,3.0,0.0,3.0,3.0,0.0
fun,mario,ueNqeTXa,13,AI,2.0,1.0,-1.0,2.0,1.0,-1.0
fun,mario,ueNqeTXa,14,AI,1.0,2.0,1.0,1.0,2.0,1.0
fun,mario,ueNqeTXa,15,AI,1.0,3.0,2.0,1.0,3.0,2.0
fun,mario,ueNqeTXa,16,AI,1.0,1.0,0.0,1.0,1.0,0.0
fun,mario,ueNqeTXa,17,AI,2.0,1.0,-1.0,2.0,1.0,-1.0
fun,mario,ueNqeTXa,18,AI,1.0,1.0,0.0,1.0,1.0,0.0
fun,mario,ueNqeTXa,19,AI,1.0,1.0,0.0,1.0,1.0,0.0
fun,mario,ueNqeTXa,20,AI,1.0,1.0,0.0,1.0,1.0,0.0
fun,mario,vHybWiYq,1,AI,1.0,3.0,2.0,1.0,3.0,2.0
fun,mario,vHybWiYq,2,AI,3.0,1.0,-2.0,3.0,1.0,-2.0
fun,mario,vHybWiYq,3,AI,1.0,1.0,0.0,1.0,1.0,0.0
fun,mario,vHybWiYq,4,AI,1.0,3.0,2.0,1.0,3.0,2.0
fun,mario,vHybWiYq,5,AI,1.0,1.0,0.0,1.0,1.0,0.0
fun,mario,vHybWiYq,6,AI,3.0,1.0,-2.0,3.0,1.0,-2.0
fun,mario,vHybWiYq,7,AI,1.0,1.0,0.0,1.0,1.0,0.0
fun,mario,vHybWiYq,8,AI,4.0,1.0,-3.0,4.0,1.0,-3.0
fun,mario,vHybWiYq,9,AI,2.0,2.0,0.0,2.0,2.0,0.0
fun,mario,vHybWiYq,10,AI,4.0,1.0,-3.0,4.0,1.0,-3.0
fun,mario,vHybWiYq,11,AI,3.0,1.0,-2.0,3.0,1.0,-2.0
fun,mario,vHybWiYq,12,AI,1.0,1.0,0.0,1.0,1.0,0.0
fun,mario,vHybWiYq,13,AI,1.0,1.0,0.0,1.0,1.0,0.0
fun,mario,vHybWiYq,14,AI,1.0,1.0,0.0,1.0,1.0,0.0
fun,mario,vHybWiYq,15,AI,3.0,1.0,-2.0,3.0,1.0,-2.0
fun,mario,vHybWiYq,16,AI,3.0,1.0,-2.0,3.0,1.0,-2.0
fun,mario,vHybWiYq,17,AI,1.0,1.0,0.0,1.0,1.0,0.0
fun,mario,vHybWiYq,18,AI,1.0,2.0,1.0,1.0,2.0,1.0
fun,mario,vHybWiYq,19,AI,1.0,1.0,0.0,1.0,1.0,0.0
fun,mario,vHybWiYq,20,AI,4.0,1.0,-3.0,4.0,1.0,-3.0
fun,mario,x3V9NLQt,1,Human,3.0,3.0,0.0,3.0,3.0,0.0
fun,mario,x3V9NLQt,2,Human,4.0,4.0,0.0,4.0,4.0,0.0
fun,mario,x3V9NLQt,3,Human,4.0,3.0,-1.0,4.0,3.0,-1.0
fun,mario,x3V9NLQt,4,Human,3.0,3.0,0.0,3.0,3.0,0.0
fun,mario,x3V9NLQt,5,Human,3.0,2.0,-1.0,3.0,2.0,-1.0
fun,mario,x3V9NLQt,6,Human,2.0,3.0,1.0,2.0,3.0,1.0
fun,mario,x3V9NLQt,7,Human,3.0,3.0,0.0,3.0,3.0,0.0
fun,mario,x3V9NLQt,8,Human,3.0,3.0,0.0,3.0,3.0,0.0
fun,mario,x3V9NLQt,9,Human,3.0,3.0,0.0,3.0,3.0,0.0
fun,mario,x3V9NLQt,10,Human,3.0,2.0,-1.0,3.0,2.0,-1.0
fun,mario,x3V9NLQt,11,Human,3.0,3.0,0.0,3.0,3.0,0.0
fun,mario,x3V9NLQt,12,Human,3.0,3.0,0.0,3.0,3.0,0.0
fun,mario,x3V9NLQt,13,Human,3.0,1.0,-2.0,3.0,1.0,-2.0
fun,mario,x3V9NLQt,14,Human,3.0,3.0,0.0,3.0,3.0,0.0
fun,mario,x3V9NLQt,15,Human,3.0,3.0,0.0,3.0,3.0,0.0
fun,mario,x3V9NLQt,16,Human,3.0,3.0,0.0,3.0,3.0,0.0
fun,mario,x3V9NLQt,17,Human,2.0,3.0,1.0,2.0,3.0,1.0
fun,mario,x3V9NLQt,18,Human,2.0,3.0,1.0,2.0,3.0,1.0
fun,mario,x3V9NLQt,19,Human,3.0,3.0,0.0,3.0,3.0,0.0
fun,mario,x3V9NLQt,20,Human,2.0,3.0,1.0,2.0,3.0,1.0
fun,mario,xYnV8Xi7,1,AI,1.0,1.0,0.0,1.0,1.0,0.0
fun,mario,xYnV8Xi7,2,AI,1.0,1.0,0.0,1.0,1.0,0.0
fun,mario,xYnV8Xi7,3,AI,1.0,1.0,0.0,1.0,1.0,0.0
fun,mario,xYnV8Xi7,4,AI,1.0,1.0,0.0,1.0,1.0,0.0
fun,mario,xYnV8Xi7,5,AI,1.0,1.0,0.0,1.0,1.0,0.0
fun,mario,xYnV8Xi7,6,AI,1.0,1.0,0.0,1.0,1.0,0.0
fun,mario,xYnV8Xi7,7,AI,1.0,1.0,0.0,1.0,1.0,0.0
fun,mario,xYnV8Xi7,8,AI,1.0,1.0,0.0,1.0,1.0,0.0
fun,mario,xYnV8Xi7,9,AI,1.0,1.0,0.0,1.0,1.0,0.0
fun,mario,xYnV8Xi7,10,AI,1.0,1.0,0.0,1.0,1.0,0.0
fun,mario,xYnV8Xi7,11,AI,1.0,1.0,0.0,1.0,1.0,0.0
fun,mario,xYnV8Xi7,12,AI,1.0,1.0,0.0,1.0,1.0,0.0
fun,mario,xYnV8Xi7,13,AI,1.0,1.0,0.0,1.0,1.0,0.0
fun,mario,xYnV8Xi7,14,AI,1.0,1.0,0.0,1.0,1.0,0.0
fun,mario,xYnV8Xi7,15,AI,1.0,1.0,0.0,1.0,1.0,0.0
fun,mario,xYnV8Xi7,16,AI,1.0,1.0,0.0,1.0,1.0,0.0
fun,mario,xYnV8Xi7,17,AI,1.0,1.0,0.0,1.0,1.0,0.0
fun,mario,xYnV8Xi7,18,AI,1.0,1.0,0.0,1.0,1.0,0.0
fun,mario,xYnV8Xi7,19,AI,1.0,1.0,0.0,1.0,1.0,0.0
fun,mario,xYnV8Xi7,20,AI,1.0,1.0,0.0,1.0,1.0,0.0
fun,mario,yAXhWaGh,1,Human,1.0,1.0,0.0,1.0,1.0,0.0
fun,mario,yAXhWaGh,2,Human,1.0,1.0,0.0,1.0,1.0,0.0
fun,mario,yAXhWaGh,3,Human,1.0,1.0,0.0,1.0,1.0,0.0
fun,mario,yAXhWaGh,4,Human,2.0,1.0,-1.0,2.0,1.0,-1.0
fun,mario,yAXhWaGh,5,Human,1.0,1.0,0.0,1.0,1.0,0.0
fun,mario,yAXhWaGh,6,Human,1.0,1.0,0.0,1.0,1.0,0.0
fun,mario,yAXhWaGh,7,Human,1.0,1.0,0.0,1.0,1.0,0.0
fun,mario,yAXhWaGh,8,Human,1.0,1.0,0.0,1.0,1.0,0.0
fun,mario,yAXhWaGh,9,Human,1.0,1.0,0.0,1.0,1.0,0.0
fun,mario,yAXhWaGh,10,Human,1.0,1.0,0.0,1.0,1.0,0.0
fun,mario,yAXhWaGh,11,Human,1.0,2.0,1.0,1.0,2.0,1.0
fun,mario,yAXhWaGh,12,Human,1.0,1.0,0.0,1.0,1.0,0.0
fun,mario,yAXhWaGh,13,Human,1.0,1.0,0.0,1.0,1.0,0.0
fun,mario,yAXhWaGh,14,Human,1.0,1.0,0.0,1.0,1.0,0.0
fun,mario,yAXhWaGh,15,Human,1.0,1.0,0.0,1.0,1.0,0.0
fun,mario,yAXhWaGh,16,Human,1.0,1.0,0.0,1.0,1.0,0.0
fun,mario,yAXhWaGh,17,Human,1.0,1.0,0.0,1.0,1.0,0.0
fun,mario,yAXhWaGh,18,Human,1.0,1.0,0.0,1.0,1.0,0.0
fun,mario,yAXhWaGh,19,Human,1.0,1.0,0.0,1.0,1.0,0.0
fun,mario,yAXhWaGh,20,Human,1.0,1.0,0.0,1.0,1.0,0.0
fun,sokoban,2v2qgbvC,1,Human,2.0,1.0,-1.0,2.0,1.0,-1.0
fun,sokoban,2v2qgbvC,2,Human,3.0,2.0,-1.0,3.0,2.0,-1.0
fun,sokoban,2v2qgbvC,3,Human,2.0,2.0,0.0,2.0,2.0,0.0
fun,sokoban,2v2qgbvC,4,Human,2.0,1.0,-1.0,2.0,1.0,-1.0
fun,sokoban,2v2qgbvC,5,Human,1.0,1.0,0.0,1.0,1.0,0.0
fun,sokoban,2v2qgbvC,6,Human,2.0,2.0,0.0,2.0,2.0,0.0
fun,sokoban,2v2qgbvC,7,Human,1.0,1.0,0.0,1.0,1.0,0.0
fun,sokoban,2v2qgbvC,8,Human,1.0,1.0,0.0,1.0,1.0,0.0
fun,sokoban,2v2qgbvC,9,Human,2.0,2.0,0.0,2.0,2.0,0.0
fun,sokoban,2v2qgbvC,10,Human,3.0,2.0,-1.0,3.0,2.0,-1.0
fun,sokoban,2v2qgbvC,11,Human,1.0,1.0,0.0,1.0,1.0,0.0
fun,sokoban,2v2qgbvC,12,Human,1.0,2.0,1.0,1.0,2.0,1.0
fun,sokoban,2v2qgbvC,13,Human,2.0,2.0,0.0,2.0,2.0,0.0
fun,sokoban,2v2qgbvC,14,Human,2.0,1.0,-1.0,2.0,1.0,-1.0
fun,sokoban,2v2qgbvC,15,Human,2.0,3.0,1.0,2.0,3.0,1.0
fun,sokoban,2v2qgbvC,16,Human,1.0,1.0,0.0,1.0,1.0,0.0
fun,sokoban,2v2qgbvC,17,Human,2.0,2.0,0.0,2.0,2.0,0.0
fun,sokoban,2v2qgbvC,18,Human,2.0,2.0,0.0,2.0,2.0,0.0
fun,sokoban,2v2qgbvC,19,Human,1.0,1.0,0.0,1.0,1.0,0.0
fun,sokoban,2v2qgbvC,20,Human,1.0,1.0,0.0,1.0,1.0,0.0
fun,sokoban,3xtQxBWH,1,Human,3.0,3.0,0.0,3.0,3.0,0.0
fun,sokoban,3xtQxBWH,2,Human,4.0,2.0,-2.0,4.0,2.0,-2.0
fun,sokoban,3xtQxBWH,3,Human,3.0,2.0,-1.0,3.0,2.0,-1.0
fun,sokoban,3xtQxBWH,4,Human,3.0,3.0,0.0,3.0,3.0,0.0
fun,sokoban,3xtQxBWH,5,Human,4.0,4.0,0.0,4.0,4.0,0.0
fun,sokoban,3xtQxBWH,6,Human,4.0,4.0,0.0,4.0,4.0,0.0
fun,sokoban,3xtQxBWH,7,Human,4.0,3.0,-1.0,4.0,3.0,-1.0
fun,sokoban,3xtQxBWH,8,Human,4.0,3.0,-1.0,4.0,3.0,-1.0
fun,sokoban,3xtQxBWH,9,Human,4.0,3.0,-1.0,4.0,3.0,-1.0
fun,sokoban,3xtQxBWH,10,Human,3.0,4.0,1.0,3.0,4.0,1.0
fun,sokoban,3xtQxBWH,11,Human,4.0,4.0,0.0,4.0,4.0,0.0
fun,sokoban,3xtQxBWH,12,Human,4.0,2.0,-2.0,4.0,2.0,-2.0
fun,sokoban,3xtQxBWH,13,Human,4.0,4.0,0.0,4.0,4.0,0.0
fun,sokoban,3xtQxBWH,14,Human,4.0,3.0,-1.0,4.0,3.0,-1.0
fun,sokoban,3xtQxBWH,15,Human,3.0,3.0,0.0,3.0,3.0,0.0
fun,sokoban,3xtQxBWH,16,Human,4.0,3.0,-1.0,4.0,3.0,-1.0
fun,sokoban,3xtQxBWH,17,Human,3.0,4.0,1.0,3.0,4.0,1.0
fun,sokoban,3xtQxBWH,18,Human,3.0,3.0,0.0,3.0,3.0,0.0
fun,sokoban,3xtQxBWH,19,Human,4.0,4.0,0.0,4.0,4.0,0.0
fun,sokoban,3xtQxBWH,20,Human,4.0,3.0,-1.0,4.0,3.0,-1.0
fun,sokoban,5Au4nrI2,1,Human,4.0,3.0,-1.0,4.0,3.0,-1.0
fun,sokoban,5Au4nrI2,2,Human,3.0,4.0,1.0,3.0,4.0,1.0
fun,sokoban,5Au4nrI2,3,Human,3.0,3.0,0.0,3.0,3.0,0.0
fun,sokoban,5Au4nrI2,4,Human,4.0,4.0,0.0,4.0,4.0,0.0
fun,sokoban,5Au4nrI2,5,Human,4.0,3.0,-1.0,4.0,3.0,-1.0
fun,sokoban,5Au4nrI2,6,Human,4.0,2.0,-2.0,4.0,2.0,-2.0
fun,sokoban,5Au4nrI2,7,Human,3.0,2.0,-1.0,3.0,2.0,-1.0
fun,sokoban,5Au4nrI2,8,Human,3.0,3.0,0.0,3.0,3.0,0.0
fun,sokoban,5Au4nrI2,9,Human,4.0,3.0,-1.0,4.0,3.0,-1.0
fun,sokoban,5Au4nrI2,10,Human,4.0,2.0,-2.0,4.0,2.0,-2.0
fun,sokoban,5Au4nrI2,11,Human,3.0,3.0,0.0,3.0,3.0,0.0
fun,sokoban,5Au4nrI2,12,Human,2.0,3.0,1.0,2.0,3.0,1.0
fun,sokoban,5Au4nrI2,13,Human,4.0,3.0,-1.0,4.0,3.0,-1.0
fun,sokoban,5Au4nrI2,14,Human,3.0,3.0,0.0,3.0,3.0,0.0
fun,sokoban,5Au4nrI2,15,Human,2.0,3.0,1.0,2.0,3.0,1.0
fun,sokoban,5Au4nrI2,16,Human,2.0,3.0,1.0,2.0,3.0,1.0
fun,sokoban,5Au4nrI2,17,Human,4.0,3.0,-1.0,4.0,3.0,-1.0
fun,sokoban,5Au4nrI2,18,Human,2.0,3.0,1.0,2.0,3.0,1.0
fun,sokoban,5Au4nrI2,19,Human,4.0,3.0,-1.0,4.0,3.0,-1.0
fun,sokoban,5Au4nrI2,20,Human,2.0,2.0,0.0,2.0,2.0,0.0
fun,sokoban,5iXJGqnK,1,AI,4.0,3.0,-1.0,4.0,3.0,-1.0
fun,sokoban,5iXJGqnK,2,AI,4.0,2.0,-2.0,4.0,2.0,-2.0
fun,sokoban,5iXJGqnK,3,AI,2.0,3.0,1.0,2.0,3.0,1.0
fun,sokoban,5iXJGqnK,4,AI,2.0,4.0,2.0,2.0,4.0,2.0
fun,sokoban,5iXJGqnK,5,AI,4.0,3.0,-1.0,4.0,3.0,-1.0
fun,sokoban,5iXJGqnK,6,AI,3.0,4.0,1.0,3.0,4.0,1.0
fun,sokoban,5iXJGqnK,7,AI,4.0,3.0,-1.0,4.0,3.0,-1.0
fun,sokoban,5iXJGqnK,8,AI,3.0,2.0,-1.0,3.0,2.0,-1.0
fun,sokoban,5iXJGqnK,9,AI,4.0,4.0,0.0,4.0,4.0,0.0
fun,sokoban,5iXJGqnK,10,AI,4.0,4.0,0.0,4.0,4.0,0.0
fun,sokoban,5iXJGqnK,11,AI,4.0,4.0,0.0,4.0,4.0,0.0
fun,sokoban,5iXJGqnK,12,AI,3.0,3.0,0.0,3.0,3.0,0.0
fun,sokoban,5iXJGqnK,13,AI,4.0,2.0,-2.0,4.0,2.0,-2.0
fun,sokoban,5iXJGqnK,14,AI,3.0,3.0,0.0,3.0,3.0,0.0
fun,sokoban,5iXJGqnK,15,AI,4.0,3.0,-1.0,4.0,3.0,-1.0
fun,sokoban,5iXJGqnK,16,AI,4.0,3.0,-1.0,4.0,3.0,-1.0
fun,sokoban,5iXJGqnK,17,AI,4.0,3.0,-1.0,4.0,3.0,-1.0
fun,sokoban,5iXJGqnK,18,AI,3.0,4.0,1.0,3.0,4.0,1.0
fun,sokoban,5iXJGqnK,19,AI,3.0,4.0,1.0,3.0,4.0,1.0
fun,sokoban,5iXJGqnK,20,AI,4.0,2.0,-2.0,4.0,2.0,-2.0
fun,sokoban,73sJaNBn,1,Human,3.0,3.0,0.0,3.0,3.0,0.0
fun,sokoban,73sJaNBn,2,Human,3.0,4.0,1.0,3.0,4.0,1.0
fun,sokoban,73sJaNBn,3,Human,2.0,3.0,1.0,2.0,3.0,1.0
fun,sokoban,73sJaNBn,4,Human,3.0,2.0,-1.0,3.0,2.0,-1.0
fun,sokoban,73sJaNBn,5,Human,3.0,1.0,-2.0,3.0,1.0,-2.0
fun,sokoban,73sJaNBn,6,Human,3.0,2.0,-1.0,3.0,2.0,-1.0
fun,sokoban,73sJaNBn,7,Human,2.0,1.0,-1.0,2.0,1.0,-1.0
fun,sokoban,73sJaNBn,8,Human,2.0,2.0,0.0,2.0,2.0,0.0
fun,sokoban,73sJaNBn,9,Human,3.0,2.0,-1.0,3.0,2.0,-1.0
fun,sokoban,73sJaNBn,10,Human,3.0,3.0,0.0,3.0,3.0,0.0
fun,sokoban,73sJaNBn,11,Human,4.0,2.0,-2.0,4.0,2.0,-2.0
fun,sokoban,73sJaNBn,12,Human,4.0,3.0,-1.0,4.0,3.0,-1.0
fun,sokoban,73sJaNBn,13,Human,3.0,2.0,-1.0,3.0,2.0,-1.0
fun,sokoban,73sJaNBn,14,Human,4.0,2.0,-2.0,4.0,2.0,-2.0
fun,sokoban,73sJaNBn,15,Human,2.0,3.0,1.0,2.0,3.0,1.0
fun,sokoban,73sJaNBn,16,Human,2.0,3.0,1.0,2.0,3.0,1.0
fun,sokoban,73sJaNBn,17,Human,3.0,3.0,0.0,3.0,3.0,0.0
fun,sokoban,73sJaNBn,18,Human,2.0,2.0,0.0,2.0,2.0,0.0
fun,sokoban,73sJaNBn,19,Human,4.0,2.0,-2.0,4.0,2.0,-2.0
fun,sokoban,73sJaNBn,20,Human,4.0,2.0,-2.0,4.0,2.0,-2.0
fun,sokoban,79DSy6TF,1,AI,3.0,2.0,-1.0,3.0,2.0,-1.0
fun,sokoban,79DSy6TF,2,AI,1.0,2.0,1.0,1.0,2.0,1.0
fun,sokoban,79DSy6TF,3,AI,3.0,2.0,-1.0,3.0,2.0,-1.0
fun,sokoban,79DSy6TF,4,AI,1.0,1.0,0.0,1.0,1.0,0.0
fun,sokoban,79DSy6TF,5,AI,1.0,2.0,1.0,1.0,2.0,1.0
fun,sokoban,79DSy6TF,6,AI,1.0,1.0,0.0,1.0,1.0,0.0
fun,sokoban,79DSy6TF,7,AI,1.0,3.0,2.0,1.0,3.0,2.0
fun,sokoban,79DSy6TF,8,AI,2.0,1.0,-1.0,2.0,1.0,-1.0
fun,sokoban,79DSy6TF,9,AI,1.0,3.0,2.0,1.0,3.0,2.0
fun,sokoban,79DSy6TF,10,AI,1.0,2.0,1.0,1.0,2.0,1.0
fun,sokoban,79DSy6TF,11,AI,2.0,1.0,-1.0,2.0,1.0,-1.0
fun,sokoban,79DSy6TF,12,AI,1.0,1.0,0.0,1.0,1.0,0.0
fun,sokoban,79DSy6TF,13,AI,1.0,1.0,0.0,1.0,1.0,0.0
fun,sokoban,79DSy6TF,14,AI,1.0,3.0,2.0,1.0,3.0,2.0
fun,sokoban,79DSy6TF,15,AI,1.0,1.0,0.0,1.0,1.0,0.0
fun,sokoban,79DSy6TF,16,AI,1.0,1.0,0.0,1.0,1.0,0.0
fun,sokoban,79DSy6TF,17,AI,2.0,1.0,-1.0,2.0,1.0,-1.0
fun,sokoban,79DSy6TF,18,AI,1.0,2.0,1.0,1.0,2.0,1.0
fun,sokoban,79DSy6TF,19,AI,1.0,3.0,2.0,1.0,3.0,2.0
fun,sokoban,79DSy6TF,20,AI,1.0,3.0,2.0,1.0,3.0,2.0
fun,sokoban,7V2mu5KA,1,Human,4.0,3.0,-1.0,4.0,3.0,-1.0
fun,sokoban,7V2mu5KA,2,Human,4.0,1.0,-3.0,4.0,1.0,-3.0
fun,sokoban,7V2mu5KA,3,Human,4.0,4.0,0.0,4.0,4.0,0.0
fun,sokoban,7V2mu5KA,4,Human,4.0,3.0,-1.0,4.0,3.0,-1.0
fun,sokoban,7V2mu5KA,5,Human,3.0,1.0,-2.0,3.0,1.0,-2.0
fun,sokoban,7V2mu5KA,6,Human,4.0,2.0,-2.0,4.0,2.0,-2.0
fun,sokoban,7V2mu5KA,7,Human,2.0,1.0,-1.0,2.0,1.0,-1.0
fun,sokoban,7V2mu5KA,8,Human,4.0,3.0,-1.0,4.0,3.0,-1.0
fun,sokoban,7V2mu5KA,9,Human,3.0,3.0,0.0,3.0,3.0,0.0
fun,sokoban,7V2mu5KA,10,Human,4.0,3.0,-1.0,4.0,3.0,-1.0
fun,sokoban,7V2mu5KA,11,Human,3.0,3.0,0.0,3.0,3.0,0.0
fun,sokoban,7V2mu5KA,12,Human,4.0,2.0,-2.0,4.0,2.0,-2.0
fun,sokoban,7V2mu5KA,13,Human,3.0,2.0,-1.0,3.0,2.0,-1.0
fun,sokoban,7V2mu5KA,14,Human,4.0,2.0,-2.0,4.0,2.0,-2.0
fun,sokoban,7V2mu5KA,15,Human,4.0,2.0,-2.0,4.0,2.0,-2.0
fun,sokoban,7V2mu5KA,16,Human,3.0,1.0,-2.0,3.0,1.0,-2.0
fun,sokoban,7V2mu5KA,17,Human,4.0,3.0,-1.0,4.0,3.0,-1.0
fun,sokoban,7V2mu5KA,18,Human,4.0,2.0,-2.0,4.0,2.0,-2.0
fun,sokoban,7V2mu5KA,19,Human,4.0,4.0,0.0,4.0,4.0,0.0
fun,sokoban,7V2mu5KA,20,Human,4.0,3.0,-1.0,4.0,3.0,-1.0
fun,sokoban,8Ua6YU1D,1,Human,2.0,2.0,0.0,2.0,2.0,0.0
fun,sokoban,8Ua6YU1D,2,Human,1.0,1.0,0.0,1.0,1.0,0.0
fun,sokoban,8Ua6YU1D,3,Human,4.0,1.0,-3.0,4.0,1.0,-3.0
fun,sokoban,8Ua6YU1D,4,Human,1.0,1.0,0.0,1.0,1.0,0.0
fun,sokoban,8Ua6YU1D,5,Human,1.0,2.0,1.0,1.0,2.0,1.0
fun,sokoban,8Ua6YU1D,6,Human,2.0,1.0,-1.0,2.0,1.0,-1.0
fun,sokoban,8Ua6YU1D,7,Human,1.0,1.0,0.0,1.0,1.0,0.0
fun,sokoban,8Ua6YU1D,8,Human,2.0,2.0,0.0,2.0,2.0,0.0
fun,sokoban,8Ua6YU1D,9,Human,4.0,2.0,-2.0,4.0,2.0,-2.0
fun,sokoban,8Ua6YU1D,10,Human,2.0,2.0,0.0,2.0,2.0,0.0
fun,sokoban,8Ua6YU1D,11,Human,4.0,2.0,-2.0,4.0,2.0,-2.0
fun,sokoban,8Ua6YU1D,12,Human,1.0,3.0,2.0,1.0,3.0,2.0
fun,sokoban,8Ua6YU1D,13,Human,1.0,1.0,0.0,1.0,1.0,0.0
fun,sokoban,8Ua6YU1D,14,Human,4.0,1.0,-3.0,4.0,1.0,-3.0
fun,sokoban,8Ua6YU1D,15,Human,2.0,2.0,0.0,2.0,2.0,0.0
fun,sokoban,8Ua6YU1D,16,Human,2.0,1.0,-1.0,2.0,1.0,-1.0
fun,sokoban,8Ua6YU1D,17,Human,1.0,1.0,0.0,1.0,1.0,0.0
fun,sokoban,8Ua6YU1D,18,Human,2.0,2.0,0.0,2.0,2.0,0.0
fun,sokoban,8Ua6YU1D,19,Human,1.0,2.0,1.0,1.0,2.0,1.0
fun,sokoban,8Ua6YU1D,20,Human,2.0,1.0,-1.0,2.0,1.0,-1.0
fun,sokoban,H77pn4iQ,1,AI,4.0,3.0,-1.0,4.0,3.0,-1.0
fun,sokoban,H77pn4iQ,2,AI,4.0,2.0,-2.0,4.0,2.0,-2.0
fun,sokoban,H77pn4iQ,3,AI,4.0,4.0,0.0,4.0,4.0,0.0
fun,sokoban,H77pn4iQ,4,AI,4.0,3.0,-1.0,4.0,3.0,-1.0
fun,sokoban,H77pn4iQ,5,AI,4.0,3.0,-1.0,4.0,3.0,-1.0
fun,sokoban,H77pn4iQ,6,AI,3.0,4.0,1.0,3.0,4.0,1.0
fun,sokoban,H77pn4iQ,7,AI,4.0,3.0,-1.0,4.0,3.0,-1.0
fun,sokoban,H77pn4iQ,8,AI,4.0,3.0,-1.0,4.0,3.0,-1.0
fun,sokoban,H77pn4iQ,9,AI,4.0,4.0,0.0,4.0,4.0,0.0
fun,sokoban,H77pn4iQ,10,AI,4.0,3.0,-1.0,4.0,3.0,-1.0
fun,sokoban,H77pn4iQ,11,AI,4.0,3.0,-1.0,4.0,3.0,-1.0
fun,sokoban,H77pn4iQ,12,AI,4.0,4.0,0.0,4.0,4.0,0.0
fun,sokoban,H77pn4iQ,13,AI,4.0,4.0,0.0,4.0,4.0,0.0
fun,sokoban,H77pn4iQ,14,AI,4.0,3.0,-1.0,4.0,3.0,-1.0
fun,sokoban,H77pn4iQ,15,AI,4.0,4.0,0.0,4.0,4.0,0.0
fun,sokoban,H77pn4iQ,16,AI,4.0,4.0,0.0,4.0,4.0,0.0
fun,sokoban,H77pn4iQ,17,AI,3.0,4.0,1.0,3.0,4.0,1.0
fun,sokoban,H77pn4iQ,18,AI,4.0,3.0,-1.0,4.0,3.0,-1.0
fun,sokoban,H77pn4iQ,19,AI,3.0,4.0,1.0,3.0,4.0,1.0
fun,sokoban,H77pn4iQ,20,AI,4.0,4.0,0.0,4.0,4.0,0.0
fun,sokoban,HjLVlKx4,1,Human,2.0,2.0,0.0,2.0,2.0,0.0
fun,sokoban,HjLVlKx4,2,Human,3.0,3.0,0.0,3.0,3.0,0.0
fun,sokoban,HjLVlKx4,3,Human,4.0,3.0,-1.0,4.0,3.0,-1.0
fun,sokoban,HjLVlKx4,4,Human,2.0,3.0,1.0,2.0,3.0,1.0
fun,sokoban,HjLVlKx4,5,Human,3.0,2.0,-1.0,3.0,2.0,-1.0
fun,sokoban,HjLVlKx4,6,Human,2.0,1.0,-1.0,2.0,1.0,-1.0
fun,sokoban,HjLVlKx4,7,Human,4.0,3.0,-1.0,4.0,3.0,-1.0
fun,sokoban,HjLVlKx4,8,Human,4.0,2.0,-2.0,4.0,2.0,-2.0
fun,sokoban,HjLVlKx4,9,Human,2.0,2.0,0.0,2.0,2.0,0.0
fun,sokoban,HjLVlKx4,10,Human,2.0,2.0,0.0,2.0,2.0,0.0
fun,sokoban,HjLVlKx4,11,Human,3.0,2.0,-1.0,3.0,2.0,-1.0
fun,sokoban,HjLVlKx4,12,Human,2.0,2.0,0.0,2.0,2.0,0.0
fun,sokoban,HjLVlKx4,13,Human,3.0,3.0,0.0,3.0,3.0,0.0
fun,sokoban,HjLVlKx4,14,Human,2.0,2.0,0.0,2.0,2.0,0.0
fun,sokoban,HjLVlKx4,15,Human,4.0,3.0,-1.0,4.0,3.0,-1.0
fun,sokoban,HjLVlKx4,16,Human,4.0,2.0,-2.0,4.0,2.0,-2.0
fun,sokoban,HjLVlKx4,17,Human,3.0,2.0,-1.0,3.0,2.0,-1.0
fun,sokoban,HjLVlKx4,18,Human,3.0,2.0,-1.0,3.0,2.0,-1.0
fun,sokoban,HjLVlKx4,19,Human,3.0,1.0,-2.0,3.0,1.0,-2.0
fun,sokoban,HjLVlKx4,20,Human,3.0,2.0,-1.0,3.0,2.0,-1.0
fun,sokoban,Iz5BqRyu,1,AI,3.0,3.0,0.0,3.0,3.0,0.0
fun,sokoban,Iz5BqRyu,2,AI,4.0,3.0,-1.0,4.0,3.0,-1.0
fun,sokoban,Iz5BqRyu,3,AI,3.0,4.0,1.0,3.0,4.0,1.0
fun,sokoban,Iz5BqRyu,4,AI,4.0,3.0,-1.0,4.0,3.0,-1.0
fun,sokoban,Iz5BqRyu,5,AI,4.0,3.0,-1.0,4.0,3.0,-1.0
fun,sokoban,Iz5BqRyu,6,AI,4.0,4.0,0.0,4.0,4.0,0.0
fun,sokoban,Iz5BqRyu,7,AI,4.0,3.0,-1.0,4.0,3.0,-1.0
fun,sokoban,Iz5BqRyu,8,AI,4.0,4.0,0.0,4.0,4.0,0.0
fun,sokoban,Iz5BqRyu,9,AI,3.0,2.0,-1.0,3.0,2.0,-1.0
fun,sokoban,Iz5BqRyu,10,AI,3.0,2.0,-1.0,3.0,2.0,-1.0
fun,sokoban,Iz5BqRyu,11,AI,3.0,2.0,-1.0,3.0,2.0,-1.0
fun,sokoban,Iz5BqRyu,12,AI,3.0,4.0,1.0,3.0,4.0,1.0
fun,sokoban,Iz5BqRyu,13,AI,3.0,2.0,-1.0,3.0,2.0,-1.0
fun,sokoban,Iz5BqRyu,14,AI,3.0,3.0,0.0,3.0,3.0,0.0
fun,sokoban,Iz5BqRyu,15,AI,4.0,4.0,0.0,4.0,4.0,0.0
fun,sokoban,Iz5BqRyu,16,AI,4.0,2.0,-2.0,4.0,2.0,-2.0
fun,sokoban,Iz5BqRyu,17,AI,4.0,3.0,-1.0,4.0,3.0,-1.0
fun,sokoban,Iz5BqRyu,18,AI,2.0,2.0,0.0,2.0,2.0,0.0
fun,sokoban,Iz5BqRyu,19,AI,3.0,3.0,0.0,3.0,3.0,0.0
fun,sokoban,Iz5BqRyu,20,AI,4.0,2.0,-2.0,4.0,2.0,-2.0
fun,sokoban,LUiVjpMm,1,AI,4.0,2.0,-2.0,4.0,2.0,-2.0
fun,sokoban,LUiVjpMm,2,AI,2.0,3.0,1.0,2.0,3.0,1.0
fun,sokoban,LUiVjpMm,3,AI,1.0,1.0,0.0,1.0,1.0,0.0
fun,sokoban,LUiVjpMm,4,AI,1.0,2.0,1.0,1.0,2.0,1.0
fun,sokoban,LUiVjpMm,5,AI,1.0,2.0,1.0,1.0,2.0,1.0
fun,sokoban,LUiVjpMm,6,AI,2.0,3.0,1.0,2.0,3.0,1.0
fun,sokoban,LUiVjpMm,7,AI,3.0,3.0,0.0,3.0,3.0,0.0
fun,sokoban,LUiVjpMm,8,AI,2.0,1.0,-1.0,2.0,1.0,-1.0
fun,sokoban,LUiVjpMm,9,AI,1.0,1.0,0.0,1.0,1.0,0.0
fun,sokoban,LUiVjpMm,10,AI,2.0,3.0,1.0,2.0,3.0,1.0
fun,sokoban,LUiVjpMm,11,AI,1.0,1.0,0.0,1.0,1.0,0.0
fun,sokoban,LUiVjpMm,12,AI,1.0,2.0,1.0,1.0,2.0,1.0
fun,sokoban,LUiVjpMm,13,AI,2.0,1.0,-1.0,2.0,1.0,-1.0
fun,sokoban,LUiVjpMm,14,AI,2.0,2.0,0.0,2.0,2.0,0.0
fun,sokoban,LUiVjpMm,15,AI,1.0,1.0,0.0,1.0,1.0,0.0
fun,sokoban,LUiVjpMm,16,AI,1.0,1.0,0.0,1.0,1.0,0.0
fun,sokoban,LUiVjpMm,17,AI,1.0,1.0,0.0,1.0,1.0,0.0
fun,sokoban,LUiVjpMm,18,AI,2.0,1.0,-1.0,2.0,1.0,-1.0
fun,sokoban,LUiVjpMm,19,AI,3.0,1.0,-2.0,3.0,1.0,-2.0
fun,sokoban,LUiVjpMm,20,AI,4.0,3.0,-1.0,4.0,3.0,-1.0
fun,sokoban,QUT4qGl2,1,Human,4.0,3.0,-1.0,4.0,3.0,-1.0
fun,sokoban,QUT4qGl2,2,Human,4.0,3.0,-1.0,4.0,3.0,-1.0
fun,sokoban,QUT4qGl2,3,Human,4.0,2.0,-2.0,4.0,2.0,-2.0
fun,sokoban,QUT4qGl2,4,Human,3.0,3.0,0.0,3.0,3.0,0.0
fun,sokoban,QUT4qGl2,5,Human,3.0,3.0,0.0,3.0,3.0,0.0
fun,sokoban,QUT4qGl2,6,Human,4.0,4.0,0.0,4.0,4.0,0.0
fun,sokoban,QUT4qGl2,7,Human,3.0,4.0,1.0,3.0,4.0,1.0
fun,sokoban,QUT4qGl2,8,Human,3.0,4.0,1.0,3.0,4.0,1.0
fun,sokoban,QUT4qGl2,9,Human,3.0,4.0,1.0,3.0,4.0,1.0
fun,sokoban,QUT4qGl2,10,Human,3.0,2.0,-1.0,3.0,2.0,-1.0
fun,sokoban,QUT4qGl2,11,Human,4.0,3.0,-1.0,4.0,3.0,-1.0
fun,sokoban,QUT4qGl2,12,Human,3.0,3.0,0.0,3.0,3.0,0.0
fun,sokoban,QUT4qGl2,13,Human,4.0,4.0,0.0,4.0,4.0,0.0
fun,sokoban,QUT4qGl2,14,Human,4.0,4.0,0.0,4.0,4.0,0.0
fun,sokoban,QUT4qGl2,15,Human,4.0,3.0,-1.0,4.0,3.0,-1.0
fun,sokoban,QUT4qGl2,16,Human,3.0,4.0,1.0,3.0,4.0,1.0
fun,sokoban,QUT4qGl2,17,Human,4.0,3.0,-1.0,4.0,3.0,-1.0
fun,sokoban,QUT4qGl2,18,Human,4.0,3.0,-1.0,4.0,3.0,-1.0
fun,sokoban,QUT4qGl2,19,Human,4.0,3.0,-1.0,4.0,3.0,-1.0
fun,sokoban,QUT4qGl2,20,Human,4.0,3.0,-1.0,4.0,3.0,-1.0
fun,sokoban,QV6Qfb7T,1,AI,4.0,3.0,-1.0,4.0,3.0,-1.0
fun,sokoban,QV6Qfb7T,2,AI,3.0,3.0,0.0,3.0,3.0,0.0
fun,sokoban,QV6Qfb7T,3,AI,3.0,3.0,0.0,3.0,3.0,0.0
fun,sokoban,QV6Qfb7T,4,AI,4.0,3.0,-1.0,4.0,3.0,-1.0
fun,sokoban,QV6Qfb7T,5,AI,4.0,4.0,0.0,4.0,4.0,0.0
fun,sokoban,QV6Qfb7T,6,AI,4.0,3.0,-1.0,4.0,3.0,-1.0
fun,sokoban,QV6Qfb7T,7,AI,4.0,4.0,0.0,4.0,4.0,0.0
fun,sokoban,QV6Qfb7T,8,AI,4.0,3.0,-1.0,4.0,3.0,-1.0
fun,sokoban,QV6Qfb7T,9,AI,4.0,3.0,-1.0,4.0,3.0,-1.0
fun,sokoban,QV6Qfb7T,10,AI,4.0,3.0,-1.0,4.0,3.0,-1.0
fun,sokoban,QV6Qfb7T,11,AI,4.0,3.0,-1.0,4.0,3.0,-1.0
fun,sokoban,QV6Qfb7T,12,AI,2.0,3.0,1.0,2.0,3.0,1.0
fun,sokoban,QV6Qfb7T,13,AI,3.0,2.0,-1.0,3.0,2.0,-1.0
fun,sokoban,QV6Qfb7T,14,AI,4.0,3.0,-1.0,4.0,3.0,-1.0
fun,sokoban,QV6Qfb7T,15,AI,4.0,4.0,0.0,4.0,4.0,0.0
fun,sokoban,QV6Qfb7T,16,AI,5.0,3.0,-2.0,5.0,3.0,-2.0
fun,sokoban,QV6Qfb7T,17,AI,4.0,3.0,-1.0,4.0,3.0,-1.0
fun,sokoban,QV6Qfb7T,18,AI,3.0,3.0,0.0,3.0,3.0,0.0
fun,sokoban,QV6Qfb7T,19,AI,4.0,3.0,-1.0,4.0,3.0,-1.0
fun,sokoban,QV6Qfb7T,20,AI,3.0,3.0,0.0,3.0,3.0,0.0
fun,sokoban,ROciIZDL,1,Human,4.0,2.0,-2.0,4.0,2.0,-2.0
fun,sokoban,ROciIZDL,2,Human,3.0,4.0,1.0,3.0,4.0,1.0
fun,sokoban,ROciIZDL,3,Human,4.0,3.0,-1.0,4.0,3.0,-1.0
fun,sokoban,ROciIZDL,4,Human,3.0,4.0,1.0,3.0,4.0,1.0
fun,sokoban,ROciIZDL,5,Human,5.0,4.0,-1.0,5.0,4.0,-1.0
fun,sokoban,ROciIZDL,6,Human,4.0,4.0,0.0,4.0,4.0,0.0
fun,sokoban,ROciIZDL,7,Human,3.0,3.0,0.0,3.0,3.0,0.0
fun,sokoban,ROciIZDL,8,Human,4.0,4.0,0.0,4.0,4.0,0.0
fun,sokoban,ROciIZDL,9,Human,3.0,4.0,1.0,3.0,4.0,1.0
fun,sokoban,ROciIZDL,10,Human,3.0,2.0,-1.0,3.0,2.0,-1.0
fun,sokoban,ROciIZDL,11,Human,3.0,2.0,-1.0,3.0,2.0,-1.0
fun,sokoban,ROciIZDL,12,Human,4.0,2.0,-2.0,4.0,2.0,-2.0
fun,sokoban,ROciIZDL,13,Human,4.0,3.0,-1.0,4.0,3.0,-1.0
fun,sokoban,ROciIZDL,14,Human,4.0,3.0,-1.0,4.0,3.0,-1.0
fun,sokoban,ROciIZDL,15,Human,3.0,3.0,0.0,3.0,3.0,0.0
fun,sokoban,ROciIZDL,16,Human,4.0,2.0,-2.0,4.0,2.0,-2.0
fun,sokoban,ROciIZDL,17,Human,5.0,2.0,-3.0,5.0,2.0,-3.0
fun,sokoban,ROciIZDL,18,Human,4.0,4.0,0.0,4.0,4.0,0.0
fun,sokoban,ROciIZDL,19,Human,3.0,4.0,1.0,3.0,4.0,1.0
fun,sokoban,ROciIZDL,20,Human,3.0,2.0,-1.0,3.0,2.0,-1.0
fun,sokoban,TIXMBKaj,1,Human,4.0,3.0,-1.0,4.0,3.0,-1.0
fun,sokoban,TIXMBKaj,2,Human,3.0,3.0,0.0,3.0,3.0,0.0
fun,sokoban,TIXMBKaj,3,Human,3.0,4.0,1.0,3.0,4.0,1.0
fun,sokoban,TIXMBKaj,4,Human,4.0,4.0,0.0,4.0,4.0,0.0
fun,sokoban,TIXMBKaj,5,Human,3.0,2.0,-1.0,3.0,2.0,-1.0
fun,sokoban,TIXMBKaj,6,Human,3.0,3.0,0.0,3.0,3.0,0.0
fun,sokoban,TIXMBKaj,7,Human,3.0,3.0,0.0,3.0,3.0,0.0
fun,sokoban,TIXMBKaj,8,Human,3.0,2.0,-1.0,3.0,2.0,-1.0
fun,sokoban,TIXMBKaj,9,Human,4.0,3.0,-1.0,4.0,3.0,-1.0
fun,sokoban,TIXMBKaj,10,Human,3.0,3.0,0.0,3.0,3.0,0.0
fun,sokoban,TIXMBKaj,11,Human,3.0,3.0,0.0,3.0,3.0,0.0
fun,sokoban,TIXMBKaj,12,Human,4.0,3.0,-1.0,4.0,3.0,-1.0
fun,sokoban,TIXMBKaj,13,Human,3.0,3.0,0.0,3.0,3.0,0.0
fun,sokoban,TIXMBKaj,14,Human,3.0,4.0,1.0,3.0,4.0,1.0
fun,sokoban,TIXMBKaj,15,Human,3.0,2.0,-1.0,3.0,2.0,-1.0
fun,sokoban,TIXMBKaj,16,Human,3.0,4.0,1.0,3.0,4.0,1.0
fun,sokoban,TIXMBKaj,17,Human,3.0,2.0,-1.0,3.0,2.0,-1.0
fun,sokoban,TIXMBKaj,18,Human,3.0,2.0,-1.0,3.0,2.0,-1.0
fun,sokoban,TIXMBKaj,19,Human,4.0,3.0,-1.0,4.0,3.0,-1.0
fun,sokoban,TIXMBKaj,20,Human,4.0,4.0,0.0,4.0,4.0,0.0
fun,sokoban,UTSKBMio,1,AI,4.0,2.0,-2.0,4.0,2.0,-2.0
fun,sokoban,UTSKBMio,2,AI,3.0,3.0,0.0,3.0,3.0,0.0
fun,sokoban,UTSKBMio,3,AI,4.0,2.0,-2.0,4.0,2.0,-2.0
fun,sokoban,UTSKBMio,4,AI,4.0,2.0,-2.0,4.0,2.0,-2.0
fun,sokoban,UTSKBMio,5,AI,3.0,3.0,0.0,3.0,3.0,0.0
fun,sokoban,UTSKBMio,6,AI,3.0,3.0,0.0,3.0,3.0,0.0
fun,sokoban,UTSKBMio,7,AI,3.0,3.0,0.0,3.0,3.0,0.0
fun,sokoban,UTSKBMio,8,AI,3.0,2.0,-1.0,3.0,2.0,-1.0
fun,sokoban,UTSKBMio,9,AI,4.0,2.0,-2.0,4.0,2.0,-2.0
fun,sokoban,UTSKBMio,10,AI,4.0,3.0,-1.0,4.0,3.0,-1.0
fun,sokoban,UTSKBMio,11,AI,4.0,2.0,-2.0,4.0,2.0,-2.0
fun,sokoban,UTSKBMio,12,AI,3.0,2.0,-1.0,3.0,2.0,-1.0
fun,sokoban,UTSKBMio,13,AI,3.0,2.0,-1.0,3.0,2.0,-1.0
fun,sokoban,UTSKBMio,14,AI,4.0,3.0,-1.0,4.0,3.0,-1.0
fun,sokoban,UTSKBMio,15,AI,3.0,3.0,0.0,3.0,3.0,0.0
fun,sokoban,UTSKBMio,16,AI,3.0,3.0,0.0,3.0,3.0,0.0
fun,sokoban,UTSKBMio,17,AI,3.0,3.0,0.0,3.0,3.0,0.0
fun,sokoban,UTSKBMio,18,AI,2.0,3.0,1.0,2.0,3.0,1.0
fun,sokoban,UTSKBMio,19,AI,4.0,2.0,-2.0,4.0,2.0,-2.0
fun,sokoban,UTSKBMio,20,AI,4.0,3.0,-1.0,4.0,3.0,-1.0
fun,sokoban,UeeTjy5b,1,AI,1.0,1.0,0.0,1.0,1.0,0.0
fun,sokoban,UeeTjy5b,2,AI,1.0,2.0,1.0,1.0,2.0,1.0
fun,sokoban,UeeTjy5b,3,AI,2.0,3.0,1.0,2.0,3.0,1.0
fun,sokoban,UeeTjy5b,4,AI,3.0,1.0,-2.0,3.0,1.0,-2.0
fun,sokoban,UeeTjy5b,5,AI,1.0,1.0,0.0,1.0,1.0,0.0
fun,sokoban,UeeTjy5b,6,AI,4.0,1.0,-3.0,4.0,1.0,-3.0
fun,sokoban,UeeTjy5b,7,AI,1.0,2.0,1.0,1.0,2.0,1.0
fun,sokoban,UeeTjy5b,8,AI,1.0,2.0,1.0,1.0,2.0,1.0
fun,sokoban,UeeTjy5b,9,AI,2.0,4.0,2.0,2.0,4.0,2.0
fun,sokoban,UeeTjy5b,10,AI,2.0,1.0,-1.0,2.0,1.0,-1.0
fun,sokoban,UeeTjy5b,11,AI,3.0,1.0,-2.0,3.0,1.0,-2.0
fun,sokoban,UeeTjy5b,12,AI,2.0,1.0,-1.0,2.0,1.0,-1.0
fun,sokoban,UeeTjy5b,13,AI,2.0,1.0,-1.0,2.0,1.0,-1.0
fun,sokoban,UeeTjy5b,14,AI,2.0,1.0,-1.0,2.0,1.0,-1.0
fun,sokoban,UeeTjy5b,15,AI,2.0,1.0,-1.0,2.0,1.0,-1.0
fun,sokoban,UeeTjy5b,16,AI,1.0,1.0,0.0,1.0,1.0,0.0
fun,sokoban,UeeTjy5b,17,AI,1.0,1.0,0.0,1.0,1.0,0.0
fun,sokoban,UeeTjy5b,18,AI,1.0,3.0,2.0,1.0,3.0,2.0
fun,sokoban,UeeTjy5b,19,AI,2.0,1.0,-1.0,2.0,1.0,-1.0
fun,sokoban,UeeTjy5b,20,AI,3.0,1.0,-2.0,3.0,1.0,-2.0
fun,sokoban,Z0SxyjXq,1,Human,1.0,3.0,2.0,1.0,3.0,2.0
fun,sokoban,Z0SxyjXq,2,Human,2.0,4.0,2.0,2.0,4.0,2.0
fun,sokoban,Z0SxyjXq,3,Human,1.0,1.0,0.0,1.0,1.0,0.0
fun,sokoban,Z0SxyjXq,4,Human,1.0,3.0,2.0,1.0,3.0,2.0
fun,sokoban,Z0SxyjXq,5,Human,1.0,4.0,3.0,1.0,4.0,3.0
fun,sokoban,Z0SxyjXq,6,Human,3.0,4.0,1.0,3.0,4.0,1.0
fun,sokoban,Z0SxyjXq,7,Human,2.0,3.0,1.0,2.0,3.0,1.0
fun,sokoban,Z0SxyjXq,8,Human,2.0,1.0,-1.0,2.0,1.0,-1.0
fun,sokoban,Z0SxyjXq,9,Human,4.0,4.0,0.0,4.0,4.0,0.0
fun,sokoban,Z0SxyjXq,10,Human,3.0,1.0,-2.0,3.0,1.0,-2.0
fun,sokoban,Z0SxyjXq,11,Human,2.0,2.0,0.0,2.0,2.0,0.0
fun,sokoban,Z0SxyjXq,12,Human,4.0,3.0,-1.0,4.0,3.0,-1.0
fun,sokoban,Z0SxyjXq,13,Human,1.0,3.0,2.0,1.0,3.0,2.0
fun,sokoban,Z0SxyjXq,14,Human,2.0,1.0,-1.0,2.0,1.0,-1.0
fun,sokoban,Z0SxyjXq,15,Human,1.0,2.0,1.0,1.0,2.0,1.0
fun,sokoban,Z0SxyjXq,16,Human,4.0,3.0,-1.0,4.0,3.0,-1.0
fun,sokoban,Z0SxyjXq,17,Human,1.0,2.0,1.0,1.0,2.0,1.0
fun,sokoban,Z0SxyjXq,18,Human,2.0,1.0,-1.0,2.0,1.0,-1.0
fun,sokoban,Z0SxyjXq,19,Human,3.0,4.0,1.0,3.0,4.0,1.0
fun,sokoban,Z0SxyjXq,20,Human,2.0,3.0,1.0,2.0,3.0,1.0
fun,sokoban,aE7sjnta,1,AI,1.0,2.0,1.0,1.0,2.0,1.0
fun,sokoban,aE7sjnta,2,AI,4.0,1.0,-3.0,4.0,1.0,-3.0
fun,sokoban,aE7sjnta,3,AI,2.0,1.0,-1.0,2.0,1.0,-1.0
fun,sokoban,aE7sjnta,4,AI,4.0,1.0,-3.0,4.0,1.0,-3.0
fun,sokoban,aE7sjnta,5,AI,1.0,1.0,0.0,1.0,1.0,0.0
fun,sokoban,aE7sjnta,6,AI,3.0,1.0,-2.0,3.0,1.0,-2.0
fun,sokoban,aE7sjnta,7,AI,3.0,1.0,-2.0,3.0,1.0,-2.0
fun,sokoban,aE7sjnta,8,AI,2.0,1.0,-1.0,2.0,1.0,-1.0
fun,sokoban,aE7sjnta,9,AI,2.0,3.0,1.0,2.0,3.0,1.0
fun,sokoban,aE7sjnta,10,AI,4.0,1.0,-3.0,4.0,1.0,-3.0
fun,sokoban,aE7sjnta,11,AI,3.0,1.0,-2.0,3.0,1.0,-2.0
fun,sokoban,aE7sjnta,12,AI,3.0,1.0,-2.0,3.0,1.0,-2.0
fun,sokoban,aE7sjnta,13,AI,4.0,1.0,-3.0,4.0,1.0,-3.0
fun,sokoban,aE7sjnta,14,AI,1.0,1.0,0.0,1.0,1.0,0.0
fun,sokoban,aE7sjnta,15,AI,3.0,1.0,-2.0,3.0,1.0,-2.0
fun,sokoban,aE7sjnta,16,AI,2.0,1.0,-1.0,2.0,1.0,-1.0
fun,sokoban,aE7sjnta,17,AI,3.0,1.0,-2.0,3.0,1.0,-2.0
fun,sokoban,aE7sjnta,18,AI,3.0,1.0,-2.0,3.0,1.0,-2.0
fun,sokoban,aE7sjnta,19,AI,1.0,3.0,2.0,1.0,3.0,2.0
fun,sokoban,aE7sjnta,20,AI,1.0,1.0,0.0,1.0,1.0,0.0
fun,sokoban,bhRr4CCv,1,Human,3.0,4.0,1.0,3.0,4.0,1.0
fun,sokoban,bhRr4CCv,2,Human,4.0,3.0,-1.0,4.0,3.0,-1.0
fun,sokoban,bhRr4CCv,3,Human,4.0,2.0,-2.0,4.0,2.0,-2.0
fun,sokoban,bhRr4CCv,4,Human,4.0,4.0,0.0,4.0,4.0,0.0
fun,sokoban,bhRr4CCv,5,Human,2.0,4.0,2.0,2.0,4.0,2.0
fun,sokoban,bhRr4CCv,6,Human,3.0,4.0,1.0,3.0,4.0,1.0
fun,sokoban,bhRr4CCv,7,Human,4.0,3.0,-1.0,4.0,3.0,-1.0
fun,sokoban,bhRr4CCv,8,Human,4.0,4.0,0.0,4.0,4.0,0.0
fun,sokoban,bhRr4CCv,9,Human,4.0,3.0,-1.0,4.0,3.0,-1.0
fun,sokoban,bhRr4CCv,10,Human,4.0,3.0,-1.0,4.0,3.0,-1.0
fun,sokoban,bhRr4CCv,11,Human,3.0,3.0,0.0,3.0,3.0,0.0
fun,sokoban,bhRr4CCv,12,Human,4.0,3.0,-1.0,4.0,3.0,-1.0
fun,sokoban,bhRr4CCv,13,Human,4.0,3.0,-1.0,4.0,3.0,-1.0
fun,sokoban,bhRr4CCv,14,Human,3.0,3.0,0.0,3.0,3.0,0.0
fun,sokoban,bhRr4CCv,15,Human,3.0,4.0,1.0,3.0,4.0,1.0
fun,sokoban,bhRr4CCv,16,Human,2.0,3.0,1.0,2.0,3.0,1.0
fun,sokoban,bhRr4CCv,17,Human,3.0,3.0,0.0,3.0,3.0,0.0
fun,sokoban,bhRr4CCv,18,Human,2.0,3.0,1.0,2.0,3.0,1.0
fun,sokoban,bhRr4CCv,19,Human,4.0,4.0,0.0,4.0,4.0,0.0
fun,sokoban,bhRr4CCv,20,Human,3.0,4.0,1.0,3.0,4.0,1.0
fun,sokoban,cHhvQJlr,1,AI,3.0,2.0,-1.0,3.0,2.0,-1.0
fun,sokoban,cHhvQJlr,2,AI,3.0,3.0,0.0,3.0,3.0,0.0
fun,sokoban,cHhvQJlr,3,AI,3.0,1.0,-2.0,3.0,1.0,-2.0
fun,sokoban,cHhvQJlr,4,AI,1.0,3.0,2.0,1.0,3.0,2.0
fun,sokoban,cHhvQJlr,5,AI,4.0,4.0,0.0,4.0,4.0,0.0
fun,sokoban,cHhvQJlr,6,AI,3.0,2.0,-1.0,3.0,2.0,-1.0
fun,sokoban,cHhvQJlr,7,AI,2.0,3.0,1.0,2.0,3.0,1.0
fun,sokoban,cHhvQJlr,8,AI,2.0,2.0,0.0,2.0,2.0,0.0
fun,sokoban,cHhvQJlr,9,AI,3.0,2.0,-1.0,3.0,2.0,-1.0
fun,sokoban,cHhvQJlr,10,AI,2.0,1.0,-1.0,2.0,1.0,-1.0
fun,sokoban,cHhvQJlr,11,AI,3.0,1.0,-2.0,3.0,1.0,-2.0
fun,sokoban,cHhvQJlr,12,AI,3.0,2.0,-1.0,3.0,2.0,-1.0
fun,sokoban,cHhvQJlr,13,AI,4.0,2.0,-2.0,4.0,2.0,-2.0
fun,sokoban,cHhvQJlr,14,AI,3.0,3.0,0.0,3.0,3.0,0.0
fun,sokoban,cHhvQJlr,15,AI,2.0,3.0,1.0,2.0,3.0,1.0
fun,sokoban,cHhvQJlr,16,AI,2.0,3.0,1.0,2.0,3.0,1.0
fun,sokoban,cHhvQJlr,17,AI,2.0,4.0,2.0,2.0,4.0,2.0
fun,sokoban,cHhvQJlr,18,AI,3.0,2.0,-1.0,3.0,2.0,-1.0
fun,sokoban,cHhvQJlr,19,AI,3.0,3.0,0.0,3.0,3.0,0.0
fun,sokoban,cHhvQJlr,20,AI,2.0,1.0,-1.0,2.0,1.0,-1.0
fun,sokoban,cTxMstwv,1,AI,4.0,3.0,-1.0,4.0,3.0,-1.0
fun,sokoban,cTxMstwv,2,AI,4.0,3.0,-1.0,4.0,3.0,-1.0
fun,sokoban,cTxMstwv,3,AI,3.0,3.0,0.0,3.0,3.0,0.0
fun,sokoban,cTxMstwv,4,AI,2.0,2.0,0.0,2.0,2.0,0.0
fun,sokoban,cTxMstwv,5,AI,4.0,2.0,-2.0,4.0,2.0,-2.0
fun,sokoban,cTxMstwv,6,AI,4.0,3.0,-1.0,4.0,3.0,-1.0
fun,sokoban,cTxMstwv,7,AI,4.0,3.0,-1.0,4.0,3.0,-1.0
fun,sokoban,cTxMstwv,8,AI,4.0,2.0,-2.0,4.0,2.0,-2.0
fun,sokoban,cTxMstwv,9,AI,3.0,4.0,1.0,3.0,4.0,1.0
fun,sokoban,cTxMstwv,10,AI,4.0,3.0,-1.0,4.0,3.0,-1.0
fun,sokoban,cTxMstwv,11,AI,2.0,3.0,1.0,2.0,3.0,1.0
fun,sokoban,cTxMstwv,12,AI,2.0,3.0,1.0,2.0,3.0,1.0
fun,sokoban,cTxMstwv,13,AI,2.0,3.0,1.0,2.0,3.0,1.0
fun,sokoban,cTxMstwv,14,AI,3.0,4.0,1.0,3.0,4.0,1.0
fun,sokoban,cTxMstwv,15,AI,4.0,3.0,-1.0,4.0,3.0,-1.0
fun,sokoban,cTxMstwv,16,AI,3.0,4.0,1.0,3.0,4.0,1.0
fun,sokoban,cTxMstwv,17,AI,4.0,2.0,-2.0,4.0,2.0,-2.0
fun,sokoban,cTxMstwv,18,AI,3.0,1.0,-2.0,3.0,1.0,-2.0
fun,sokoban,cTxMstwv,19,AI,4.0,3.0,-1.0,4.0,3.0,-1.0
fun,sokoban,cTxMstwv,20,AI,3.0,2.0,-1.0,3.0,2.0,-1.0
fun,sokoban,extLxWet,1,AI,2.0,2.0,0.0,2.0,2.0,0.0
fun,sokoban,extLxWet,2,AI,3.0,3.0,0.0,3.0,3.0,0.0
fun,sokoban,extLxWet,3,AI,3.0,2.0,-1.0,3.0,2.0,-1.0
fun,sokoban,extLxWet,4,AI,3.0,2.0,-1.0,3.0,2.0,-1.0
fun,sokoban,extLxWet,5,AI,2.0,2.0,0.0,2.0,2.0,0.0
fun,sokoban,extLxWet,6,AI,2.0,2.0,0.0,2.0,2.0,0.0
fun,sokoban,extLxWet,7,AI,2.0,2.0,0.0,2.0,2.0,0.0
fun,sokoban,extLxWet,8,AI,3.0,2.0,-1.0,3.0,2.0,-1.0
fun,sokoban,extLxWet,9,AI,4.0,1.0,-3.0,4.0,1.0,-3.0
fun,sokoban,extLxWet,10,AI,3.0,2.0,-1.0,3.0,2.0,-1.0
fun,sokoban,extLxWet,11,AI,3.0,4.0,1.0,3.0,4.0,1.0
fun,sokoban,extLxWet,12,AI,4.0,2.0,-2.0,4.0,2.0,-2.0
fun,sokoban,extLxWet,13,AI,2.0,3.0,1.0,2.0,3.0,1.0
fun,sokoban,extLxWet,14,AI,3.0,3.0,0.0,3.0,3.0,0.0
fun,sokoban,extLxWet,15,AI,2.0,2.0,0.0,2.0,2.0,0.0
fun,sokoban,extLxWet,16,AI,2.0,3.0,1.0,2.0,3.0,1.0
fun,sokoban,extLxWet,17,AI,2.0,3.0,1.0,2.0,3.0,1.0
fun,sokoban,extLxWet,18,AI,4.0,3.0,-1.0,4.0,3.0,-1.0
fun,sokoban,extLxWet,19,AI,1.0,1.0,0.0,1.0,1.0,0.0
fun,sokoban,extLxWet,20,AI,2.0,2.0,0.0,2.0,2.0,0.0
fun,sokoban,f8sbFI0a,1,Human,4.0,2.0,-2.0,4.0,2.0,-2.0
fun,sokoban,f8sbFI0a,2,Human,4.0,3.0,-1.0,4.0,3.0,-1.0
fun,sokoban,f8sbFI0a,3,Human,2.0,4.0,2.0,2.0,4.0,2.0
fun,sokoban,f8sbFI0a,4,Human,3.0,3.0,0.0,3.0,3.0,0.0
fun,sokoban,f8sbFI0a,5,Human,4.0,3.0,-1.0,4.0,3.0,-1.0
fun,sokoban,f8sbFI0a,6,Human,4.0,2.0,-2.0,4.0,2.0,-2.0
fun,sokoban,f8sbFI0a,7,Human,3.0,2.0,-1.0,3.0,2.0,-1.0
fun,sokoban,f8sbFI0a,8,Human,4.0,3.0,-1.0,4.0,3.0,-1.0
fun,sokoban,f8sbFI0a,9,Human,3.0,3.0,0.0,3.0,3.0,0.0
fun,sokoban,f8sbFI0a,10,Human,3.0,3.0,0.0,3.0,3.0,0.0
fun,sokoban,f8sbFI0a,11,Human,2.0,2.0,0.0,2.0,2.0,0.0
fun,sokoban,f8sbFI0a,12,Human,4.0,3.0,-1.0,4.0,3.0,-1.0
fun,sokoban,f8sbFI0a,13,Human,3.0,4.0,1.0,3.0,4.0,1.0
fun,sokoban,f8sbFI0a,14,Human,4.0,4.0,0.0,4.0,4.0,0.0
fun,sokoban,f8sbFI0a,15,Human,2.0,2.0,0.0,2.0,2.0,0.0
fun,sokoban,f8sbFI0a,16,Human,4.0,3.0,-1.0,4.0,3.0,-1.0
fun,sokoban,f8sbFI0a,17,Human,4.0,3.0,-1.0,4.0,3.0,-1.0
fun,sokoban,f8sbFI0a,18,Human,2.0,3.0,1.0,2.0,3.0,1.0
fun,sokoban,f8sbFI0a,19,Human,4.0,2.0,-2.0,4.0,2.0,-2.0
fun,sokoban,f8sbFI0a,20,Human,3.0,3.0,0.0,3.0,3.0,0.0
fun,sokoban,iJNJxWfZ,1,Human,4.0,3.0,-1.0,4.0,3.0,-1.0
fun,sokoban,iJNJxWfZ,2,Human,3.0,3.0,0.0,3.0,3.0,0.0
fun,sokoban,iJNJxWfZ,3,Human,3.0,3.0,0.0,3.0,3.0,0.0
fun,sokoban,iJNJxWfZ,4,Human,4.0,4.0,0.0,4.0,4.0,0.0
fun,sokoban,iJNJxWfZ,5,Human,2.0,2.0,0.0,2.0,2.0,0.0
fun,sokoban,iJNJxWfZ,6,Human,4.0,3.0,-1.0,4.0,3.0,-1.0
fun,sokoban,iJNJxWfZ,7,Human,4.0,4.0,0.0,4.0,4.0,0.0
fun,sokoban,iJNJxWfZ,8,Human,3.0,3.0,0.0,3.0,3.0,0.0
fun,sokoban,iJNJxWfZ,9,Human,4.0,4.0,0.0,4.0,4.0,0.0
fun,sokoban,iJNJxWfZ,10,Human,4.0,4.0,0.0,4.0,4.0,0.0
fun,sokoban,iJNJxWfZ,11,Human,4.0,4.0,0.0,4.0,4.0,0.0
fun,sokoban,iJNJxWfZ,12,Human,3.0,3.0,0.0,3.0,3.0,0.0
fun,sokoban,iJNJxWfZ,13,Human,4.0,3.0,-1.0,4.0,3.0,-1.0
fun,sokoban,iJNJxWfZ,14,Human,4.0,4.0,0.0,4.0,4.0,0.0
fun,sokoban,iJNJxWfZ,15,Human,4.0,4.0,0.0,4.0,4.0,0.0
fun,sokoban,iJNJxWfZ,16,Human,4.0,3.0,-1.0,4.0,3.0,-1.0
fun,sokoban,iJNJxWfZ,17,Human,3.0,4.0,1.0,3.0,4.0,1.0
fun,sokoban,iJNJxWfZ,18,Human,4.0,3.0,-1.0,4.0,3.0,-1.0
fun,sokoban,iJNJxWfZ,19,Human,3.0,2.0,-1.0,3.0,2.0,-1.0
fun,sokoban,iJNJxWfZ,20,Human,3.0,3.0,0.0,3.0,3.0,0.0
fun,sokoban,ij6onaGt,1,AI,3.0,2.0,-1.0,3.0,2.0,-1.0
fun,sokoban,ij6onaGt,2,AI,4.0,4.0,0.0,4.0,4.0,0.0
fun,sokoban,ij6onaGt,3,AI,3.0,3.0,0.0,3.0,3.0,0.0
fun,sokoban,ij6onaGt,4,AI,3.0,4.0,1.0,3.0,4.0,1.0
fun,sokoban,ij6onaGt,5,AI,4.0,3.0,-1.0,4.0,3.0,-1.0
fun,sokoban,ij6onaGt,6,AI,4.0,4.0,0.0,4.0,4.0,0.0
fun,sokoban,ij6onaGt,7,AI,3.0,3.0,0.0,3.0,3.0,0.0
fun,sokoban,ij6onaGt,8,AI,3.0,3.0,0.0,3.0,3.0,0.0
fun,sokoban,ij6onaGt,9,AI,3.0,4.0,1.0,3.0,4.0,1.0
fun,sokoban,ij6onaGt,10,AI,4.0,4.0,0.0,4.0,4.0,0.0
fun,sokoban,ij6onaGt,11,AI,4.0,3.0,-1.0,4.0,3.0,-1.0
fun,sokoban,ij6onaGt,12,AI,3.0,2.0,-1.0,3.0,2.0,-1.0
fun,sokoban,ij6onaGt,13,AI,4.0,3.0,-1.0,4.0,3.0,-1.0
fun,sokoban,ij6onaGt,14,AI,4.0,3.0,-1.0,4.0,3.0,-1.0
fun,sokoban,ij6onaGt,15,AI,4.0,2.0,-2.0,4.0,2.0,-2.0
fun,sokoban,ij6onaGt,16,AI,4.0,3.0,-1.0,4.0,3.0,-1.0
fun,sokoban,ij6onaGt,17,AI,4.0,3.0,-1.0,4.0,3.0,-1.0
fun,sokoban,ij6onaGt,18,AI,4.0,3.0,-1.0,4.0,3.0,-1.0
fun,sokoban,ij6onaGt,19,AI,3.0,3.0,0.0,3.0,3.0,0.0
fun,sokoban,ij6onaGt,20,AI,3.0,3.0,0.0,3.0,3.0,0.0
fun,sokoban,oHSLE5UO,1,AI,1.0,1.0,0.0,1.0,1.0,0.0
fun,sokoban,oHSLE5UO,2,AI,3.0,1.0,-2.0,3.0,1.0,-2.0
fun,sokoban,oHSLE5UO,3,AI,1.0,2.0,1.0,1.0,2.0,1.0
fun,sokoban,oHSLE5UO,4,AI,2.0,2.0,0.0,2.0,2.0,0.0
fun,sokoban,oHSLE5UO,5,AI,3.0,3.0,0.0,3.0,3.0,0.0
fun,sokoban,oHSLE5UO,6,AI,2.0,3.0,1.0,2.0,3.0,1.0
fun,sokoban,oHSLE5UO,7,AI,1.0,1.0,0.0,1.0,1.0,0.0
fun,sokoban,oHSLE5UO,8,AI,2.0,2.0,0.0,2.0,2.0,0.0
fun,sokoban,oHSLE5UO,9,AI,1.0,1.0,0.0,1.0,1.0,0.0
fun,sokoban,oHSLE5UO,10,AI,2.0,2.0,0.0,2.0,2.0,0.0
fun,sokoban,oHSLE5UO,11,AI,3.0,2.0,-1.0,3.0,2.0,-1.0
fun,sokoban,oHSLE5UO,12,AI,2.0,2.0,0.0,2.0,2.0,0.0
fun,sokoban,oHSLE5UO,13,AI,3.0,2.0,-1.0,3.0,2.0,-1.0
fun,sokoban,oHSLE5UO,14,AI,1.0,1.0,0.0,1.0,1.0,0.0
fun,sokoban,oHSLE5UO,15,AI,2.0,2.0,0.0,2.0,2.0,0.0
fun,sokoban,oHSLE5UO,16,AI,1.0,2.0,1.0,1.0,2.0,1.0
fun,sokoban,oHSLE5UO,17,AI,2.0,1.0,-1.0,2.0,1.0,-1.0
fun,sokoban,oHSLE5UO,18,AI,1.0,1.0,0.0,1.0,1.0,0.0
fun,sokoban,oHSLE5UO,19,AI,1.0,1.0,0.0,1.0,1.0,0.0
fun,sokoban,oHSLE5UO,20,AI,3.0,1.0,-2.0,3.0,1.0,-2.0
fun,sokoban,t7mUz3Qe,1,Human,1.0,1.0,0.0,1.0,1.0,0.0
fun,sokoban,t7mUz3Qe,2,Human,3.0,2.0,-1.0,3.0,2.0,-1.0
fun,sokoban,t7mUz3Qe,3,Human,2.0,2.0,0.0,2.0,2.0,0.0
fun,sokoban,t7mUz3Qe,4,Human,3.0,2.0,-1.0,3.0,2.0,-1.0
fun,sokoban,t7mUz3Qe,5,Human,1.0,1.0,0.0,1.0,1.0,0.0
fun,sokoban,t7mUz3Qe,6,Human,2.0,2.0,0.0,2.0,2.0,0.0
fun,sokoban,t7mUz3Qe,7,Human,2.0,1.0,-1.0,2.0,1.0,-1.0
fun,sokoban,t7mUz3Qe,8,Human,2.0,1.0,-1.0,2.0,1.0,-1.0
fun,sokoban,t7mUz3Qe,9,Human,3.0,3.0,0.0,3.0,3.0,0.0
fun,sokoban,t7mUz3Qe,10,Human,2.0,2.0,0.0,2.0,2.0,0.0
fun,sokoban,t7mUz3Qe,11,Human,2.0,3.0,1.0,2.0,3.0,1.0
fun,sokoban,t7mUz3Qe,12,Human,3.0,1.0,-2.0,3.0,1.0,-2.0
fun,sokoban,t7mUz3Qe,13,Human,2.0,2.0,0.0,2.0,2.0,0.0
fun,sokoban,t7mUz3Qe,14,Human,2.0,2.0,0.0,2.0,2.0,0.0
fun,sokoban,t7mUz3Qe,15,Human,2.0,2.0,0.0,2.0,2.0,0.0
fun,sokoban,t7mUz3Qe,16,Human,2.0,1.0,-1.0,2.0,1.0,-1.0
fun,sokoban,t7mUz3Qe,17,Human,3.0,2.0,-1.0,3.0,2.0,-1.0
fun,sokoban,t7mUz3Qe,18,Human,2.0,2.0,0.0,2.0,2.0,0.0
fun,sokoban,t7mUz3Qe,19,Human,1.0,3.0,2.0,1.0,3.0,2.0
fun,sokoban,t7mUz3Qe,20,Human,2.0,1.0,-1.0,2.0,1.0,-1.0
fun,sokoban,wSCVt298,1,AI,1.0,2.0,1.0,1.0,2.0,1.0
fun,sokoban,wSCVt298,2,AI,4.0,1.0,-3.0,4.0,1.0,-3.0
fun,sokoban,wSCVt298,3,AI,1.0,2.0,1.0,1.0,2.0,1.0
fun,sokoban,wSCVt298,4,AI,1.0,3.0,2.0,1.0,3.0,2.0
fun,sokoban,wSCVt298,5,AI,1.0,2.0,1.0,1.0,2.0,1.0
fun,sokoban,wSCVt298,6,AI,1.0,1.0,0.0,1.0,1.0,0.0
fun,sokoban,wSCVt298,7,AI,3.0,3.0,0.0,3.0,3.0,0.0
fun,sokoban,wSCVt298,8,AI,1.0,1.0,0.0,1.0,1.0,0.0
fun,sokoban,wSCVt298,9,AI,1.0,1.0,0.0,1.0,1.0,0.0
fun,sokoban,wSCVt298,10,AI,1.0,1.0,0.0,1.0,1.0,0.0
fun,sokoban,wSCVt298,11,AI,1.0,1.0,0.0,1.0,1.0,0.0
fun,sokoban,wSCVt298,12,AI,1.0,2.0,1.0,1.0,2.0,1.0
fun,sokoban,wSCVt298,13,AI,1.0,3.0,2.0,1.0,3.0,2.0
fun,sokoban,wSCVt298,14,AI,1.0,2.0,1.0,1.0,2.0,1.0
fun,sokoban,wSCVt298,15,AI,1.0,1.0,0.0,1.0,1.0,0.0
fun,sokoban,wSCVt298,16,AI,2.0,2.0,0.0,2.0,2.0,0.0
fun,sokoban,wSCVt298,17,AI,3.0,1.0,-2.0,3.0,1.0,-2.0
fun,sokoban,wSCVt298,18,AI,2.0,2.0,0.0,2.0,2.0,0.0
fun,sokoban,wSCVt298,19,AI,1.0,2.0,1.0,1.0,2.0,1.0
fun,sokoban,wSCVt298,20,AI,1.0,1.0,0.0,1.0,1.0,0.0
challenging,mario,1AC82kGG,1,Human,2.0,4.0,2.0,2.0,4.0,2.0
challenging,mario,1AC82kGG,2,Human,4.0,2.0,-2.0,4.0,2.0,-2.0
challenging,mario,1AC82kGG,3,Human,2.0,2.0,0.0,2.0,2.0,0.0
challenging,mario,1AC82kGG,4,Human,4.0,4.0,0.0,4.0,4.0,0.0
challenging,mario,1AC82kGG,5,Human,3.0,2.0,-1.0,3.0,2.0,-1.0
challenging,mario,1AC82kGG,6,Human,4.0,2.0,-2.0,4.0,2.0,-2.0
challenging,mario,1AC82kGG,7,Human,3.0,2.0,-1.0,3.0,2.0,-1.0
challenging,mario,1AC82kGG,8,Human,4.0,2.0,-2.0,4.0,2.0,-2.0
challenging,mario,1AC82kGG,9,Human,3.0,3.0,0.0,3.0,3.0,0.0
challenging,mario,1AC82kGG,10,Human,3.0,3.0,0.0,3.0,3.0,0.0
challenging,mario,1AC82kGG,11,Human,4.0,3.0,-1.0,4.0,3.0,-1.0
challenging,mario,1AC82kGG,12,Human,4.0,2.0,-2.0,4.0,2.0,-2.0
challenging,mario,1AC82kGG,13,Human,4.0,3.0,-1.0,4.0,3.0,-1.0
challenging,mario,1AC82kGG,14,Human,1.0,3.0,2.0,1.0,3.0,2.0
challenging,mario,1AC82kGG,15,Human,3.0,1.0,-2.0,3.0,1.0,-2.0
challenging,mario,1AC82kGG,16,Human,2.0,3.0,1.0,2.0,3.0,1.0
challenging,mario,1AC82kGG,17,Human,3.0,2.0,-1.0,3.0,2.0,-1.0
challenging,mario,1AC82kGG,18,Human,4.0,2.0,-2.0,4.0,2.0,-2.0
challenging,mario,1AC82kGG,19,Human,2.0,3.0,1.0,2.0,3.0,1.0
challenging,mario,1AC82kGG,20,Human,3.0,3.0,0.0,3.0,3.0,0.0
challenging,mario,4PFJlLdR,1,AI,3.0,2.0,-1.0,3.0,2.0,-1.0
challenging,mario,4PFJlLdR,2,AI,4.0,2.0,-2.0,4.0,2.0,-2.0
challenging,mario,4PFJlLdR,3,AI,2.0,2.0,0.0,2.0,2.0,0.0
challenging,mario,4PFJlLdR,4,AI,3.0,3.0,0.0,3.0,3.0,0.0
challenging,mario,4PFJlLdR,5,AI,3.0,1.0,-2.0,3.0,1.0,-2.0
challenging,mario,4PFJlLdR,6,AI,5.0,4.0,-1.0,5.0,4.0,-1.0
challenging,mario,4PFJlLdR,7,AI,2.0,2.0,0.0,2.0,2.0,0.0
challenging,mario,4PFJlLdR,8,AI,2.0,3.0,1.0,2.0,3.0,1.0
challenging,mario,4PFJlLdR,9,AI,2.0,2.0,0.0,2.0,2.0,0.0
challenging,mario,4PFJlLdR,10,AI,2.0,1.0,-1.0,2.0,1.0,-1.0
challenging,mario,4PFJlLdR,11,AI,2.0,1.0,-1.0,2.0,1.0,-1.0
challenging,mario,4PFJlLdR,12,AI,2.0,3.0,1.0,2.0,3.0,1.0
challenging,mario,4PFJlLdR,13,AI,2.0,1.0,-1.0,2.0,1.0,-1.0
challenging,mario,4PFJlLdR,14,AI,3.0,2.0,-1.0,3.0,2.0,-1.0
challenging,mario,4PFJlLdR,15,AI,2.0,4.0,2.0,2.0,4.0,2.0
challenging,mario,4PFJlLdR,16,AI,1.0,2.0,1.0,1.0,2.0,1.0
challenging,mario,4PFJlLdR,17,AI,4.0,2.0,-2.0,4.0,2.0,-2.0
challenging,mario,4PFJlLdR,18,AI,5.0,2.0,-3.0,5.0,2.0,-3.0
challenging,mario,4PFJlLdR,19,AI,3.0,2.0,-1.0,3.0,2.0,-1.0
challenging,mario,4PFJlLdR,20,AI,2.0,2.0,0.0,2.0,2.0,0.0
challenging,mario,4bMZDbcE,1,Human,1.0,1.0,0.0,1.0,1.0,0.0
challenging,mario,4bMZDbcE,2,Human,1.0,1.0,0.0,1.0,1.0,0.0
challenging,mario,4bMZDbcE,3,Human,2.0,2.0,0.0,2.0,2.0,0.0
challenging,mario,4bMZDbcE,4,Human,2.0,1.0,-1.0,2.0,1.0,-1.0
challenging,mario,4bMZDbcE,5,Human,1.0,2.0,1.0,1.0,2.0,1.0
challenging,mario,4bMZDbcE,6,Human,5.0,2.0,-3.0,5.0,2.0,-3.0
challenging,mario,4bMZDbcE,7,Human,1.0,1.0,0.0,1.0,1.0,0.0
challenging,mario,4bMZDbcE,8,Human,1.0,2.0,1.0,1.0,2.0,1.0
challenging,mario,4bMZDbcE,9,Human,2.0,1.0,-1.0,2.0,1.0,-1.0
challenging,mario,4bMZDbcE,10,Human,1.0,1.0,0.0,1.0,1.0,0.0
challenging,mario,4bMZDbcE,11,Human,4.0,1.0,-3.0,4.0,1.0,-3.0
challenging,mario,4bMZDbcE,12,Human,2.0,1.0,-1.0,2.0,1.0,-1.0
challenging,mario,4bMZDbcE,13,Human,5.0,1.0,-4.0,5.0,1.0,-4.0
challenging,mario,4bMZDbcE,14,Human,1.0,2.0,1.0,1.0,2.0,1.0
challenging,mario,4bMZDbcE,15,Human,2.0,1.0,-1.0,2.0,1.0,-1.0
challenging,mario,4bMZDbcE,16,Human,2.0,1.0,-1.0,2.0,1.0,-1.0
challenging,mario,4bMZDbcE,17,Human,1.0,1.0,0.0,1.0,1.0,0.0
challenging,mario,4bMZDbcE,18,Human,1.0,2.0,1.0,1.0,2.0,1.0
challenging,mario,4bMZDbcE,19,Human,3.0,1.0,-2.0,3.0,1.0,-2.0
challenging,mario,4bMZDbcE,20,Human,2.0,3.0,1.0,2.0,3.0,1.0
challenging,mario,8cgqvaZu,1,AI,5.0,1.0,-4.0,5.0,1.0,-4.0
challenging,mario,8cgqvaZu,2,AI,1.0,2.0,1.0,1.0,2.0,1.0
challenging,mario,8cgqvaZu,3,AI,3.0,2.0,-1.0,3.0,2.0,-1.0
challenging,mario,8cgqvaZu,4,AI,5.0,2.0,-3.0,5.0,2.0,-3.0
challenging,mario,8cgqvaZu,5,AI,1.0,1.0,0.0,1.0,1.0,0.0
challenging,mario,8cgqvaZu,6,AI,2.0,2.0,0.0,2.0,2.0,0.0
challenging,mario,8cgqvaZu,7,AI,4.0,3.0,-1.0,4.0,3.0,-1.0
challenging,mario,8cgqvaZu,8,AI,1.0,1.0,0.0,1.0,1.0,0.0
challenging,mario,8cgqvaZu,9,AI,3.0,2.0,-1.0,3.0,2.0,-1.0
challenging,mario,8cgqvaZu,10,AI,3.0,2.0,-1.0,3.0,2.0,-1.0
challenging,mario,8cgqvaZu,11,AI,1.0,4.0,3.0,1.0,4.0,3.0
challenging,mario,8cgqvaZu,12,AI,2.0,4.0,2.0,2.0,4.0,2.0
challenging,mario,8cgqvaZu,13,AI,4.0,2.0,-2.0,4.0,2.0,-2.0
challenging,mario,8cgqvaZu,14,AI,4.0,2.0,-2.0,4.0,2.0,-2.0
challenging,mario,8cgqvaZu,15,AI,4.0,3.0,-1.0,4.0,3.0,-1.0
challenging,mario,8cgqvaZu,16,AI,3.0,1.0,-2.0,3.0,1.0,-2.0
challenging,mario,8cgqvaZu,17,AI,3.0,3.0,0.0,3.0,3.0,0.0
challenging,mario,8cgqvaZu,18,AI,4.0,4.0,0.0,4.0,4.0,0.0
challenging,mario,8cgqvaZu,19,AI,3.0,3.0,0.0,3.0,3.0,0.0
challenging,mario,8cgqvaZu,20,AI,1.0,2.0,1.0,1.0,2.0,1.0
challenging,mario,9Y6J8Rb8,1,AI,2.0,3.0,1.0,2.0,3.0,1.0
challenging,mario,9Y6J8Rb8,2,AI,2.0,2.0,0.0,2.0,2.0,0.0
challenging,mario,9Y6J8Rb8,3,AI,1.0,2.0,1.0,1.0,2.0,1.0
challenging,mario,9Y6J8Rb8,4,AI,4.0,1.0,-3.0,4.0,1.0,-3.0
challenging,mario,9Y6J8Rb8,5,AI,2.0,4.0,2.0,2.0,4.0,2.0
challenging,mario,9Y6J8Rb8,6,AI,2.0,1.0,-1.0,2.0,1.0,-1.0
challenging,mario,9Y6J8Rb8,7,AI,2.0,1.0,-1.0,2.0,1.0,-1.0
challenging,mario,9Y6J8Rb8,8,AI,2.0,5.0,3.0,2.0,5.0,3.0
challenging,mario,9Y6J8Rb8,9,AI,2.0,3.0,1.0,2.0,3.0,1.0
challenging,mario,9Y6J8Rb8,10,AI,3.0,3.0,0.0,3.0,3.0,0.0
challenging,mario,9Y6J8Rb8,11,AI,1.0,4.0,3.0,1.0,4.0,3.0
challenging,mario,9Y6J8Rb8,12,AI,1.0,2.0,1.0,1.0,2.0,1.0
challenging,mario,9Y6J8Rb8,13,AI,2.0,4.0,2.0,2.0,4.0,2.0
challenging,mario,9Y6J8Rb8,14,AI,2.0,2.0,0.0,2.0,2.0,0.0
challenging,mario,9Y6J8Rb8,15,AI,1.0,1.0,0.0,1.0,1.0,0.0
challenging,mario,9Y6J8Rb8,16,AI,1.0,5.0,4.0,1.0,5.0,4.0
challenging,mario,9Y6J8Rb8,17,AI,3.0,4.0,1.0,3.0,4.0,1.0
challenging,mario,9Y6J8Rb8,18,AI,2.0,2.0,0.0,2.0,2.0,0.0
challenging,mario,9Y6J8Rb8,19,AI,3.0,2.0,-1.0,3.0,2.0,-1.0
challenging,mario,9Y6J8Rb8,20,AI,1.0,2.0,1.0,1.0,2.0,1.0
challenging,mario,Jvmo5e7c,1,Human,1.0,3.0,2.0,1.0,3.0,2.0
challenging,mario,Jvmo5e7c,2,Human,4.0,1.0,-3.0,4.0,1.0,-3.0
challenging,mario,Jvmo5e7c,3,Human,3.0,3.0,0.0,3.0,3.0,0.0
challenging,mario,Jvmo5e7c,4,Human,2.0,3.0,1.0,2.0,3.0,1.0
challenging,mario,Jvmo5e7c,5,Human,4.0,1.0,-3.0,4.0,1.0,-3.0
challenging,mario,Jvmo5e7c,6,Human,3.0,2.0,-1.0,3.0,2.0,-1.0
challenging,mario,Jvmo5e7c,7,Human,3.0,2.0,-1.0,3.0,2.0,-1.0
challenging,mario,Jvmo5e7c,8,Human,2.0,2.0,0.0,2.0,2.0,0.0
challenging,mario,Jvmo5e7c,9,Human,3.0,2.0,-1.0,3.0,2.0,-1.0
challenging,mario,Jvmo5e7c,10,Human,2.0,1.0,-1.0,2.0,1.0,-1.0
challenging,mario,Jvmo5e7c,11,Human,3.0,2.0,-1.0,3.0,2.0,-1.0
challenging,mario,Jvmo5e7c,12,Human,3.0,2.0,-1.0,3.0,2.0,-1.0
challenging,mario,Jvmo5e7c,13,Human,3.0,1.0,-2.0,3.0,1.0,-2.0
challenging,mario,Jvmo5e7c,14,Human,2.0,2.0,0.0,2.0,2.0,0.0
challenging,mario,Jvmo5e7c,15,Human,3.0,1.0,-2.0,3.0,1.0,-2.0
challenging,mario,Jvmo5e7c,16,Human,2.0,4.0,2.0,2.0,4.0,2.0
challenging,mario,Jvmo5e7c,17,Human,3.0,1.0,-2.0,3.0,1.0,-2.0
challenging,mario,Jvmo5e7c,18,Human,2.0,1.0,-1.0,2.0,1.0,-1.0
challenging,mario,Jvmo5e7c,19,Human,2.0,1.0,-1.0,2.0,1.0,-1.0
challenging,mario,Jvmo5e7c,20,Human,3.0,1.0,-2.0,3.0,1.0,-2.0
challenging,mario,KKZ1dszi,1,AI,3.0,2.0,-1.0,3.0,2.0,-1.0
challenging,mario,KKZ1dszi,2,AI,2.0,3.0,1.0,2.0,3.0,1.0
challenging,mario,KKZ1dszi,3,AI,2.0,1.0,-1.0,2.0,1.0,-1.0
challenging,mario,KKZ1dszi,4,AI,3.0,3.0,0.0,3.0,3.0,0.0
challenging,mario,KKZ1dszi,5,AI,1.0,3.0,2.0,1.0,3.0,2.0
challenging,mario,KKZ1dszi,6,AI,2.0,3.0,1.0,2.0,3.0,1.0
challenging,mario,KKZ1dszi,7,AI,3.0,3.0,0.0,3.0,3.0,0.0
challenging,mario,KKZ1dszi,8,AI,5.0,2.0,-3.0,5.0,2.0,-3.0
challenging,mario,KKZ1dszi,9,AI,2.0,3.0,1.0,2.0,3.0,1.0
challenging,mario,KKZ1dszi,10,AI,2.0,1.0,-1.0,2.0,1.0,-1.0
challenging,mario,KKZ1dszi,11,AI,3.0,2.0,-1.0,3.0,2.0,-1.0
challenging,mario,KKZ1dszi,12,AI,2.0,2.0,0.0,2.0,2.0,0.0
challenging,mario,KKZ1dszi,13,AI,2.0,2.0,0.0,2.0,2.0,0.0
challenging,mario,KKZ1dszi,14,AI,3.0,3.0,0.0,3.0,3.0,0.0
challenging,mario,KKZ1dszi,15,AI,2.0,2.0,0.0,2.0,2.0,0.0
challenging,mario,KKZ1dszi,16,AI,1.0,2.0,1.0,1.0,2.0,1.0
challenging,mario,KKZ1dszi,17,AI,3.0,2.0,-1.0,3.0,2.0,-1.0
challenging,mario,KKZ1dszi,18,AI,3.0,2.0,-1.0,3.0,2.0,-1.0
challenging,mario,KKZ1dszi,19,AI,4.0,2.0,-2.0,4.0,2.0,-2.0
challenging,mario,KKZ1dszi,20,AI,2.0,2.0,0.0,2.0,2.0,0.0
challenging,mario,RtKfCoTJ,1,Human,1.0,1.0,0.0,1.0,1.0,0.0
challenging,mario,RtKfCoTJ,2,Human,1.0,1.0,0.0,1.0,1.0,0.0
challenging,mario,RtKfCoTJ,3,Human,3.0,1.0,-2.0,3.0,1.0,-2.0
challenging,mario,RtKfCoTJ,4,Human,2.0,1.0,-1.0,2.0,1.0,-1.0
challenging,mario,RtKfCoTJ,5,Human,3.0,2.0,-1.0,3.0,2.0,-1.0
challenging,mario,RtKfCoTJ,6,Human,1.0,2.0,1.0,1.0,2.0,1.0
challenging,mario,RtKfCoTJ,7,Human,1.0,2.0,1.0,1.0,2.0,1.0
challenging,mario,RtKfCoTJ,8,Human,4.0,1.0,-3.0,4.0,1.0,-3.0
challenging,mario,RtKfCoTJ,9,Human,1.0,1.0,0.0,1.0,1.0,0.0
challenging,mario,RtKfCoTJ,10,Human,2.0,1.0,-1.0,2.0,1.0,-1.0
challenging,mario,RtKfCoTJ,11,Human,1.0,1.0,0.0,1.0,1.0,0.0
challenging,mario,RtKfCoTJ,12,Human,1.0,1.0,0.0,1.0,1.0,0.0
challenging,mario,RtKfCoTJ,13,Human,1.0,2.0,1.0,1.0,2.0,1.0
challenging,mario,RtKfCoTJ,14,Human,1.0,1.0,0.0,1.0,1.0,0.0
challenging,mario,RtKfCoTJ,15,Human,4.0,1.0,-3.0,4.0,1.0,-3.0
challenging,mario,RtKfCoTJ,16,Human,1.0,5.0,4.0,1.0,5.0,4.0
challenging,mario,RtKfCoTJ,17,Human,1.0,1.0,0.0,1.0,1.0,0.0
challenging,mario,RtKfCoTJ,18,Human,1.0,1.0,0.0,1.0,1.0,0.0
challenging,mario,RtKfCoTJ,19,Human,1.0,1.0,0.0,1.0,1.0,0.0
challenging,mario,RtKfCoTJ,20,Human,1.0,1.0,0.0,1.0,1.0,0.0
challenging,mario,S7F69Idf,1,AI,2.0,1.0,-1.0,2.0,1.0,-1.0
challenging,mario,S7F69Idf,2,AI,3.0,2.0,-1.0,3.0,2.0,-1.0
challenging,mario,S7F69Idf,3,AI,2.0,2.0,0.0,2.0,2.0,0.0
challenging,mario,S7F69Idf,4,AI,1.0,1.0,0.0,1.0,1.0,0.0
challenging,mario,S7F69Idf,5,AI,1.0,1.0,0.0,1.0,1.0,0.0
challenging,mario,S7F69Idf,6,AI,1.0,2.0,1.0,1.0,2.0,1.0
challenging,mario,S7F69Idf,7,AI,1.0,1.0,0.0,1.0,1.0,0.0
challenging,mario,S7F69Idf,8,AI,1.0,2.0,1.0,1.0,2.0,1.0
challenging,mario,S7F69Idf,9,AI,1.0,2.0,1.0,1.0,2.0,1.0
challenging,mario,S7F69Idf,10,AI,1.0,2.0,1.0,1.0,2.0,1.0
challenging,mario,S7F69Idf,11,AI,1.0,1.0,0.0,1.0,1.0,0.0
challenging,mario,S7F69Idf,12,AI,1.0,1.0,0.0,1.0,1.0,0.0
challenging,mario,S7F69Idf,13,AI,3.0,1.0,-2.0,3.0,1.0,-2.0
challenging,mario,S7F69Idf,14,AI,2.0,2.0,0.0,2.0,2.0,0.0
challenging,mario,S7F69Idf,15,AI,1.0,1.0,0.0,1.0,1.0,0.0
challenging,mario,S7F69Idf,16,AI,2.0,1.0,-1.0,2.0,1.0,-1.0
challenging,mario,S7F69Idf,17,AI,1.0,1.0,0.0,1.0,1.0,0.0
challenging,mario,S7F69Idf,18,AI,1.0,1.0,0.0,1.0,1.0,0.0
challenging,mario,S7F69Idf,19,AI,2.0,1.0,-1.0,2.0,1.0,-1.0
challenging,mario,S7F69Idf,20,AI,1.0,2.0,1.0,1.0,2.0,1.0
challenging,mario,U3v9pEvF,1,AI,1.0,2.0,1.0,1.0,2.0,1.0
challenging,mario,U3v9pEvF,2,AI,1.0,2.0,1.0,1.0,2.0,1.0
challenging,mario,U3v9pEvF,3,AI,3.0,2.0,-1.0,3.0,2.0,-1.0
challenging,mario,U3v9pEvF,4,AI,3.0,1.0,-2.0,3.0,1.0,-2.0
challenging,mario,U3v9pEvF,5,AI,4.0,3.0,-1.0,4.0,3.0,-1.0
challenging,mario,U3v9pEvF,6,AI,4.0,2.0,-2.0,4.0,2.0,-2.0
challenging,mario,U3v9pEvF,7,AI,2.0,2.0,0.0,2.0,2.0,0.0
challenging,mario,U3v9pEvF,8,AI,3.0,1.0,-2.0,3.0,1.0,-2.0
challenging,mario,U3v9pEvF,9,AI,3.0,3.0,0.0,3.0,3.0,0.0
challenging,mario,U3v9pEvF,10,AI,5.0,2.0,-3.0,5.0,2.0,-3.0
challenging,mario,U3v9pEvF,11,AI,2.0,2.0,0.0,2.0,2.0,0.0
challenging,mario,U3v9pEvF,12,AI,3.0,1.0,-2.0,3.0,1.0,-2.0
challenging,mario,U3v9pEvF,13,AI,1.0,3.0,2.0,1.0,3.0,2.0
challenging,mario,U3v9pEvF,14,AI,3.0,2.0,-1.0,3.0,2.0,-1.0
challenging,mario,U3v9pEvF,15,AI,3.0,2.0,-1.0,3.0,2.0,-1.0
challenging,mario,U3v9pEvF,16,AI,5.0,2.0,-3.0,5.0,2.0,-3.0
challenging,mario,U3v9pEvF,17,AI,1.0,1.0,0.0,1.0,1.0,0.0
challenging,mario,U3v9pEvF,18,AI,3.0,2.0,-1.0,3.0,2.0,-1.0
challenging,mario,U3v9pEvF,19,AI,2.0,2.0,0.0,2.0,2.0,0.0
challenging,mario,U3v9pEvF,20,AI,3.0,2.0,-1.0,3.0,2.0,-1.0
challenging,mario,V5XEzcZd,1,Human,1.0,1.0,0.0,1.0,1.0,0.0
challenging,mario,V5XEzcZd,2,Human,1.0,2.0,1.0,1.0,2.0,1.0
challenging,mario,V5XEzcZd,3,Human,1.0,3.0,2.0,1.0,3.0,2.0
challenging,mario,V5XEzcZd,4,Human,2.0,1.0,-1.0,2.0,1.0,-1.0
challenging,mario,V5XEzcZd,5,Human,1.0,1.0,0.0,1.0,1.0,0.0
challenging,mario,V5XEzcZd,6,Human,1.0,1.0,0.0,1.0,1.0,0.0
challenging,mario,V5XEzcZd,7,Human,1.0,1.0,0.0,1.0,1.0,0.0
challenging,mario,V5XEzcZd,8,Human,2.0,2.0,0.0,2.0,2.0,0.0
challenging,mario,V5XEzcZd,9,Human,1.0,1.0,0.0,1.0,1.0,0.0
challenging,mario,V5XEzcZd,10,Human,1.0,1.0,0.0,1.0,1.0,0.0
challenging,mario,V5XEzcZd,11,Human,2.0,1.0,-1.0,2.0,1.0,-1.0
challenging,mario,V5XEzcZd,12,Human,3.0,2.0,-1.0,3.0,2.0,-1.0
challenging,mario,V5XEzcZd,13,Human,2.0,2.0,0.0,2.0,2.0,0.0
challenging,mario,V5XEzcZd,14,Human,1.0,2.0,1.0,1.0,2.0,1.0
challenging,mario,V5XEzcZd,15,Human,1.0,1.0,0.0,1.0,1.0,0.0
challenging,mario,V5XEzcZd,16,Human,1.0,2.0,1.0,1.0,2.0,1.0
challenging,mario,V5XEzcZd,17,Human,1.0,1.0,0.0,1.0,1.0,0.0
challenging,mario,V5XEzcZd,18,Human,1.0,1.0,0.0,1.0,1.0,0.0
challenging,mario,V5XEzcZd,19,Human,1.0,1.0,0.0,1.0,1.0,0.0
challenging,mario,V5XEzcZd,20,Human,2.0,1.0,-1.0,2.0,1.0,-1.0
challenging,mario,XYTl4EzV,1,Human,1.0,1.0,0.0,1.0,1.0,0.0
challenging,mario,XYTl4EzV,2,Human,1.0,1.0,0.0,1.0,1.0,0.0
challenging,mario,XYTl4EzV,3,Human,2.0,1.0,-1.0,2.0,1.0,-1.0
challenging,mario,XYTl4EzV,4,Human,1.0,1.0,0.0,1.0,1.0,0.0
challenging,mario,XYTl4EzV,5,Human,1.0,1.0,0.0,1.0,1.0,0.0
challenging,mario,XYTl4EzV,6,Human,1.0,1.0,0.0,1.0,1.0,0.0
challenging,mario,XYTl4EzV,7,Human,1.0,1.0,0.0,1.0,1.0,0.0
challenging,mario,XYTl4EzV,8,Human,1.0,1.0,0.0,1.0,1.0,0.0
challenging,mario,XYTl4EzV,9,Human,1.0,2.0,1.0,1.0,2.0,1.0
challenging,mario,XYTl4EzV,10,Human,1.0,2.0,1.0,1.0,2.0,1.0
challenging,mario,XYTl4EzV,11,Human,1.0,1.0,0.0,1.0,1.0,0.0
challenging,mario,XYTl4EzV,12,Human,1.0,1.0,0.0,1.0,1.0,0.0
challenging,mario,XYTl4EzV,13,Human,1.0,1.0,0.0,1.0,1.0,0.0
challenging,mario,XYTl4EzV,14,Human,1.0,1.0,0.0,1.0,1.0,0.0
challenging,mario,XYTl4EzV,15,Human,1.0,1.0,0.0,1.0,1.0,0.0
challenging,mario,XYTl4EzV,16,Human,1.0,1.0,0.0,1.0,1.0,0.0
challenging,mario,XYTl4EzV,17,Human,1.0,1.0,0.0,1.0,1.0,0.0
challenging,mario,XYTl4EzV,18,Human,1.0,1.0,0.0,1.0,1.0,0.0
challenging,mario,XYTl4EzV,19,Human,1.0,1.0,0.0,1.0,1.0,0.0
challenging,mario,XYTl4EzV,20,Human,2.0,1.0,-1.0,2.0,1.0,-1.0
challenging,mario,Xd8WtCNl,1,AI,1.0,2.0,1.0,1.0,2.0,1.0
challenging,mario,Xd8WtCNl,2,AI,4.0,3.0,-1.0,4.0,3.0,-1.0
challenging,mario,Xd8WtCNl,3,AI,1.0,3.0,2.0,1.0,3.0,2.0
challenging,mario,Xd8WtCNl,4,AI,4.0,1.0,-3.0,4.0,1.0,-3.0
challenging,mario,Xd8WtCNl,5,AI,3.0,4.0,1.0,3.0,4.0,1.0
challenging,mario,Xd8WtCNl,6,AI,3.0,4.0,1.0,3.0,4.0,1.0
challenging,mario,Xd8WtCNl,7,AI,3.0,3.0,0.0,3.0,3.0,0.0
challenging,mario,Xd8WtCNl,8,AI,3.0,3.0,0.0,3.0,3.0,0.0
challenging,mario,Xd8WtCNl,9,AI,3.0,2.0,-1.0,3.0,2.0,-1.0
challenging,mario,Xd8WtCNl,10,AI,4.0,2.0,-2.0,4.0,2.0,-2.0
challenging,mario,Xd8WtCNl,11,AI,1.0,2.0,1.0,1.0,2.0,1.0
challenging,mario,Xd8WtCNl,12,AI,3.0,2.0,-1.0,3.0,2.0,-1.0
challenging,mario,Xd8WtCNl,13,AI,4.0,3.0,-1.0,4.0,3.0,-1.0
challenging,mario,Xd8WtCNl,14,AI,2.0,3.0,1.0,2.0,3.0,1.0
challenging,mario,Xd8WtCNl,15,AI,1.0,2.0,1.0,1.0,2.0,1.0
challenging,mario,Xd8WtCNl,16,AI,1.0,4.0,3.0,1.0,4.0,3.0
challenging,mario,Xd8WtCNl,17,AI,3.0,2.0,-1.0,3.0,2.0,-1.0
challenging,mario,Xd8WtCNl,18,AI,2.0,3.0,1.0,2.0,3.0,1.0
challenging,mario,Xd8WtCNl,19,AI,2.0,2.0,0.0,2.0,2.0,0.0
challenging,mario,Xd8WtCNl,20,AI,3.0,3.0,0.0,3.0,3.0,0.0
challenging,mario,br59gvRp,1,AI,3.0,2.0,-1.0,3.0,2.0,-1.0
challenging,mario,br59gvRp,2,AI,1.0,1.0,0.0,1.0,1.0,0.0
challenging,mario,br59gvRp,3,AI,3.0,2.0,-1.0,3.0,2.0,-1.0
challenging,mario,br59gvRp,4,AI,2.0,1.0,-1.0,2.0,1.0,-1.0
challenging,mario,br59gvRp,5,AI,1.0,3.0,2.0,1.0,3.0,2.0
challenging,mario,br59gvRp,6,AI,5.0,5.0,0.0,5.0,5.0,0.0
challenging,mario,br59gvRp,7,AI,4.0,1.0,-3.0,4.0,1.0,-3.0
challenging,mario,br59gvRp,8,AI,1.0,2.0,1.0,1.0,2.0,1.0
challenging,mario,br59gvRp,9,AI,1.0,3.0,2.0,1.0,3.0,2.0
challenging,mario,br59gvRp,10,AI,3.0,3.0,0.0,3.0,3.0,0.0
challenging,mario,br59gvRp,11,AI,3.0,3.0,0.0,3.0,3.0,0.0
challenging,mario,br59gvRp,12,AI,4.0,1.0,-3.0,4.0,1.0,-3.0
challenging,mario,br59gvRp,13,AI,1.0,1.0,0.0,1.0,1.0,0.0
challenging,mario,br59gvRp,14,AI,5.0,2.0,-3.0,5.0,2.0,-3.0
challenging,mario,br59gvRp,15,AI,3.0,2.0,-1.0,3.0,2.0,-1.0
challenging,mario,br59gvRp,16,AI,2.0,2.0,0.0,2.0,2.0,0.0
challenging,mario,br59gvRp,17,AI,3.0,2.0,-1.0,3.0,2.0,-1.0
challenging,mario,br59gvRp,18,AI,5.0,2.0,-3.0,5.0,2.0,-3.0
challenging,mario,br59gvRp,19,AI,2.0,4.0,2.0,2.0,4.0,2.0
challenging,mario,br59gvRp,20,AI,3.0,3.0,0.0,3.0,3.0,0.0
challenging,mario,dwIZVZn4,1,AI,1.0,3.0,2.0,1.0,3.0,2.0
challenging,mario,dwIZVZn4,2,AI,2.0,1.0,-1.0,2.0,1.0,-1.0
challenging,mario,dwIZVZn4,3,AI,4.0,1.0,-3.0,4.0,1.0,-3.0
challenging,mario,dwIZVZn4,4,AI,3.0,1.0,-2.0,3.0,1.0,-2.0
challenging,mario,dwIZVZn4,5,AI,3.0,2.0,-1.0,3.0,2.0,-1.0
challenging,mario,dwIZVZn4,6,AI,2.0,2.0,0.0,2.0,2.0,0.0
challenging,mario,dwIZVZn4,7,AI,2.0,2.0,0.0,2.0,2.0,0.0
challenging,mario,dwIZVZn4,8,AI,2.0,1.0,-1.0,2.0,1.0,-1.0
challenging,mario,dwIZVZn4,9,AI,3.0,1.0,-2.0,3.0,1.0,-2.0
challenging,mario,dwIZVZn4,10,AI,2.0,4.0,2.0,2.0,4.0,2.0
challenging,mario,dwIZVZn4,11,AI,1.0,2.0,1.0,1.0,2.0,1.0
challenging,mario,dwIZVZn4,12,AI,2.0,1.0,-1.0,2.0,1.0,-1.0
challenging,mario,dwIZVZn4,13,AI,3.0,2.0,-1.0,3.0,2.0,-1.0
challenging,mario,dwIZVZn4,14,AI,4.0,1.0,-3.0,4.0,1.0,-3.0
challenging,mario,dwIZVZn4,15,AI,5.0,1.0,-4.0,5.0,1.0,-4.0
challenging,mario,dwIZVZn4,16,AI,2.0,3.0,1.0,2.0,3.0,1.0
challenging,mario,dwIZVZn4,17,AI,4.0,2.0,-2.0,4.0,2.0,-2.0
challenging,mario,dwIZVZn4,18,AI,2.0,1.0,-1.0,2.0,1.0,-1.0
challenging,mario,dwIZVZn4,19,AI,4.0,3.0,-1.0,4.0,3.0,-1.0
challenging,mario,dwIZVZn4,20,AI,1.0,2.0,1.0,1.0,2.0,1.0
challenging,mario,fc3fEIzT,1,Human,1.0,1.0,0.0,1.0,1.0,0.0
challenging,mario,fc3fEIzT,2,Human,1.0,3.0,2.0,1.0,3.0,2.0
challenging,mario,fc3fEIzT,3,Human,1.0,2.0,1.0,1.0,2.0,1.0
challenging,mario,fc3fEIzT,4,Human,1.0,1.0,0.0,1.0,1.0,0.0
challenging,mario,fc3fEIzT,5,Human,1.0,1.0,0.0,1.0,1.0,0.0
challenging,mario,fc3fEIzT,6,Human,1.0,1.0,0.0,1.0,1.0,0.0
challenging,mario,fc3fEIzT,7,Human,1.0,1.0,0.0,1.0,1.0,0.0
challenging,mario,fc3fEIzT,8,Human,1.0,1.0,0.0,1.0,1.0,0.0
challenging,mario,fc3fEIzT,9,Human,1.0,4.0,3.0,1.0,4.0,3.0
challenging,mario,fc3fEIzT,10,Human,1.0,1.0,0.0,1.0,1.0,0.0
challenging,mario,fc3fEIzT,11,Human,1.0,1.0,0.0,1.0,1.0,0.0
challenging,mario,fc3fEIzT,12,Human,1.0,1.0,0.0,1.0,1.0,0.0
challenging,mario,fc3fEIzT,13,Human,2.0,1.0,-1.0,2.0,1.0,-1.0
challenging,mario,fc3fEIzT,14,Human,1.0,1.0,0.0,1.0,1.0,0.0
challenging,mario,fc3fEIzT,15,Human,1.0,1.0,0.0,1.0,1.0,0.0
challenging,mario,fc3fEIzT,16,Human,1.0,1.0,0.0,1.0,1.0,0.0
challenging,mario,fc3fEIzT,17,Human,2.0,1.0,-1.0,2.0,1.0,-1.0
challenging,mario,fc3fEIzT,18,Human,1.0,2.0,1.0,1.0,2.0,1.0
challenging,mario,fc3fEIzT,19,Human,3.0,5.0,2.0,3.0,5.0,2.0
challenging,mario,fc3fEIzT,20,Human,1.0,1.0,0.0,1.0,1.0,0.0
challenging,mario,gZGPAuuB,1,Human,1.0,1.0,0.0,1.0,1.0,0.0
challenging,mario,gZGPAuuB,2,Human,2.0,2.0,0.0,2.0,2.0,0.0
challenging,mario,gZGPAuuB,3,Human,1.0,1.0,0.0,1.0,1.0,0.0
challenging,mario,gZGPAuuB,4,Human,1.0,2.0,1.0,1.0,2.0,1.0
challenging,mario,gZGPAuuB,5,Human,1.0,1.0,0.0,1.0,1.0,0.0
challenging,mario,gZGPAuuB,6,Human,1.0,1.0,0.0,1.0,1.0,0.0
challenging,mario,gZGPAuuB,7,Human,1.0,1.0,0.0,1.0,1.0,0.0
challenging,mario,gZGPAuuB,8,Human,1.0,1.0,0.0,1.0,1.0,0.0
challenging,mario,gZGPAuuB,9,Human,1.0,1.0,0.0,1.0,1.0,0.0
challenging,mario,gZGPAuuB,10,Human,2.0,1.0,-1.0,2.0,1.0,-1.0
challenging,mario,gZGPAuuB,11,Human,1.0,1.0,0.0,1.0,1.0,0.0
challenging,mario,gZGPAuuB,12,Human,2.0,1.0,-1.0,2.0,1.0,-1.0
challenging,mario,gZGPAuuB,13,Human,1.0,2.0,1.0,1.0,2.0,1.0
challenging,mario,gZGPAuuB,14,Human,2.0,2.0,0.0,2.0,2.0,0.0
challenging,mario,gZGPAuuB,15,Human,1.0,2.0,1.0,1.0,2.0,1.0
challenging,mario,gZGPAuuB,16,Human,1.0,1.0,0.0,1.0,1.0,0.0
challenging,mario,gZGPAuuB,17,Human,2.0,1.0,-1.0,2.0,1.0,-1.0
challenging,mario,gZGPAuuB,18,Human,1.0,1.0,0.0,1.0,1.0,0.0
challenging,mario,gZGPAuuB,19,Human,1.0,2.0,1.0,1.0,2.0,1.0
challenging,mario,gZGPAuuB,20,Human,1.0,1.0,0.0,1.0,1.0,0.0
challenging,mario,gngXYJwH,1,AI,3.0,2.0,-1.0,3.0,2.0,-1.0
challenging,mario,gngXYJwH,2,AI,1.0,3.0,2.0,1.0,3.0,2.0
challenging,mario,gngXYJwH,3,AI,3.0,2.0,-1.0,3.0,2.0,-1.0
challenging,mario,gngXYJwH,4,AI,1.0,2.0,1.0,1.0,2.0,1.0
challenging,mario,gngXYJwH,5,AI,3.0,1.0,-2.0,3.0,1.0,-2.0
challenging,mario,gngXYJwH,6,AI,2.0,1.0,-1.0,2.0,1.0,-1.0
challenging,mario,gngXYJwH,7,AI,2.0,3.0,1.0,2.0,3.0,1.0
challenging,mario,gngXYJwH,8,AI,2.0,1.0,-1.0,2.0,1.0,-1.0
challenging,mario,gngXYJwH,9,AI,2.0,1.0,-1.0,2.0,1.0,-1.0
challenging,mario,gngXYJwH,10,AI,1.0,2.0,1.0,1.0,2.0,1.0
challenging,mario,gngXYJwH,11,AI,3.0,2.0,-1.0,3.0,2.0,-1.0
challenging,mario,gngXYJwH,12,AI,2.0,1.0,-1.0,2.0,1.0,-1.0
challenging,mario,gngXYJwH,13,AI,1.0,2.0,1.0,1.0,2.0,1.0
challenging,mario,gngXYJwH,14,AI,2.0,2.0,0.0,2.0,2.0,0.0
challenging,mario,gngXYJwH,15,AI,2.0,2.0,0.0,2.0,2.0,0.0
challenging,mario,gngXYJwH,16,AI,3.0,2.0,-1.0,3.0,2.0,-1.0
challenging,mario,gngXYJwH,17,AI,2.0,1.0,-1.0,2.0,1.0,-1.0
challenging,mario,gngXYJwH,18,AI,2.0,2.0,0.0,2.0,2.0,0.0
challenging,mario,gngXYJwH,19,AI,2.0,1.0,-1.0,2.0,1.0,-1.0
challenging,mario,gngXYJwH,20,AI,4.0,3.0,-1.0,4.0,3.0,-1.0
challenging,mario,ktod92pA,1,Human,4.0,2.0,-2.0,4.0,2.0,-2.0
challenging,mario,ktod92pA,2,Human,5.0,2.0,-3.0,5.0,2.0,-3.0
challenging,mario,ktod92pA,3,Human,4.0,3.0,-1.0,4.0,3.0,-1.0
challenging,mario,ktod92pA,4,Human,3.0,2.0,-1.0,3.0,2.0,-1.0
challenging,mario,ktod92pA,5,Human,4.0,3.0,-1.0,4.0,3.0,-1.0
challenging,mario,ktod92pA,6,Human,3.0,3.0,0.0,3.0,3.0,0.0
challenging,mario,ktod92pA,7,Human,4.0,4.0,0.0,4.0,4.0,0.0
challenging,mario,ktod92pA,8,Human,2.0,3.0,1.0,2.0,3.0,1.0
challenging,mario,ktod92pA,9,Human,2.0,2.0,0.0,2.0,2.0,0.0
challenging,mario,ktod92pA,10,Human,4.0,3.0,-1.0,4.0,3.0,-1.0
challenging,mario,ktod92pA,11,Human,2.0,5.0,3.0,2.0,5.0,3.0
challenging,mario,ktod92pA,12,Human,4.0,2.0,-2.0,4.0,2.0,-2.0
challenging,mario,ktod92pA,13,Human,2.0,1.0,-1.0,2.0,1.0,-1.0
challenging,mario,ktod92pA,14,Human,1.0,2.0,1.0,1.0,2.0,1.0
challenging,mario,ktod92pA,15,Human,4.0,2.0,-2.0,4.0,2.0,-2.0
challenging,mario,ktod92pA,16,Human,4.0,3.0,-1.0,4.0,3.0,-1.0
challenging,mario,ktod92pA,17,Human,5.0,2.0,-3.0,5.0,2.0,-3.0
challenging,mario,ktod92pA,18,Human,2.0,4.0,2.0,2.0,4.0,2.0
challenging,mario,ktod92pA,19,Human,2.0,2.0,0.0,2.0,2.0,0.0
challenging,mario,ktod92pA,20,Human,2.0,3.0,1.0,2.0,3.0,1.0
challenging,mario,lY6ELCJ9,1,Human,3.0,3.0,0.0,3.0,3.0,0.0
challenging,mario,lY6ELCJ9,2,Human,2.0,2.0,0.0,2.0,2.0,0.0
challenging,mario,lY6ELCJ9,3,Human,3.0,2.0,-1.0,3.0,2.0,-1.0
challenging,mario,lY6ELCJ9,4,Human,2.0,2.0,0.0,2.0,2.0,0.0
challenging,mario,lY6ELCJ9,5,Human,2.0,3.0,1.0,2.0,3.0,1.0
challenging,mario,lY6ELCJ9,6,Human,1.0,1.0,0.0,1.0,1.0,0.0
challenging,mario,lY6ELCJ9,7,Human,4.0,3.0,-1.0,4.0,3.0,-1.0
challenging,mario,lY6ELCJ9,8,Human,2.0,2.0,0.0,2.0,2.0,0.0
challenging,mario,lY6ELCJ9,9,Human,2.0,3.0,1.0,2.0,3.0,1.0
challenging,mario,lY6ELCJ9,10,Human,3.0,1.0,-2.0,3.0,1.0,-2.0
challenging,mario,lY6ELCJ9,11,Human,2.0,2.0,0.0,2.0,2.0,0.0
challenging,mario,lY6ELCJ9,12,Human,2.0,1.0,-1.0,2.0,1.0,-1.0
challenging,mario,lY6ELCJ9,13,Human,4.0,3.0,-1.0,4.0,3.0,-1.0
challenging,mario,lY6ELCJ9,14,Human,1.0,1.0,0.0,1.0,1.0,0.0
challenging,mario,lY6ELCJ9,15,Human,1.0,2.0,1.0,1.0,2.0,1.0
challenging,mario,lY6ELCJ9,16,Human,1.0,2.0,1.0,1.0,2.0,1.0
challenging,mario,lY6ELCJ9,17,Human,2.0,3.0,1.0,2.0,3.0,1.0
challenging,mario,lY6ELCJ9,18,Human,4.0,2.0,-2.0,4.0,2.0,-2.0
challenging,mario,lY6ELCJ9,19,Human,2.0,2.0,0.0,2.0,2.0,0.0
challenging,mario,lY6ELCJ9,20,Human,2.0,3.0,1.0,2.0,3.0,1.0
challenging,mario,lgoBPkQB,1,AI,1.0,2.0,1.0,1.0,2.0,1.0
challenging,mario,lgoBPkQB,2,AI,2.0,1.0,-1.0,2.0,1.0,-1.0
challenging,mario,lgoBPkQB,3,AI,1.0,1.0,0.0,1.0,1.0,0.0
challenging,mario,lgoBPkQB,4,AI,1.0,1.0,0.0,1.0,1.0,0.0
challenging,mario,lgoBPkQB,5,AI,1.0,1.0,0.0,1.0,1.0,0.0
challenging,mario,lgoBPkQB,6,AI,1.0,1.0,0.0,1.0,1.0,0.0
challenging,mario,lgoBPkQB,7,AI,1.0,1.0,0.0,1.0,1.0,0.0
challenging,mario,lgoBPkQB,8,AI,1.0,1.0,0.0,1.0,1.0,0.0
challenging,mario,lgoBPkQB,9,AI,1.0,1.0,0.0,1.0,1.0,0.0
challenging,mario,lgoBPkQB,10,AI,1.0,1.0,0.0,1.0,1.0,0.0
challenging,mario,lgoBPkQB,11,AI,2.0,1.0,-1.0,2.0,1.0,-1.0
challenging,mario,lgoBPkQB,12,AI,1.0,1.0,0.0,1.0,1.0,0.0
challenging,mario,lgoBPkQB,13,AI,1.0,1.0,0.0,1.0,1.0,0.0
challenging,mario,lgoBPkQB,14,AI,2.0,1.0,-1.0,2.0,1.0,-1.0
challenging,mario,lgoBPkQB,15,AI,1.0,2.0,1.0,1.0,2.0,1.0
challenging,mario,lgoBPkQB,16,AI,1.0,1.0,0.0,1.0,1.0,0.0
challenging,mario,lgoBPkQB,17,AI,1.0,1.0,0.0,1.0,1.0,0.0
challenging,mario,lgoBPkQB,18,AI,1.0,2.0,1.0,1.0,2.0,1.0
challenging,mario,lgoBPkQB,19,AI,1.0,1.0,0.0,1.0,1.0,0.0
challenging,mario,lgoBPkQB,20,AI,1.0,1.0,0.0,1.0,1.0,0.0
challenging,mario,mmMjssLU,1,AI,2.0,1.0,-1.0,2.0,1.0,-1.0
challenging,mario,mmMjssLU,2,AI,2.0,1.0,-1.0,2.0,1.0,-1.0
challenging,mario,mmMjssLU,3,AI,1.0,1.0,0.0,1.0,1.0,0.0
challenging,mario,mmMjssLU,4,AI,1.0,1.0,0.0,1.0,1.0,0.0
challenging,mario,mmMjssLU,5,AI,1.0,1.0,0.0,1.0,1.0,0.0
challenging,mario,mmMjssLU,6,AI,1.0,1.0,0.0,1.0,1.0,0.0
challenging,mario,mmMjssLU,7,AI,1.0,2.0,1.0,1.0,2.0,1.0
challenging,mario,mmMjssLU,8,AI,2.0,1.0,-1.0,2.0,1.0,-1.0
challenging,mario,mmMjssLU,9,AI,1.0,2.0,1.0,1.0,2.0,1.0
challenging,mario,mmMjssLU,10,AI,1.0,2.0,1.0,1.0,2.0,1.0
challenging,mario,mmMjssLU,11,AI,2.0,1.0,-1.0,2.0,1.0,-1.0
challenging,mario,mmMjssLU,12,AI,1.0,1.0,0.0,1.0,1.0,0.0
challenging,mario,mmMjssLU,13,AI,1.0,1.0,0.0,1.0,1.0,0.0
challenging,mario,mmMjssLU,14,AI,2.0,1.0,-1.0,2.0,1.0,-1.0
challenging,mario,mmMjssLU,15,AI,1.0,1.0,0.0,1.0,1.0,0.0
challenging,mario,mmMjssLU,16,AI,1.0,1.0,0.0,1.0,1.0,0.0
challenging,mario,mmMjssLU,17,AI,2.0,1.0,-1.0,2.0,1.0,-1.0
challenging,mario,mmMjssLU,18,AI,2.0,3.0,1.0,2.0,3.0,1.0
challenging,mario,mmMjssLU,19,AI,1.0,1.0,0.0,1.0,1.0,0.0
challenging,mario,mmMjssLU,20,AI,2.0,2.0,0.0,2.0,2.0,0.0
challenging,mario,oGL3xUR2,1,Human,1.0,1.0,0.0,1.0,1.0,0.0
challenging,mario,oGL3xUR2,2,Human,1.0,1.0,0.0,1.0,1.0,0.0
challenging,mario,oGL3xUR2,3,Human,1.0,1.0,0.0,1.0,1.0,0.0
challenging,mario,oGL3xUR2,4,Human,1.0,1.0,0.0,1.0,1.0,0.0
challenging,mario,oGL3xUR2,5,Human,1.0,1.0,0.0,1.0,1.0,0.0
challenging,mario,oGL3xUR2,6,Human,1.0,1.0,0.0,1.0,1.0,0.0
challenging,mario,oGL3xUR2,7,Human,1.0,1.0,0.0,1.0,1.0,0.0
challenging,mario,oGL3xUR2,8,Human,1.0,1.0,0.0,1.0,1.0,0.0
challenging,mario,oGL3xUR2,9,Human,1.0,1.0,0.0,1.0,1.0,0.0
challenging,mario,oGL3xUR2,10,Human,1.0,1.0,0.0,1.0,1.0,0.0
challenging,mario,oGL3xUR2,11,Human,1.0,1.0,0.0,1.0,1.0,0.0
challenging,mario,oGL3xUR2,12,Human,2.0,1.0,-1.0,2.0,1.0,-1.0
challenging,mario,oGL3xUR2,13,Human,1.0,1.0,0.0,1.0,1.0,0.0
challenging,mario,oGL3xUR2,14,Human,1.0,1.0,0.0,1.0,1.0,0.0
challenging,mario,oGL3xUR2,15,Human,1.0,1.0,0.0,1.0,1.0,0.0
challenging,mario,oGL3xUR2,16,Human,1.0,1.0,0.0,1.0,1.0,0.0
challenging,mario,oGL3xUR2,17,Human,1.0,1.0,0.0,1.0,1.0,0.0
challenging,mario,oGL3xUR2,18,Human,1.0,1.0,0.0,1.0,1.0,0.0
challenging,mario,oGL3xUR2,19,Human,1.0,1.0,0.0,1.0,1.0,0.0
challenging,mario,oGL3xUR2,20,Human,1.0,1.0,0.0,1.0,1.0,0.0
challenging,mario,pY9KB33X,1,Human,1.0,2.0,1.0,1.0,2.0,1.0
challenging,mario,pY9KB33X,2,Human,2.0,1.0,-1.0,2.0,1.0,-1.0
challenging,mario,pY9KB33X,3,Human,2.0,2.0,0.0,2.0,2.0,0.0
challenging,mario,pY9KB33X,4,Human,4.0,1.0,-3.0,4.0,1.0,-3.0
challenging,mario,pY9KB33X,5,Human,3.0,1.0,-2.0,3.0,1.0,-2.0
challenging,mario,pY9KB33X,6,Human,3.0,1.0,-2.0,3.0,1.0,-2.0
challenging,mario,pY9KB33X,7,Human,3.0,1.0,-2.0,3.0,1.0,-2.0
challenging,mario,pY9KB33X,8,Human,3.0,1.0,-2.0,3.0,1.0,-2.0
challenging,mario,pY9KB33X,9,Human,1.0,3.0,2.0,1.0,3.0,2.0
challenging,mario,pY9KB33X,10,Human,3.0,2.0,-1.0,3.0,2.0,-1.0
challenging,mario,pY9KB33X,11,Human,1.0,1.0,0.0,1.0,1.0,0.0
challenging,mario,pY9KB33X,12,Human,2.0,2.0,0.0,2.0,2.0,0.0
challenging,mario,pY9KB33X,13,Human,1.0,2.0,1.0,1.0,2.0,1.0
challenging,mario,pY9KB33X,14,Human,4.0,2.0,-2.0,4.0,2.0,-2.0
challenging,mario,pY9KB33X,15,Human,1.0,1.0,0.0,1.0,1.0,0.0
challenging,mario,pY9KB33X,16,Human,1.0,2.0,1.0,1.0,2.0,1.0
challenging,mario,pY9KB33X,17,Human,3.0,2.0,-1.0,3.0,2.0,-1.0
challenging,mario,pY9KB33X,18,Human,1.0,2.0,1.0,1.0,2.0,1.0
challenging,mario,pY9KB33X,19,Human,2.0,1.0,-1.0,2.0,1.0,-1.0
challenging,mario,pY9KB33X,20,Human,1.0,1.0,0.0,1.0,1.0,0.0
challenging,mario,tMYRotFs,1,Human,2.0,1.0,-1.0,2.0,1.0,-1.0
challenging,mario,tMYRotFs,2,Human,1.0,1.0,0.0,1.0,1.0,0.0
challenging,mario,tMYRotFs,3,Human,3.0,2.0,-1.0,3.0,2.0,-1.0
challenging,mario,tMYRotFs,4,Human,1.0,3.0,2.0,1.0,3.0,2.0
challenging,mario,tMYRotFs,5,Human,1.0,1.0,0.0,1.0,1.0,0.0
challenging,mario,tMYRotFs,6,Human,3.0,2.0,-1.0,3.0,2.0,-1.0
challenging,mario,tMYRotFs,7,Human,4.0,2.0,-2.0,4.0,2.0,-2.0
challenging,mario,tMYRotFs,8,Human,1.0,3.0,2.0,1.0,3.0,2.0
challenging,mario,tMYRotFs,9,Human,2.0,2.0,0.0,2.0,2.0,0.0
challenging,mario,tMYRotFs,10,Human,2.0,3.0,1.0,2.0,3.0,1.0
challenging,mario,tMYRotFs,11,Human,1.0,2.0,1.0,1.0,2.0,1.0
challenging,mario,tMYRotFs,12,Human,1.0,2.0,1.0,1.0,2.0,1.0
challenging,mario,tMYRotFs,13,Human,1.0,2.0,1.0,1.0,2.0,1.0
challenging,mario,tMYRotFs,14,Human,1.0,2.0,1.0,1.0,2.0,1.0
challenging,mario,tMYRotFs,15,Human,1.0,1.0,0.0,1.0,1.0,0.0
challenging,mario,tMYRotFs,16,Human,3.0,2.0,-1.0,3.0,2.0,-1.0
challenging,mario,tMYRotFs,17,Human,2.0,1.0,-1.0,2.0,1.0,-1.0
challenging,mario,tMYRotFs,18,Human,2.0,1.0,-1.0,2.0,1.0,-1.0
challenging,mario,tMYRotFs,19,Human,1.0,2.0,1.0,1.0,2.0,1.0
challenging,mario,tMYRotFs,20,Human,5.0,2.0,-3.0,5.0,2.0,-3.0
challenging,mario,ueNqeTXa,1,AI,4.0,5.0,1.0,4.0,5.0,1.0
challenging,mario,ueNqeTXa,2,AI,4.0,2.0,-2.0,4.0,2.0,-2.0
challenging,mario,ueNqeTXa,3,AI,2.0,2.0,0.0,2.0,2.0,0.0
challenging,mario,ueNqeTXa,4,AI,4.0,3.0,-1.0,4.0,3.0,-1.0
challenging,mario,ueNqeTXa,5,AI,3.0,2.0,-1.0,3.0,2.0,-1.0
challenging,mario,ueNqeTXa,6,AI,4.0,2.0,-2.0,4.0,2.0,-2.0
challenging,mario,ueNqeTXa,7,AI,3.0,1.0,-2.0,3.0,1.0,-2.0
challenging,mario,ueNqeTXa,8,AI,4.0,2.0,-2.0,4.0,2.0,-2.0
challenging,mario,ueNqeTXa,9,AI,1.0,1.0,0.0,1.0,1.0,0.0
challenging,mario,ueNqeTXa,10,AI,2.0,5.0,3.0,2.0,5.0,3.0
challenging,mario,ueNqeTXa,11,AI,3.0,3.0,0.0,3.0,3.0,0.0
challenging,mario,ueNqeTXa,12,AI,2.0,2.0,0.0,2.0,2.0,0.0
challenging,mario,ueNqeTXa,13,AI,1.0,3.0,2.0,1.0,3.0,2.0
challenging,mario,ueNqeTXa,14,AI,4.0,3.0,-1.0,4.0,3.0,-1.0
challenging,mario,ueNqeTXa,15,AI,5.0,3.0,-2.0,5.0,3.0,-2.0
challenging,mario,ueNqeTXa,16,AI,2.0,1.0,-1.0,2.0,1.0,-1.0
challenging,mario,ueNqeTXa,17,AI,4.0,2.0,-2.0,4.0,2.0,-2.0
challenging,mario,ueNqeTXa,18,AI,3.0,4.0,1.0,3.0,4.0,1.0
challenging,mario,ueNqeTXa,19,AI,5.0,2.0,-3.0,5.0,2.0,-3.0
challenging,mario,ueNqeTXa,20,AI,2.0,2.0,0.0,2.0,2.0,0.0
challenging,mario,vHybWiYq,1,AI,5.0,2.0,-3.0,5.0,2.0,-3.0
challenging,mario,vHybWiYq,2,AI,2.0,4.0,2.0,2.0,4.0,2.0
challenging,mario,vHybWiYq,3,AI,4.0,2.0,-2.0,4.0,2.0,-2.0
challenging,mario,vHybWiYq,4,AI,1.0,2.0,1.0,1.0,2.0,1.0
challenging,mario,vHybWiYq,5,AI,2.0,2.0,0.0,2.0,2.0,0.0
challenging,mario,vHybWiYq,6,AI,1.0,5.0,4.0,1.0,5.0,4.0
challenging,mario,vHybWiYq,7,AI,4.0,2.0,-2.0,4.0,2.0,-2.0
challenging,mario,vHybWiYq,8,AI,2.0,2.0,0.0,2.0,2.0,0.0
challenging,mario,vHybWiYq,9,AI,1.0,3.0,2.0,1.0,3.0,2.0
challenging,mario,vHybWiYq,10,AI,1.0,3.0,2.0,1.0,3.0,2.0
challenging,mario,vHybWiYq,11,AI,2.0,2.0,0.0,2.0,2.0,0.0
challenging,mario,vHybWiYq,12,AI,5.0,2.0,-3.0,5.0,2.0,-3.0
challenging,mario,vHybWiYq,13,AI,5.0,2.0,-3.0,5.0,2.0,-3.0
challenging,mario,vHybWiYq,14,AI,2.0,2.0,0.0,2.0,2.0,0.0
challenging,mario,vHybWiYq,15,AI,2.0,1.0,-1.0,2.0,1.0,-1.0
challenging,mario,vHybWiYq,16,AI,1.0,4.0,3.0,1.0,4.0,3.0
challenging,mario,vHybWiYq,17,AI,2.0,1.0,-1.0,2.0,1.0,-1.0
challenging,mario,vHybWiYq,18,AI,2.0,1.0,-1.0,2.0,1.0,-1.0
challenging,mario,vHybWiYq,19,AI,1.0,4.0,3.0,1.0,4.0,3.0
challenging,mario,vHybWiYq,20,AI,3.0,2.0,-1.0,3.0,2.0,-1.0
challenging,mario,x3V9NLQt,1,Human,1.0,1.0,0.0,1.0,1.0,0.0
challenging,mario,x3V9NLQt,2,Human,2.0,1.0,-1.0,2.0,1.0,-1.0
challenging,mario,x3V9NLQt,3,Human,2.0,1.0,-1.0,2.0,1.0,-1.0
challenging,mario,x3V9NLQt,4,Human,1.0,1.0,0.0,1.0,1.0,0.0
challenging,mario,x3V9NLQt,5,Human,2.0,2.0,0.0,2.0,2.0,0.0
challenging,mario,x3V9NLQt,6,Human,1.0,1.0,0.0,1.0,1.0,0.0
challenging,mario,x3V9NLQt,7,Human,2.0,1.0,-1.0,2.0,1.0,-1.0
challenging,mario,x3V9NLQt,8,Human,2.0,2.0,0.0,2.0,2.0,0.0
challenging,mario,x3V9NLQt,9,Human,2.0,2.0,0.0,2.0,2.0,0.0
challenging,mario,x3V9NLQt,10,Human,2.0,1.0,-1.0,2.0,1.0,-1.0
challenging,mario,x3V9NLQt,11,Human,2.0,1.0,-1.0,2.0,1.0,-1.0
challenging,mario,x3V9NLQt,12,Human,1.0,1.0,0.0,1.0,1.0,0.0
challenging,mario,x3V9NLQt,13,Human,2.0,1.0,-1.0,2.0,1.0,-1.0
challenging,mario,x3V9NLQt,14,Human,1.0,1.0,0.0,1.0,1.0,0.0
challenging,mario,x3V9NLQt,15,Human,1.0,1.0,0.0,1.0,1.0,0.0
challenging,mario,x3V9NLQt,16,Human,1.0,2.0,1.0,1.0,2.0,1.0
challenging,mario,x3V9NLQt,17,Human,1.0,1.0,0.0,1.0,1.0,0.0
challenging,mario,x3V9NLQt,18,Human,1.0,1.0,0.0,1.0,1.0,0.0
challenging,mario,x3V9NLQt,19,Human,1.0,1.0,0.0,1.0,1.0,0.0
challenging,mario,x3V9NLQt,20,Human,1.0,1.0,0.0,1.0,1.0,0.0
challenging,mario,xYnV8Xi7,1,AI,1.0,1.0,0.0,1.0,1.0,0.0
challenging,mario,xYnV8Xi7,2,AI,4.0,1.0,-3.0,4.0,1.0,-3.0
challenging,mario,xYnV8Xi7,3,AI,1.0,5.0,4.0,1.0,5.0,4.0
challenging,mario,xYnV8Xi7,4,AI,5.0,1.0,-4.0,5.0,1.0,-4.0
challenging,mario,xYnV8Xi7,5,AI,1.0,1.0,0.0,1.0,1.0,0.0
challenging,mario,xYnV8Xi7,6,AI,5.0,5.0,0.0,5.0,5.0,0.0
challenging,mario,xYnV8Xi7,7,AI,2.0,5.0,3.0,2.0,5.0,3.0
challenging,mario,xYnV8Xi7,8,AI,4.0,5.0,1.0,4.0,5.0,1.0
challenging,mario,xYnV8Xi7,9,AI,1.0,4.0,3.0,1.0,4.0,3.0
challenging,mario,xYnV8Xi7,10,AI,1.0,3.0,2.0,1.0,3.0,2.0
challenging,mario,xYnV8Xi7,11,AI,1.0,5.0,4.0,1.0,5.0,4.0
challenging,mario,xYnV8Xi7,12,AI,2.0,5.0,3.0,2.0,5.0,3.0
challenging,mario,xYnV8Xi7,13,AI,4.0,1.0,-3.0,4.0,1.0,-3.0
challenging,mario,xYnV8Xi7,14,AI,1.0,1.0,0.0,1.0,1.0,0.0
challenging,mario,xYnV8Xi7,15,AI,1.0,1.0,0.0,1.0,1.0,0.0
challenging,mario,xYnV8Xi7,16,AI,1.0,1.0,0.0,1.0,1.0,0.0
challenging,mario,xYnV8Xi7,17,AI,2.0,3.0,1.0,2.0,3.0,1.0
challenging,mario,xYnV8Xi7,18,AI,1.0,5.0,4.0,1.0,5.0,4.0
challenging,mario,xYnV8Xi7,19,AI,5.0,5.0,0.0,5.0,5.0,0.0
challenging,mario,xYnV8Xi7,20,AI,1.0,2.0,1.0,1.0,2.0,1.0
challenging,mario,yAXhWaGh,1,Human,1.0,4.0,3.0,1.0,4.0,3.0
challenging,mario,yAXhWaGh,2,Human,5.0,2.0,-3.0,5.0,2.0,-3.0
challenging,mario,yAXhWaGh,3,Human,1.0,1.0,0.0,1.0,1.0,0.0
challenging,mario,yAXhWaGh,4,Human,3.0,1.0,-2.0,3.0,1.0,-2.0
challenging,mario,yAXhWaGh,5,Human,1.0,2.0,1.0,1.0,2.0,1.0
challenging,mario,yAXhWaGh,6,Human,1.0,1.0,0.0,1.0,1.0,0.0
challenging,mario,yAXhWaGh,7,Human,2.0,1.0,-1.0,2.0,1.0,-1.0
challenging,mario,yAXhWaGh,8,Human,2.0,1.0,-1.0,2.0,1.0,-1.0
challenging,mario,yAXhWaGh,9,Human,1.0,2.0,1.0,1.0,2.0,1.0
challenging,mario,yAXhWaGh,10,Human,2.0,1.0,-1.0,2.0,1.0,-1.0
challenging,mario,yAXhWaGh,11,Human,1.0,2.0,1.0,1.0,2.0,1.0
challenging,mario,yAXhWaGh,12,Human,5.0,2.0,-3.0,5.0,2.0,-3.0
challenging,mario,yAXhWaGh,13,Human,2.0,1.0,-1.0,2.0,1.0,-1.0
challenging,mario,yAXhWaGh,14,Human,2.0,1.0,-1.0,2.0,1.0,-1.0
challenging,mario,yAXhWaGh,15,Human,1.0,1.0,0.0,1.0,1.0,0.0
challenging,mario,yAXhWaGh,16,Human,2.0,2.0,0.0,2.0,2.0,0.0
challenging,mario,yAXhWaGh,17,Human,2.0,2.0,0.0,2.0,2.0,0.0
challenging,mario,yAXhWaGh,18,Human,5.0,1.0,-4.0,5.0,1.0,-4.0
challenging,mario,yAXhWaGh,19,Human,5.0,1.0,-4.0,5.0,1.0,-4.0
challenging,mario,yAXhWaGh,20,Human,1.0,1.0,0.0,1.0,1.0,0.0
challenging,sokoban,2v2qgbvC,1,Human,1.0,1.0,0.0,1.0,1.0,0.0
challenging,sokoban,2v2qgbvC,2,Human,1.0,1.0,0.0,1.0,1.0,0.0
challenging,sokoban,2v2qgbvC,3,Human,1.0,1.0,0.0,1.0,1.0,0.0
challenging,sokoban,2v2qgbvC,4,Human,1.0,1.0,0.0,1.0,1.0,0.0
challenging,sokoban,2v2qgbvC,5,Human,1.0,1.0,0.0,1.0,1.0,0.0
challenging,sokoban,2v2qgbvC,6,Human,1.0,1.0,0.0,1.0,1.0,0.0
challenging,sokoban,2v2qgbvC,7,Human,1.0,1.0,0.0,1.0,1.0,0.0
challenging,sokoban,2v2qgbvC,8,Human,1.0,1.0,0.0,1.0,1.0,0.0
challenging,sokoban,2v2qgbvC,9,Human,3.0,1.0,-2.0,3.0,1.0,-2.0
challenging,sokoban,2v2qgbvC,10,Human,1.0,1.0,0.0,1.0,1.0,0.0
challenging,sokoban,2v2qgbvC,11,Human,1.0,1.0,0.0,1.0,1.0,0.0
challenging,sokoban,2v2qgbvC,12,Human,1.0,1.0,0.0,1.0,1.0,0.0
challenging,sokoban,2v2qgbvC,13,Human,1.0,1.0,0.0,1.0,1.0,0.0
challenging,sokoban,2v2qgbvC,14,Human,1.0,1.0,0.0,1.0,1.0,0.0
challenging,sokoban,2v2qgbvC,15,Human,1.0,2.0,1.0,1.0,2.0,1.0
challenging,sokoban,2v2qgbvC,16,Human,1.0,1.0,0.0,1.0,1.0,0.0
challenging,sokoban,2v2qgbvC,17,Human,1.0,1.0,0.0,1.0,1.0,0.0
challenging,sokoban,2v2qgbvC,18,Human,1.0,1.0,0.0,1.0,1.0,0.0
challenging,sokoban,2v2qgbvC,19,Human,1.0,1.0,0.0,1.0,1.0,0.0
challenging,sokoban,2v2qgbvC,20,Human,1.0,1.0,0.0,1.0,1.0,0.0
challenging,sokoban,3xtQxBWH,1,Human,4.0,2.0,-2.0,4.0,2.0,-2.0
challenging,sokoban,3xtQxBWH,2,Human,3.0,1.0,-2.0,3.0,1.0,-2.0
challenging,sokoban,3xtQxBWH,3,Human,2.0,2.0,0.0,2.0,2.0,0.0
challenging,sokoban,3xtQxBWH,4,Human,4.0,2.0,-2.0,4.0,2.0,-2.0
challenging,sokoban,3xtQxBWH,5,Human,3.0,2.0,-1.0,3.0,2.0,-1.0
challenging,sokoban,3xtQxBWH,6,Human,4.0,2.0,-2.0,4.0,2.0,-2.0
challenging,sokoban,3xtQxBWH,7,Human,3.0,2.0,-1.0,3.0,2.0,-1.0
challenging,sokoban,3xtQxBWH,8,Human,4.0,4.0,0.0,4.0,4.0,0.0
challenging,sokoban,3xtQxBWH,9,Human,3.0,2.0,-1.0,3.0,2.0,-1.0
challenging,sokoban,3xtQxBWH,10,Human,3.0,2.0,-1.0,3.0,2.0,-1.0
challenging,sokoban,3xtQxBWH,11,Human,3.0,3.0,0.0,3.0,3.0,0.0
challenging,sokoban,3xtQxBWH,12,Human,3.0,3.0,0.0,3.0,3.0,0.0
challenging,sokoban,3xtQxBWH,13,Human,4.0,2.0,-2.0,4.0,2.0,-2.0
challenging,sokoban,3xtQxBWH,14,Human,3.0,3.0,0.0,3.0,3.0,0.0
challenging,sokoban,3xtQxBWH,15,Human,2.0,2.0,0.0,2.0,2.0,0.0
challenging,sokoban,3xtQxBWH,16,Human,3.0,2.0,-1.0,3.0,2.0,-1.0
challenging,sokoban,3xtQxBWH,17,Human,3.0,3.0,0.0,3.0,3.0,0.0
challenging,sokoban,3xtQxBWH,18,Human,2.0,2.0,0.0,2.0,2.0,0.0
challenging,sokoban,3xtQxBWH,19,Human,3.0,3.0,0.0,3.0,3.0,0.0
challenging,sokoban,3xtQxBWH,20,Human,3.0,2.0,-1.0,3.0,2.0,-1.0
challenging,sokoban,5Au4nrI2,1,Human,3.0,2.0,-1.0,3.0,2.0,-1.0
challenging,sokoban,5Au4nrI2,2,Human,2.0,2.0,0.0,2.0,2.0,0.0
challenging,sokoban,5Au4nrI2,3,Human,2.0,3.0,1.0,2.0,3.0,1.0
challenging,sokoban,5Au4nrI2,4,Human,2.0,2.0,0.0,2.0,2.0,0.0
challenging,sokoban,5Au4nrI2,5,Human,2.0,2.0,0.0,2.0,2.0,0.0
challenging,sokoban,5Au4nrI2,6,Human,3.0,1.0,-2.0,3.0,1.0,-2.0
challenging,sokoban,5Au4nrI2,7,Human,2.0,1.0,-1.0,2.0,1.0,-1.0
challenging,sokoban,5Au4nrI2,8,Human,1.0,2.0,1.0,1.0,2.0,1.0
challenging,sokoban,5Au4nrI2,9,Human,3.0,2.0,-1.0,3.0,2.0,-1.0
challenging,sokoban,5Au4nrI2,10,Human,2.0,1.0,-1.0,2.0,1.0,-1.0
challenging,sokoban,5Au4nrI2,11,Human,2.0,2.0,0.0,2.0,2.0,0.0
challenging,sokoban,5Au4nrI2,12,Human,1.0,1.0,0.0,1.0,1.0,0.0
challenging,sokoban,5Au4nrI2,13,Human,2.0,2.0,0.0,2.0,2.0,0.0
challenging,sokoban,5Au4nrI2,14,Human,1.0,1.0,0.0,1.0,1.0,0.0
challenging,sokoban,5Au4nrI2,15,Human,1.0,2.0,1.0,1.0,2.0,1.0
challenging,sokoban,5Au4nrI2,16,Human,3.0,2.0,-1.0,3.0,2.0,-1.0
challenging,sokoban,5Au4nrI2,17,Human,3.0,2.0,-1.0,3.0,2.0,-1.0
challenging,sokoban,5Au4nrI2,18,Human,1.0,2.0,1.0,1.0,2.0,1.0
challenging,sokoban,5Au4nrI2,19,Human,2.0,2.0,0.0,2.0,2.0,0.0
challenging,sokoban,5Au4nrI2,20,Human,1.0,2.0,1.0,1.0,2.0,1.0
challenging,sokoban,5iXJGqnK,1,AI,3.0,1.0,-2.0,3.0,1.0,-2.0
challenging,sokoban,5iXJGqnK,2,AI,3.0,1.0,-2.0,3.0,1.0,-2.0
challenging,sokoban,5iXJGqnK,3,AI,1.0,4.0,3.0,1.0,4.0,3.0
challenging,sokoban,5iXJGqnK,4,AI,1.0,3.0,2.0,1.0,3.0,2.0
challenging,sokoban,5iXJGqnK,5,AI,3.0,2.0,-1.0,3.0,2.0,-1.0
challenging,sokoban,5iXJGqnK,6,AI,4.0,2.0,-2.0,4.0,2.0,-2.0
challenging,sokoban,5iXJGqnK,7,AI,3.0,1.0,-2.0,3.0,1.0,-2.0
challenging,sokoban,5iXJGqnK,8,AI,2.0,1.0,-1.0,2.0,1.0,-1.0
challenging,sokoban,5iXJGqnK,9,AI,2.0,2.0,0.0,2.0,2.0,0.0
challenging,sokoban,5iXJGqnK,10,AI,2.0,3.0,1.0,2.0,3.0,1.0
challenging,sokoban,5iXJGqnK,11,AI,4.0,3.0,-1.0,4.0,3.0,-1.0
challenging,sokoban,5iXJGqnK,12,AI,2.0,4.0,2.0,2.0,4.0,2.0
challenging,sokoban,5iXJGqnK,13,AI,4.0,3.0,-1.0,4.0,3.0,-1.0
challenging,sokoban,5iXJGqnK,14,AI,2.0,2.0,0.0,2.0,2.0,0.0
challenging,sokoban,5iXJGqnK,15,AI,4.0,3.0,-1.0,4.0,3.0,-1.0
challenging,sokoban,5iXJGqnK,16,AI,3.0,2.0,-1.0,3.0,2.0,-1.0
challenging,sokoban,5iXJGqnK,17,AI,3.0,1.0,-2.0,3.0,1.0,-2.0
challenging,sokoban,5iXJGqnK,18,AI,2.0,3.0,1.0,2.0,3.0,1.0
challenging,sokoban,5iXJGqnK,19,AI,2.0,4.0,2.0,2.0,4.0,2.0
challenging,sokoban,5iXJGqnK,20,AI,2.0,3.0,1.0,2.0,3.0,1.0
challenging,sokoban,73sJaNBn,1,Human,3.0,2.0,-1.0,3.0,2.0,-1.0
challenging,sokoban,73sJaNBn,2,Human,2.0,4.0,2.0,2.0,4.0,2.0
challenging,sokoban,73sJaNBn,3,Human,1.0,2.0,1.0,1.0,2.0,1.0
challenging,sokoban,73sJaNBn,4,Human,2.0,2.0,0.0,2.0,2.0,0.0
challenging,sokoban,73sJaNBn,5,Human,3.0,1.0,-2.0,3.0,1.0,-2.0
challenging,sokoban,73sJaNBn,6,Human,1.0,1.0,0.0,1.0,1.0,0.0
challenging,sokoban,73sJaNBn,7,Human,2.0,1.0,-1.0,2.0,1.0,-1.0
challenging,sokoban,73sJaNBn,8,Human,1.0,1.0,0.0,1.0,1.0,0.0
challenging,sokoban,73sJaNBn,9,Human,2.0,1.0,-1.0,2.0,1.0,-1.0
challenging,sokoban,73sJaNBn,10,Human,1.0,2.0,1.0,1.0,2.0,1.0
challenging,sokoban,73sJaNBn,11,Human,3.0,1.0,-2.0,3.0,1.0,-2.0
challenging,sokoban,73sJaNBn,12,Human,3.0,1.0,-2.0,3.0,1.0,-2.0
challenging,sokoban,73sJaNBn,13,Human,2.0,2.0,0.0,2.0,2.0,0.0
challenging,sokoban,73sJaNBn,14,Human,3.0,1.0,-2.0,3.0,1.0,-2.0
challenging,sokoban,73sJaNBn,15,Human,1.0,2.0,1.0,1.0,2.0,1.0
challenging,sokoban,73sJaNBn,16,Human,1.0,2.0,1.0,1.0,2.0,1.0
challenging,sokoban,73sJaNBn,17,Human,2.0,2.0,0.0,2.0,2.0,0.0
challenging,sokoban,73sJaNBn,18,Human,1.0,1.0,0.0,1.0,1.0,0.0
challenging,sokoban,73sJaNBn,19,Human,2.0,1.0,-1.0,2.0,1.0,-1.0
challenging,sokoban,73sJaNBn,20,Human,4.0,2.0,-2.0,4.0,2.0,-2.0
challenging,sokoban,79DSy6TF,1,AI,1.0,1.0,0.0,1.0,1.0,0.0
challenging,sokoban,79DSy6TF,2,AI,1.0,1.0,0.0,1.0,1.0,0.0
challenging,sokoban,79DSy6TF,3,AI,1.0,1.0,0.0,1.0,1.0,0.0
challenging,sokoban,79DSy6TF,4,AI,1.0,1.0,0.0,1.0,1.0,0.0
challenging,sokoban,79DSy6TF,5,AI,1.0,1.0,0.0,1.0,1.0,0.0
challenging,sokoban,79DSy6TF,6,AI,1.0,1.0,0.0,1.0,1.0,0.0
challenging,sokoban,79DSy6TF,7,AI,1.0,1.0,0.0,1.0,1.0,0.0
challenging,sokoban,79DSy6TF,8,AI,1.0,1.0,0.0,1.0,1.0,0.0
challenging,sokoban,79DSy6TF,9,AI,4.0,2.0,-2.0,4.0,2.0,-2.0
challenging,sokoban,79DSy6TF,10,AI,1.0,1.0,0.0,1.0,1.0,0.0
challenging,sokoban,79DSy6TF,11,AI,1.0,1.0,0.0,1.0,1.0,0.0
challenging,sokoban,79DSy6TF,12,AI,1.0,2.0,1.0,1.0,2.0,1.0
challenging,sokoban,79DSy6TF,13,AI,1.0,1.0,0.0,1.0,1.0,0.0
challenging,sokoban,79DSy6TF,14,AI,1.0,1.0,0.0,1.0,1.0,0.0
challenging,sokoban,79DSy6TF,15,AI,1.0,1.0,0.0,1.0,1.0,0.0
challenging,sokoban,79DSy6TF,16,AI,1.0,1.0,0.0,1.0,1.0,0.0
challenging,sokoban,79DSy6TF,17,AI,1.0,1.0,0.0,1.0,1.0,0.0
challenging,sokoban,79DSy6TF,18,AI,1.0,1.0,0.0,1.0,1.0,0.0
challenging,sokoban,79DSy6TF,19,AI,1.0,1.0,0.0,1.0,1.0,0.0
challenging,sokoban,79DSy6TF,20,AI,1.0,2.0,1.0,1.0,2.0,1.0
challenging,sokoban,7V2mu5KA,1,Human,2.0,2.0,0.0,2.0,2.0,0.0
challenging,sokoban,7V2mu5KA,2,Human,2.0,1.0,-1.0,2.0,1.0,-1.0
challenging,sokoban,7V2mu5KA,3,Human,3.0,2.0,-1.0,3.0,2.0,-1.0
challenging,sokoban,7V2mu5KA,4,Human,2.0,2.0,0.0,2.0,2.0,0.0
challenging,sokoban,7V2mu5KA,5,Human,2.0,1.0,-1.0,2.0,1.0,-1.0
challenging,sokoban,7V2mu5KA,6,Human,2.0,1.0,-1.0,2.0,1.0,-1.0
challenging,sokoban,7V2mu5KA,7,Human,1.0,1.0,0.0,1.0,1.0,0.0
challenging,sokoban,7V2mu5KA,8,Human,3.0,2.0,-1.0,3.0,2.0,-1.0
challenging,sokoban,7V2mu5KA,9,Human,2.0,1.0,-1.0,2.0,1.0,-1.0
challenging,sokoban,7V2mu5KA,10,Human,2.0,1.0,-1.0,2.0,1.0,-1.0
challenging,sokoban,7V2mu5KA,11,Human,3.0,1.0,-2.0,3.0,1.0,-2.0
challenging,sokoban,7V2mu5KA,12,Human,3.0,1.0,-2.0,3.0,1.0,-2.0
challenging,sokoban,7V2mu5KA,13,Human,2.0,1.0,-1.0,2.0,1.0,-1.0
challenging,sokoban,7V2mu5KA,14,Human,2.0,1.0,-1.0,2.0,1.0,-1.0
challenging,sokoban,7V2mu5KA,15,Human,2.0,1.0,-1.0,2.0,1.0,-1.0
challenging,sokoban,7V2mu5KA,16,Human,2.0,1.0,-1.0,2.0,1.0,-1.0
challenging,sokoban,7V2mu5KA,17,Human,2.0,2.0,0.0,2.0,2.0,0.0
challenging,sokoban,7V2mu5KA,18,Human,3.0,1.0,-2.0,3.0,1.0,-2.0
challenging,sokoban,7V2mu5KA,19,Human,4.0,4.0,0.0,4.0,4.0,0.0
challenging,sokoban,7V2mu5KA,20,Human,3.0,2.0,-1.0,3.0,2.0,-1.0
challenging,sokoban,8Ua6YU1D,1,Human,1.0,1.0,0.0,1.0,1.0,0.0
challenging,sokoban,8Ua6YU1D,2,Human,1.0,1.0,0.0,1.0,1.0,0.0
challenging,sokoban,8Ua6YU1D,3,Human,3.0,1.0,-2.0,3.0,1.0,-2.0
challenging,sokoban,8Ua6YU1D,4,Human,1.0,1.0,0.0,1.0,1.0,0.0
challenging,sokoban,8Ua6YU1D,5,Human,3.0,1.0,-2.0,3.0,1.0,-2.0
challenging,sokoban,8Ua6YU1D,6,Human,1.0,1.0,0.0,1.0,1.0,0.0
challenging,sokoban,8Ua6YU1D,7,Human,1.0,1.0,0.0,1.0,1.0,0.0
challenging,sokoban,8Ua6YU1D,8,Human,1.0,1.0,0.0,1.0,1.0,0.0
challenging,sokoban,8Ua6YU1D,9,Human,3.0,1.0,-2.0,3.0,1.0,-2.0
challenging,sokoban,8Ua6YU1D,10,Human,1.0,1.0,0.0,1.0,1.0,0.0
challenging,sokoban,8Ua6YU1D,11,Human,2.0,1.0,-1.0,2.0,1.0,-1.0
challenging,sokoban,8Ua6YU1D,12,Human,1.0,1.0,0.0,1.0,1.0,0.0
challenging,sokoban,8Ua6YU1D,13,Human,1.0,1.0,0.0,1.0,1.0,0.0
challenging,sokoban,8Ua6YU1D,14,Human,3.0,1.0,-2.0,3.0,1.0,-2.0
challenging,sokoban,8Ua6YU1D,15,Human,1.0,1.0,0.0,1.0,1.0,0.0
challenging,sokoban,8Ua6YU1D,16,Human,1.0,2.0,1.0,1.0,2.0,1.0
challenging,sokoban,8Ua6YU1D,17,Human,1.0,2.0,1.0,1.0,2.0,1.0
challenging,sokoban,8Ua6YU1D,18,Human,1.0,1.0,0.0,1.0,1.0,0.0
challenging,sokoban,8Ua6YU1D,19,Human,1.0,1.0,0.0,1.0,1.0,0.0
challenging,sokoban,8Ua6YU1D,20,Human,1.0,1.0,0.0,1.0,1.0,0.0
challenging,sokoban,H77pn4iQ,1,AI,3.0,2.0,-1.0,3.0,2.0,-1.0
challenging,sokoban,H77pn4iQ,2,AI,4.0,1.0,-3.0,4.0,1.0,-3.0
challenging,sokoban,H77pn4iQ,3,AI,3.0,3.0,0.0,3.0,3.0,0.0
challenging,sokoban,H77pn4iQ,4,AI,4.0,2.0,-2.0,4.0,2.0,-2.0
challenging,sokoban,H77pn4iQ,5,AI,3.0,4.0,1.0,3.0,4.0,1.0
challenging,sokoban,H77pn4iQ,6,AI,3.0,4.0,1.0,3.0,4.0,1.0
challenging,sokoban,H77pn4iQ,7,AI,3.0,2.0,-1.0,3.0,2.0,-1.0
challenging,sokoban,H77pn4iQ,8,AI,4.0,4.0,0.0,4.0,4.0,0.0
challenging,sokoban,H77pn4iQ,9,AI,4.0,2.0,-2.0,4.0,2.0,-2.0
challenging,sokoban,H77pn4iQ,10,AI,4.0,2.0,-2.0,4.0,2.0,-2.0
challenging,sokoban,H77pn4iQ,11,AI,3.0,2.0,-1.0,3.0,2.0,-1.0
challenging,sokoban,H77pn4iQ,12,AI,3.0,3.0,0.0,3.0,3.0,0.0
challenging,sokoban,H77pn4iQ,13,AI,4.0,4.0,0.0,4.0,4.0,0.0
challenging,sokoban,H77pn4iQ,14,AI,3.0,2.0,-1.0,3.0,2.0,-1.0
challenging,sokoban,H77pn4iQ,15,AI,4.0,4.0,0.0,4.0,4.0,0.0
challenging,sokoban,H77pn4iQ,16,AI,3.0,3.0,0.0,3.0,3.0,0.0
challenging,sokoban,H77pn4iQ,17,AI,4.0,3.0,-1.0,4.0,3.0,-1.0
challenging,sokoban,H77pn4iQ,18,AI,3.0,3.0,0.0,3.0,3.0,0.0
challenging,sokoban,H77pn4iQ,19,AI,4.0,3.0,-1.0,4.0,3.0,-1.0
challenging,sokoban,H77pn4iQ,20,AI,3.0,2.0,-1.0,3.0,2.0,-1.0
challenging,sokoban,HjLVlKx4,1,Human,1.0,1.0,0.0,1.0,1.0,0.0
challenging,sokoban,HjLVlKx4,2,Human,1.0,2.0,1.0,1.0,2.0,1.0
challenging,sokoban,HjLVlKx4,3,Human,3.0,2.0,-1.0,3.0,2.0,-1.0
challenging,sokoban,HjLVlKx4,4,Human,3.0,2.0,-1.0,3.0,2.0,-1.0
challenging,sokoban,HjLVlKx4,5,Human,2.0,1.0,-1.0,2.0,1.0,-1.0
challenging,sokoban,HjLVlKx4,6,Human,2.0,1.0,-1.0,2.0,1.0,-1.0
challenging,sokoban,HjLVlKx4,7,Human,2.0,2.0,0.0,2.0,2.0,0.0
challenging,sokoban,HjLVlKx4,8,Human,3.0,1.0,-2.0,3.0,1.0,-2.0
challenging,sokoban,HjLVlKx4,9,Human,1.0,1.0,0.0,1.0,1.0,0.0
challenging,sokoban,HjLVlKx4,10,Human,2.0,1.0,-1.0,2.0,1.0,-1.0
challenging,sokoban,HjLVlKx4,11,Human,2.0,1.0,-1.0,2.0,1.0,-1.0
challenging,sokoban,HjLVlKx4,12,Human,1.0,2.0,1.0,1.0,2.0,1.0
challenging,sokoban,HjLVlKx4,13,Human,2.0,1.0,-1.0,2.0,1.0,-1.0
challenging,sokoban,HjLVlKx4,14,Human,1.0,2.0,1.0,1.0,2.0,1.0
challenging,sokoban,HjLVlKx4,15,Human,4.0,2.0,-2.0,4.0,2.0,-2.0
challenging,sokoban,HjLVlKx4,16,Human,3.0,1.0,-2.0,3.0,1.0,-2.0
challenging,sokoban,HjLVlKx4,17,Human,2.0,1.0,-1.0,2.0,1.0,-1.0
challenging,sokoban,HjLVlKx4,18,Human,1.0,1.0,0.0,1.0,1.0,0.0
challenging,sokoban,HjLVlKx4,19,Human,2.0,1.0,-1.0,2.0,1.0,-1.0
challenging,sokoban,HjLVlKx4,20,Human,2.0,1.0,-1.0,2.0,1.0,-1.0
challenging,sokoban,Iz5BqRyu,1,AI,4.0,2.0,-2.0,4.0,2.0,-2.0
challenging,sokoban,Iz5BqRyu,2,AI,3.0,2.0,-1.0,3.0,2.0,-1.0
challenging,sokoban,Iz5BqRyu,3,AI,2.0,2.0,0.0,2.0,2.0,0.0
challenging,sokoban,Iz5BqRyu,4,AI,2.0,3.0,1.0,2.0,3.0,1.0
challenging,sokoban,Iz5BqRyu,5,AI,3.0,2.0,-1.0,3.0,2.0,-1.0
challenging,sokoban,Iz5BqRyu,6,AI,4.0,4.0,0.0,4.0,4.0,0.0
challenging,sokoban,Iz5BqRyu,7,AI,3.0,2.0,-1.0,3.0,2.0,-1.0
challenging,sokoban,Iz5BqRyu,8,AI,3.0,4.0,1.0,3.0,4.0,1.0
challenging,sokoban,Iz5BqRyu,9,AI,2.0,1.0,-1.0,2.0,1.0,-1.0
challenging,sokoban,Iz5BqRyu,10,AI,2.0,3.0,1.0,2.0,3.0,1.0
challenging,sokoban,Iz5BqRyu,11,AI,4.0,1.0,-3.0,4.0,1.0,-3.0
challenging,sokoban,Iz5BqRyu,12,AI,4.0,3.0,-1.0,4.0,3.0,-1.0
challenging,sokoban,Iz5BqRyu,13,AI,2.0,2.0,0.0,2.0,2.0,0.0
challenging,sokoban,Iz5BqRyu,14,AI,2.0,3.0,1.0,2.0,3.0,1.0
challenging,sokoban,Iz5BqRyu,15,AI,3.0,2.0,-1.0,3.0,2.0,-1.0
challenging,sokoban,Iz5BqRyu,16,AI,3.0,3.0,0.0,3.0,3.0,0.0
challenging,sokoban,Iz5BqRyu,17,AI,3.0,2.0,-1.0,3.0,2.0,-1.0
challenging,sokoban,Iz5BqRyu,18,AI,2.0,1.0,-1.0,2.0,1.0,-1.0
challenging,sokoban,Iz5BqRyu,19,AI,1.0,2.0,1.0,1.0,2.0,1.0
challenging,sokoban,Iz5BqRyu,20,AI,3.0,2.0,-1.0,3.0,2.0,-1.0
challenging,sokoban,LUiVjpMm,1,AI,2.0,2.0,0.0,2.0,2.0,0.0
challenging,sokoban,LUiVjpMm,2,AI,1.0,2.0,1.0,1.0,2.0,1.0
challenging,sokoban,LUiVjpMm,3,AI,1.0,1.0,0.0,1.0,1.0,0.0
challenging,sokoban,LUiVjpMm,4,AI,1.0,1.0,0.0,1.0,1.0,0.0
challenging,sokoban,LUiVjpMm,5,AI,1.0,2.0,1.0,1.0,2.0,1.0
challenging,sokoban,LUiVjpMm,6,AI,1.0,2.0,1.0,1.0,2.0,1.0
challenging,sokoban,LUiVjpMm,7,AI,1.0,1.0,0.0,1.0,1.0,0.0
challenging,sokoban,LUiVjpMm,8,AI,1.0,1.0,0.0,1.0,1.0,0.0
challenging,sokoban,LUiVjpMm,9,AI,1.0,1.0,0.0,1.0,1.0,0.0
challenging,sokoban,LUiVjpMm,10,AI,1.0,1.0,0.0,1.0,1.0,0.0
challenging,sokoban,LUiVjpMm,11,AI,1.0,1.0,0.0,1.0,1.0,0.0
challenging,sokoban,LUiVjpMm,12,AI,1.0,3.0,2.0,1.0,3.0,2.0
challenging,sokoban,LUiVjpMm,13,AI,1.0,1.0,0.0,1.0,1.0,0.0
challenging,sokoban,LUiVjpMm,14,AI,1.0,1.0,0.0,1.0,1.0,0.0
challenging,sokoban,LUiVjpMm,15,AI,1.0,1.0,0.0,1.0,1.0,0.0
challenging,sokoban,LUiVjpMm,16,AI,1.0,1.0,0.0,1.0,1.0,0.0
challenging,sokoban,LUiVjpMm,17,AI,1.0,1.0,0.0,1.0,1.0,0.0
challenging,sokoban,LUiVjpMm,18,AI,1.0,1.0,0.0,1.0,1.0,0.0
challenging,sokoban,LUiVjpMm,19,AI,1.0,1.0,0.0,1.0,1.0,0.0
challenging,sokoban,LUiVjpMm,20,AI,3.0,2.0,-1.0,3.0,2.0,-1.0
challenging,sokoban,QUT4qGl2,1,Human,3.0,2.0,-1.0,3.0,2.0,-1.0
challenging,sokoban,QUT4qGl2,2,Human,3.0,2.0,-1.0,3.0,2.0,-1.0
challenging,sokoban,QUT4qGl2,3,Human,3.0,2.0,-1.0,3.0,2.0,-1.0
challenging,sokoban,QUT4qGl2,4,Human,2.0,2.0,0.0,2.0,2.0,0.0
challenging,sokoban,QUT4qGl2,5,Human,3.0,2.0,-1.0,3.0,2.0,-1.0
challenging,sokoban,QUT4qGl2,6,Human,3.0,3.0,0.0,3.0,3.0,0.0
challenging,sokoban,QUT4qGl2,7,Human,4.0,3.0,-1.0,4.0,3.0,-1.0
challenging,sokoban,QUT4qGl2,8,Human,2.0,2.0,0.0,2.0,2.0,0.0
challenging,sokoban,QUT4qGl2,9,Human,2.0,2.0,0.0,2.0,2.0,0.0
challenging,sokoban,QUT4qGl2,10,Human,3.0,3.0,0.0,3.0,3.0,0.0
challenging,sokoban,QUT4qGl2,11,Human,3.0,2.0,-1.0,3.0,2.0,-1.0
challenging,sokoban,QUT4qGl2,12,Human,2.0,2.0,0.0,2.0,2.0,0.0
challenging,sokoban,QUT4qGl2,13,Human,3.0,3.0,0.0,3.0,3.0,0.0
challenging,sokoban,QUT4qGl2,14,Human,3.0,3.0,0.0,3.0,3.0,0.0
challenging,sokoban,QUT4qGl2,15,Human,3.0,4.0,1.0,3.0,4.0,1.0
challenging,sokoban,QUT4qGl2,16,Human,3.0,3.0,0.0,3.0,3.0,0.0
challenging,sokoban,QUT4qGl2,17,Human,3.0,2.0,-1.0,3.0,2.0,-1.0
challenging,sokoban,QUT4qGl2,18,Human,3.0,2.0,-1.0,3.0,2.0,-1.0
challenging,sokoban,QUT4qGl2,19,Human,3.0,2.0,-1.0,3.0,2.0,-1.0
challenging,sokoban,QUT4qGl2,20,Human,3.0,2.0,-1.0,3.0,2.0,-1.0
challenging,sokoban,QV6Qfb7T,1,AI,2.0,2.0,0.0,2.0,2.0,0.0
challenging,sokoban,QV6Qfb7T,2,AI,4.0,2.0,-2.0,4.0,2.0,-2.0
challenging,sokoban,QV6Qfb7T,3,AI,2.0,2.0,0.0,2.0,2.0,0.0
challenging,sokoban,QV6Qfb7T,4,AI,3.0,3.0,0.0,3.0,3.0,0.0
challenging,sokoban,QV6Qfb7T,5,AI,3.0,3.0,0.0,3.0,3.0,0.0
challenging,sokoban,QV6Qfb7T,6,AI,3.0,2.0,-1.0,3.0,2.0,-1.0
challenging,sokoban,QV6Qfb7T,7,AI,3.0,2.0,-1.0,3.0,2.0,-1.0
challenging,sokoban,QV6Qfb7T,8,AI,2.0,2.0,0.0,2.0,2.0,0.0
challenging,sokoban,QV6Qfb7T,9,AI,2.0,2.0,0.0,2.0,2.0,0.0
challenging,sokoban,QV6Qfb7T,10,AI,3.0,2.0,-1.0,3.0,2.0,-1.0
challenging,sokoban,QV6Qfb7T,11,AI,4.0,2.0,-2.0,4.0,2.0,-2.0
challenging,sokoban,QV6Qfb7T,12,AI,2.0,3.0,1.0,2.0,3.0,1.0
challenging,sokoban,QV6Qfb7T,13,AI,4.0,3.0,-1.0,4.0,3.0,-1.0
challenging,sokoban,QV6Qfb7T,14,AI,4.0,2.0,-2.0,4.0,2.0,-2.0
challenging,sokoban,QV6Qfb7T,15,AI,2.0,3.0,1.0,2.0,3.0,1.0
challenging,sokoban,QV6Qfb7T,16,AI,2.0,3.0,1.0,2.0,3.0,1.0
challenging,sokoban,QV6Qfb7T,17,AI,4.0,2.0,-2.0,4.0,2.0,-2.0
challenging,sokoban,QV6Qfb7T,18,AI,2.0,3.0,1.0,2.0,3.0,1.0
challenging,sokoban,QV6Qfb7T,19,AI,4.0,2.0,-2.0,4.0,2.0,-2.0
challenging,sokoban,QV6Qfb7T,20,AI,2.0,2.0,0.0,2.0,2.0,0.0
challenging,sokoban,ROciIZDL,1,Human,3.0,1.0,-2.0,3.0,1.0,-2.0
challenging,sokoban,ROciIZDL,2,Human,2.0,3.0,1.0,2.0,3.0,1.0
challenging,sokoban,ROciIZDL,3,Human,4.0,4.0,0.0,4.0,4.0,0.0
challenging,sokoban,ROciIZDL,4,Human,1.0,3.0,2.0,1.0,3.0,2.0
challenging,sokoban,ROciIZDL,5,Human,2.0,2.0,0.0,2.0,2.0,0.0
challenging,sokoban,ROciIZDL,6,Human,3.0,2.0,-1.0,3.0,2.0,-1.0
challenging,sokoban,ROciIZDL,7,Human,1.0,2.0,1.0,1.0,2.0,1.0
challenging,sokoban,ROciIZDL,8,Human,4.0,3.0,-1.0,4.0,3.0,-1.0
challenging,sokoban,ROciIZDL,9,Human,1.0,3.0,2.0,1.0,3.0,2.0
challenging,sokoban,ROciIZDL,10,Human,2.0,2.0,0.0,2.0,2.0,0.0
challenging,sokoban,ROciIZDL,11,Human,1.0,3.0,2.0,1.0,3.0,2.0
challenging,sokoban,ROciIZDL,12,Human,3.0,3.0,0.0,3.0,3.0,0.0
challenging,sokoban,ROciIZDL,13,Human,2.0,2.0,0.0,2.0,2.0,0.0
challenging,sokoban,ROciIZDL,14,Human,4.0,1.0,-3.0,4.0,1.0,-3.0
challenging,sokoban,ROciIZDL,15,Human,1.0,2.0,1.0,1.0,2.0,1.0
challenging,sokoban,ROciIZDL,16,Human,2.0,2.0,0.0,2.0,2.0,0.0
challenging,sokoban,ROciIZDL,17,Human,2.0,3.0,1.0,2.0,3.0,1.0
challenging,sokoban,ROciIZDL,18,Human,4.0,3.0,-1.0,4.0,3.0,-1.0
challenging,sokoban,ROciIZDL,19,Human,1.0,2.0,1.0,1.0,2.0,1.0
challenging,sokoban,ROciIZDL,20,Human,2.0,1.0,-1.0,2.0,1.0,-1.0
challenging,sokoban,TIXMBKaj,1,Human,2.0,1.0,-1.0,2.0,1.0,-1.0
challenging,sokoban,TIXMBKaj,2,Human,2.0,2.0,0.0,2.0,2.0,0.0
challenging,sokoban,TIXMBKaj,3,Human,3.0,2.0,-1.0,3.0,2.0,-1.0
challenging,sokoban,TIXMBKaj,4,Human,3.0,2.0,-1.0,3.0,2.0,-1.0
challenging,sokoban,TIXMBKaj,5,Human,3.0,1.0,-2.0,3.0,1.0,-2.0
challenging,sokoban,TIXMBKaj,6,Human,2.0,2.0,0.0,2.0,2.0,0.0
challenging,sokoban,TIXMBKaj,7,Human,3.0,2.0,-1.0,3.0,2.0,-1.0
challenging,sokoban,TIXMBKaj,8,Human,4.0,2.0,-2.0,4.0,2.0,-2.0
challenging,sokoban,TIXMBKaj,9,Human,3.0,2.0,-1.0,3.0,2.0,-1.0
challenging,sokoban,TIXMBKaj,10,Human,2.0,2.0,0.0,2.0,2.0,0.0
challenging,sokoban,TIXMBKaj,11,Human,2.0,4.0,2.0,2.0,4.0,2.0
challenging,sokoban,TIXMBKaj,12,Human,4.0,2.0,-2.0,4.0,2.0,-2.0
challenging,sokoban,TIXMBKaj,13,Human,4.0,2.0,-2.0,4.0,2.0,-2.0
challenging,sokoban,TIXMBKaj,14,Human,3.0,2.0,-1.0,3.0,2.0,-1.0
challenging,sokoban,TIXMBKaj,15,Human,2.0,3.0,1.0,2.0,3.0,1.0
challenging,sokoban,TIXMBKaj,16,Human,2.0,3.0,1.0,2.0,3.0,1.0
challenging,sokoban,TIXMBKaj,17,Human,2.0,3.0,1.0,2.0,3.0,1.0
challenging,sokoban,TIXMBKaj,18,Human,3.0,3.0,0.0,3.0,3.0,0.0
challenging,sokoban,TIXMBKaj,19,Human,4.0,2.0,-2.0,4.0,2.0,-2.0
challenging,sokoban,TIXMBKaj,20,Human,4.0,3.0,-1.0,4.0,3.0,-1.0
challenging,sokoban,UTSKBMio,1,AI,3.0,1.0,-2.0,3.0,1.0,-2.0
challenging,sokoban,UTSKBMio,2,AI,2.0,2.0,0.0,2.0,2.0,0.0
challenging,sokoban,UTSKBMio,3,AI,3.0,1.0,-2.0,3.0,1.0,-2.0
challenging,sokoban,UTSKBMio,4,AI,3.0,1.0,-2.0,3.0,1.0,-2.0
challenging,sokoban,UTSKBMio,5,AI,1.0,3.0,2.0,1.0,3.0,2.0
challenging,sokoban,UTSKBMio,6,AI,2.0,2.0,0.0,2.0,2.0,0.0
challenging,sokoban,UTSKBMio,7,AI,2.0,2.0,0.0,2.0,2.0,0.0
challenging,sokoban,UTSKBMio,8,AI,2.0,1.0,-1.0,2.0,1.0,-1.0
challenging,sokoban,UTSKBMio,9,AI,3.0,2.0,-1.0,3.0,2.0,-1.0
challenging,sokoban,UTSKBMio,10,AI,3.0,2.0,-1.0,3.0,2.0,-1.0
challenging,sokoban,UTSKBMio,11,AI,3.0,1.0,-2.0,3.0,1.0,-2.0
challenging,sokoban,UTSKBMio,12,AI,3.0,1.0,-2.0,3.0,1.0,-2.0
challenging,sokoban,UTSKBMio,13,AI,2.0,2.0,0.0,2.0,2.0,0.0
challenging,sokoban,UTSKBMio,14,AI,3.0,2.0,-1.0,3.0,2.0,-1.0
challenging,sokoban,UTSKBMio,15,AI,1.0,2.0,1.0,1.0,2.0,1.0
challenging,sokoban,UTSKBMio,16,AI,2.0,2.0,0.0,2.0,2.0,0.0
challenging,sokoban,UTSKBMio,17,AI,2.0,1.0,-1.0,2.0,1.0,-1.0
challenging,sokoban,UTSKBMio,18,AI,1.0,1.0,0.0,1.0,1.0,0.0
challenging,sokoban,UTSKBMio,19,AI,3.0,1.0,-2.0,3.0,1.0,-2.0
challenging,sokoban,UTSKBMio,20,AI,3.0,1.0,-2.0,3.0,1.0,-2.0
challenging,sokoban,UeeTjy5b,1,AI,1.0,1.0,0.0,1.0,1.0,0.0
challenging,sokoban,UeeTjy5b,2,AI,1.0,1.0,0.0,1.0,1.0,0.0
challenging,sokoban,UeeTjy5b,3,AI,1.0,1.0,0.0,1.0,1.0,0.0
challenging,sokoban,UeeTjy5b,4,AI,1.0,1.0,0.0,1.0,1.0,0.0
challenging,sokoban,UeeTjy5b,5,AI,1.0,1.0,0.0,1.0,1.0,0.0
challenging,sokoban,UeeTjy5b,6,AI,2.0,1.0,-1.0,2.0,1.0,-1.0
challenging,sokoban,UeeTjy5b,7,AI,1.0,1.0,0.0,1.0,1.0,0.0
challenging,sokoban,UeeTjy5b,8,AI,1.0,1.0,0.0,1.0,1.0,0.0
challenging,sokoban,UeeTjy5b,9,AI,1.0,2.0,1.0,1.0,2.0,1.0
challenging,sokoban,UeeTjy5b,10,AI,1.0,1.0,0.0,1.0,1.0,0.0
challenging,sokoban,UeeTjy5b,11,AI,1.0,1.0,0.0,1.0,1.0,0.0
challenging,sokoban,UeeTjy5b,12,AI,1.0,1.0,0.0,1.0,1.0,0.0
challenging,sokoban,UeeTjy5b,13,AI,1.0,1.0,0.0,1.0,1.0,0.0
challenging,sokoban,UeeTjy5b,14,AI,1.0,1.0,0.0,1.0,1.0,0.0
challenging,sokoban,UeeTjy5b,15,AI,1.0,1.0,0.0,1.0,1.0,0.0
challenging,sokoban,UeeTjy5b,16,AI,1.0,1.0,0.0,1.0,1.0,0.0
challenging,sokoban,UeeTjy5b,17,AI,1.0,1.0,0.0,1.0,1.0,0.0
challenging,sokoban,UeeTjy5b,18,AI,1.0,1.0,0.0,1.0,1.0,0.0
challenging,sokoban,UeeTjy5b,19,AI,1.0,1.0,0.0,1.0,1.0,0.0
challenging,sokoban,UeeTjy5b,20,AI,1.0,1.0,0.0,1.0,1.0,0.0
challenging,sokoban,Z0SxyjXq,1,Human,1.0,1.0,0.0,1.0,1.0,0.0
challenging,sokoban,Z0SxyjXq,2,Human,1.0,2.0,1.0,1.0,2.0,1.0
challenging,sokoban,Z0SxyjXq,3,Human,1.0,1.0,0.0,1.0,1.0,0.0
challenging,sokoban,Z0SxyjXq,4,Human,3.0,2.0,-1.0,3.0,2.0,-1.0
challenging,sokoban,Z0SxyjXq,5,Human,1.0,2.0,1.0,1.0,2.0,1.0
challenging,sokoban,Z0SxyjXq,6,Human,1.0,3.0,2.0,1.0,3.0,2.0
challenging,sokoban,Z0SxyjXq,7,Human,1.0,1.0,0.0,1.0,1.0,0.0
challenging,sokoban,Z0SxyjXq,8,Human,1.0,1.0,0.0,1.0,1.0,0.0
challenging,sokoban,Z0SxyjXq,9,Human,3.0,3.0,0.0,3.0,3.0,0.0
challenging,sokoban,Z0SxyjXq,10,Human,3.0,1.0,-2.0,3.0,1.0,-2.0
challenging,sokoban,Z0SxyjXq,11,Human,1.0,1.0,0.0,1.0,1.0,0.0
challenging,sokoban,Z0SxyjXq,12,Human,3.0,2.0,-1.0,3.0,2.0,-1.0
challenging,sokoban,Z0SxyjXq,13,Human,1.0,2.0,1.0,1.0,2.0,1.0
challenging,sokoban,Z0SxyjXq,14,Human,1.0,1.0,0.0,1.0,1.0,0.0
challenging,sokoban,Z0SxyjXq,15,Human,1.0,1.0,0.0,1.0,1.0,0.0
challenging,sokoban,Z0SxyjXq,16,Human,3.0,2.0,-1.0,3.0,2.0,-1.0
challenging,sokoban,Z0SxyjXq,17,Human,1.0,1.0,0.0,1.0,1.0,0.0
challenging,sokoban,Z0SxyjXq,18,Human,1.0,1.0,0.0,1.0,1.0,0.0
challenging,sokoban,Z0SxyjXq,19,Human,2.0,2.0,0.0,2.0,2.0,0.0
challenging,sokoban,Z0SxyjXq,20,Human,1.0,2.0,1.0,1.0,2.0,1.0
challenging,sokoban,aE7sjnta,1,AI,1.0,1.0,0.0,1.0,1.0,0.0
challenging,sokoban,aE7sjnta,2,AI,2.0,1.0,-1.0,2.0,1.0,-1.0
challenging,sokoban,aE7sjnta,3,AI,3.0,1.0,-2.0,3.0,1.0,-2.0
challenging,sokoban,aE7sjnta,4,AI,2.0,1.0,-1.0,2.0,1.0,-1.0
challenging,sokoban,aE7sjnta,5,AI,1.0,1.0,0.0,1.0,1.0,0.0
challenging,sokoban,aE7sjnta,6,AI,2.0,1.0,-1.0,2.0,1.0,-1.0
challenging,sokoban,aE7sjnta,7,AI,2.0,1.0,-1.0,2.0,1.0,-1.0
challenging,sokoban,aE7sjnta,8,AI,1.0,1.0,0.0,1.0,1.0,0.0
challenging,sokoban,aE7sjnta,9,AI,1.0,1.0,0.0,1.0,1.0,0.0
challenging,sokoban,aE7sjnta,10,AI,2.0,1.0,-1.0,2.0,1.0,-1.0
challenging,sokoban,aE7sjnta,11,AI,1.0,1.0,0.0,1.0,1.0,0.0
challenging,sokoban,aE7sjnta,12,AI,1.0,1.0,0.0,1.0,1.0,0.0
challenging,sokoban,aE7sjnta,13,AI,2.0,1.0,-1.0,2.0,1.0,-1.0
challenging,sokoban,aE7sjnta,14,AI,1.0,1.0,0.0,1.0,1.0,0.0
challenging,sokoban,aE7sjnta,15,AI,1.0,1.0,0.0,1.0,1.0,0.0
challenging,sokoban,aE7sjnta,16,AI,1.0,3.0,2.0,1.0,3.0,2.0
challenging,sokoban,aE7sjnta,17,AI,1.0,1.0,0.0,1.0,1.0,0.0
challenging,sokoban,aE7sjnta,18,AI,1.0,1.0,0.0,1.0,1.0,0.0
challenging,sokoban,aE7sjnta,19,AI,1.0,1.0,0.0,1.0,1.0,0.0
challenging,sokoban,aE7sjnta,20,AI,1.0,1.0,0.0,1.0,1.0,0.0
challenging,sokoban,bhRr4CCv,1,Human,4.0,3.0,-1.0,4.0,3.0,-1.0
challenging,sokoban,bhRr4CCv,2,Human,3.0,2.0,-1.0,3.0,2.0,-1.0
challenging,sokoban,bhRr4CCv,3,Human,3.0,3.0,0.0,3.0,3.0,0.0
challenging,sokoban,bhRr4CCv,4,Human,3.0,3.0,0.0,3.0,3.0,0.0
challenging,sokoban,bhRr4CCv,5,Human,4.0,3.0,-1.0,4.0,3.0,-1.0
challenging,sokoban,bhRr4CCv,6,Human,2.0,4.0,2.0,2.0,4.0,2.0
challenging,sokoban,bhRr4CCv,7,Human,3.0,3.0,0.0,3.0,3.0,0.0
challenging,sokoban,bhRr4CCv,8,Human,4.0,3.0,-1.0,4.0,3.0,-1.0
challenging,sokoban,bhRr4CCv,9,Human,3.0,2.0,-1.0,3.0,2.0,-1.0
challenging,sokoban,bhRr4CCv,10,Human,4.0,4.0,0.0,4.0,4.0,0.0
challenging,sokoban,bhRr4CCv,11,Human,4.0,2.0,-2.0,4.0,2.0,-2.0
challenging,sokoban,bhRr4CCv,12,Human,3.0,4.0,1.0,3.0,4.0,1.0
challenging,sokoban,bhRr4CCv,13,Human,3.0,2.0,-1.0,3.0,2.0,-1.0
challenging,sokoban,bhRr4CCv,14,Human,4.0,4.0,0.0,4.0,4.0,0.0
challenging,sokoban,bhRr4CCv,15,Human,2.0,3.0,1.0,2.0,3.0,1.0
challenging,sokoban,bhRr4CCv,16,Human,3.0,4.0,1.0,3.0,4.0,1.0
challenging,sokoban,bhRr4CCv,17,Human,2.0,2.0,0.0,2.0,2.0,0.0
challenging,sokoban,bhRr4CCv,18,Human,2.0,2.0,0.0,2.0,2.0,0.0
challenging,sokoban,bhRr4CCv,19,Human,4.0,3.0,-1.0,4.0,3.0,-1.0
challenging,sokoban,bhRr4CCv,20,Human,4.0,3.0,-1.0,4.0,3.0,-1.0
challenging,sokoban,cHhvQJlr,1,AI,2.0,2.0,0.0,2.0,2.0,0.0
challenging,sokoban,cHhvQJlr,2,AI,1.0,1.0,0.0,1.0,1.0,0.0
challenging,sokoban,cHhvQJlr,3,AI,2.0,1.0,-1.0,2.0,1.0,-1.0
challenging,sokoban,cHhvQJlr,4,AI,1.0,2.0,1.0,1.0,2.0,1.0
challenging,sokoban,cHhvQJlr,5,AI,2.0,2.0,0.0,2.0,2.0,0.0
challenging,sokoban,cHhvQJlr,6,AI,1.0,1.0,0.0,1.0,1.0,0.0
challenging,sokoban,cHhvQJlr,7,AI,2.0,1.0,-1.0,2.0,1.0,-1.0
challenging,sokoban,cHhvQJlr,8,AI,1.0,1.0,0.0,1.0,1.0,0.0
challenging,sokoban,cHhvQJlr,9,AI,1.0,1.0,0.0,1.0,1.0,0.0
challenging,sokoban,cHhvQJlr,10,AI,1.0,1.0,0.0,1.0,1.0,0.0
challenging,sokoban,cHhvQJlr,11,AI,1.0,1.0,0.0,1.0,1.0,0.0
challenging,sokoban,cHhvQJlr,12,AI,2.0,1.0,-1.0,2.0,1.0,-1.0
challenging,sokoban,cHhvQJlr,13,AI,2.0,1.0,-1.0,2.0,1.0,-1.0
challenging,sokoban,cHhvQJlr,14,AI,1.0,2.0,1.0,1.0,2.0,1.0
challenging,sokoban,cHhvQJlr,15,AI,1.0,2.0,1.0,1.0,2.0,1.0
challenging,sokoban,cHhvQJlr,16,AI,1.0,2.0,1.0,1.0,2.0,1.0
challenging,sokoban,cHhvQJlr,17,AI,1.0,3.0,2.0,1.0,3.0,2.0
challenging,sokoban,cHhvQJlr,18,AI,2.0,1.0,-1.0,2.0,1.0,-1.0
challenging,sokoban,cHhvQJlr,19,AI,2.0,2.0,0.0,2.0,2.0,0.0
challenging,sokoban,cHhvQJlr,20,AI,2.0,1.0,-1.0,2.0,1.0,-1.0
challenging,sokoban,cTxMstwv,1,AI,3.0,2.0,-1.0,3.0,2.0,-1.0
challenging,sokoban,cTxMstwv,2,AI,2.0,1.0,-1.0,2.0,1.0,-1.0
challenging,sokoban,cTxMstwv,3,AI,2.0,2.0,0.0,2.0,2.0,0.0
challenging,sokoban,cTxMstwv,4,AI,1.0,1.0,0.0,1.0,1.0,0.0
challenging,sokoban,cTxMstwv,5,AI,2.0,2.0,0.0,2.0,2.0,0.0
challenging,sokoban,cTxMstwv,6,AI,4.0,1.0,-3.0,4.0,1.0,-3.0
challenging,sokoban,cTxMstwv,7,AI,2.0,1.0,-1.0,2.0,1.0,-1.0
challenging,sokoban,cTxMstwv,8,AI,3.0,1.0,-2.0,3.0,1.0,-2.0
challenging,sokoban,cTxMstwv,9,AI,1.0,3.0,2.0,1.0,3.0,2.0
challenging,sokoban,cTxMstwv,10,AI,2.0,1.0,-1.0,2.0,1.0,-1.0
challenging,sokoban,cTxMstwv,11,AI,1.0,2.0,1.0,1.0,2.0,1.0
challenging,sokoban,cTxMstwv,12,AI,2.0,2.0,0.0,2.0,2.0,0.0
challenging,sokoban,cTxMstwv,13,AI,1.0,2.0,1.0,1.0,2.0,1.0
challenging,sokoban,cTxMstwv,14,AI,2.0,2.0,0.0,2.0,2.0,0.0
challenging,sokoban,cTxMstwv,15,AI,3.0,2.0,-1.0,3.0,2.0,-1.0
challenging,sokoban,cTxMstwv,16,AI,2.0,3.0,1.0,2.0,3.0,1.0
challenging,sokoban,cTxMstwv,17,AI,2.0,1.0,-1.0,2.0,1.0,-1.0
challenging,sokoban,cTxMstwv,18,AI,1.0,1.0,0.0,1.0,1.0,0.0
challenging,sokoban,cTxMstwv,19,AI,2.0,2.0,0.0,2.0,2.0,0.0
challenging,sokoban,cTxMstwv,20,AI,2.0,1.0,-1.0,2.0,1.0,-1.0
challenging,sokoban,extLxWet,1,AI,1.0,1.0,0.0,1.0,1.0,0.0
challenging,sokoban,extLxWet,2,AI,4.0,2.0,-2.0,4.0,2.0,-2.0
challenging,sokoban,extLxWet,3,AI,2.0,1.0,-1.0,2.0,1.0,-1.0
challenging,sokoban,extLxWet,4,AI,2.0,1.0,-1.0,2.0,1.0,-1.0
challenging,sokoban,extLxWet,5,AI,2.0,1.0,-1.0,2.0,1.0,-1.0
challenging,sokoban,extLxWet,6,AI,1.0,1.0,0.0,1.0,1.0,0.0
challenging,sokoban,extLxWet,7,AI,3.0,1.0,-2.0,3.0,1.0,-2.0
challenging,sokoban,extLxWet,8,AI,2.0,2.0,0.0,2.0,2.0,0.0
challenging,sokoban,extLxWet,9,AI,3.0,1.0,-2.0,3.0,1.0,-2.0
challenging,sokoban,extLxWet,10,AI,2.0,1.0,-1.0,2.0,1.0,-1.0
challenging,sokoban,extLxWet,11,AI,2.0,3.0,1.0,2.0,3.0,1.0
challenging,sokoban,extLxWet,12,AI,3.0,3.0,0.0,3.0,3.0,0.0
challenging,sokoban,extLxWet,13,AI,1.0,2.0,1.0,1.0,2.0,1.0
challenging,sokoban,extLxWet,14,AI,4.0,2.0,-2.0,4.0,2.0,-2.0
challenging,sokoban,extLxWet,15,AI,1.0,2.0,1.0,1.0,2.0,1.0
challenging,sokoban,extLxWet,16,AI,1.0,1.0,0.0,1.0,1.0,0.0
challenging,sokoban,extLxWet,17,AI,1.0,1.0,0.0,1.0,1.0,0.0
challenging,sokoban,extLxWet,18,AI,2.0,2.0,0.0,2.0,2.0,0.0
challenging,sokoban,extLxWet,19,AI,1.0,1.0,0.0,1.0,1.0,0.0
challenging,sokoban,extLxWet,20,AI,1.0,1.0,0.0,1.0,1.0,0.0
challenging,sokoban,f8sbFI0a,1,Human,4.0,1.0,-3.0,4.0,1.0,-3.0
challenging,sokoban,f8sbFI0a,2,Human,2.0,2.0,0.0,2.0,2.0,0.0
challenging,sokoban,f8sbFI0a,3,Human,3.0,2.0,-1.0,3.0,2.0,-1.0
challenging,sokoban,f8sbFI0a,4,Human,2.0,2.0,0.0,2.0,2.0,0.0
challenging,sokoban,f8sbFI0a,5,Human,2.0,2.0,0.0,2.0,2.0,0.0
challenging,sokoban,f8sbFI0a,6,Human,3.0,1.0,-2.0,3.0,1.0,-2.0
challenging,sokoban,f8sbFI0a,7,Human,2.0,1.0,-1.0,2.0,1.0,-1.0
challenging,sokoban,f8sbFI0a,8,Human,3.0,3.0,0.0,3.0,3.0,0.0
challenging,sokoban,f8sbFI0a,9,Human,3.0,2.0,-1.0,3.0,2.0,-1.0
challenging,sokoban,f8sbFI0a,10,Human,1.0,2.0,1.0,1.0,2.0,1.0
challenging,sokoban,f8sbFI0a,11,Human,1.0,2.0,1.0,1.0,2.0,1.0
challenging,sokoban,f8sbFI0a,12,Human,3.0,2.0,-1.0,3.0,2.0,-1.0
challenging,sokoban,f8sbFI0a,13,Human,2.0,3.0,1.0,2.0,3.0,1.0
challenging,sokoban,f8sbFI0a,14,Human,3.0,3.0,0.0,3.0,3.0,0.0
challenging,sokoban,f8sbFI0a,15,Human,1.0,1.0,0.0,1.0,1.0,0.0
challenging,sokoban,f8sbFI0a,16,Human,3.0,2.0,-1.0,3.0,2.0,-1.0
challenging,sokoban,f8sbFI0a,17,Human,2.0,4.0,2.0,2.0,4.0,2.0
challenging,sokoban,f8sbFI0a,18,Human,3.0,2.0,-1.0,3.0,2.0,-1.0
challenging,sokoban,f8sbFI0a,19,Human,3.0,1.0,-2.0,3.0,1.0,-2.0
challenging,sokoban,f8sbFI0a,20,Human,2.0,2.0,0.0,2.0,2.0,0.0
challenging,sokoban,iJNJxWfZ,1,Human,3.0,3.0,0.0,3.0,3.0,0.0
challenging,sokoban,iJNJxWfZ,2,Human,4.0,1.0,-3.0,4.0,1.0,-3.0
challenging,sokoban,iJNJxWfZ,3,Human,2.0,1.0,-1.0,2.0,1.0,-1.0
challenging,sokoban,iJNJxWfZ,4,Human,3.0,2.0,-1.0,3.0,2.0,-1.0
challenging,sokoban,iJNJxWfZ,5,Human,3.0,1.0,-2.0,3.0,1.0,-2.0
challenging,sokoban,iJNJxWfZ,6,Human,2.0,2.0,0.0,2.0,2.0,0.0
challenging,sokoban,iJNJxWfZ,7,Human,3.0,2.0,-1.0,3.0,2.0,-1.0
challenging,sokoban,iJNJxWfZ,8,Human,2.0,2.0,0.0,2.0,2.0,0.0
challenging,sokoban,iJNJxWfZ,9,Human,3.0,2.0,-1.0,3.0,2.0,-1.0
challenging,sokoban,iJNJxWfZ,10,Human,3.0,2.0,-1.0,3.0,2.0,-1.0
challenging,sokoban,iJNJxWfZ,11,Human,4.0,2.0,-2.0,4.0,2.0,-2.0
challenging,sokoban,iJNJxWfZ,12,Human,1.0,2.0,1.0,1.0,2.0,1.0
challenging,sokoban,iJNJxWfZ,13,Human,3.0,1.0,-2.0,3.0,1.0,-2.0
challenging,sokoban,iJNJxWfZ,14,Human,3.0,3.0,0.0,3.0,3.0,0.0
challenging,sokoban,iJNJxWfZ,15,Human,3.0,2.0,-1.0,3.0,2.0,-1.0
challenging,sokoban,iJNJxWfZ,16,Human,2.0,2.0,0.0,2.0,2.0,0.0
challenging,sokoban,iJNJxWfZ,17,Human,2.0,2.0,0.0,2.0,2.0,0.0
challenging,sokoban,iJNJxWfZ,18,Human,3.0,2.0,-1.0,3.0,2.0,-1.0
challenging,sokoban,iJNJxWfZ,19,Human,3.0,3.0,0.0,3.0,3.0,0.0
challenging,sokoban,iJNJxWfZ,20,Human,3.0,2.0,-1.0,3.0,2.0,-1.0
challenging,sokoban,ij6onaGt,1,AI,1.0,1.0,0.0,1.0,1.0,0.0
challenging,sokoban,ij6onaGt,2,AI,2.0,3.0,1.0,2.0,3.0,1.0
challenging,sokoban,ij6onaGt,3,AI,1.0,2.0,1.0,1.0,2.0,1.0
challenging,sokoban,ij6onaGt,4,AI,2.0,3.0,1.0,2.0,3.0,1.0
challenging,sokoban,ij6onaGt,5,AI,3.0,2.0,-1.0,3.0,2.0,-1.0
challenging,sokoban,ij6onaGt,6,AI,3.0,2.0,-1.0,3.0,2.0,-1.0
challenging,sokoban,ij6onaGt,7,AI,2.0,2.0,0.0,2.0,2.0,0.0
challenging,sokoban,ij6onaGt,8,AI,2.0,2.0,0.0,2.0,2.0,0.0
challenging,sokoban,ij6onaGt,9,AI,1.0,4.0,3.0,1.0,4.0,3.0
challenging,sokoban,ij6onaGt,10,AI,3.0,3.0,0.0,3.0,3.0,0.0
challenging,sokoban,ij6onaGt,11,AI,2.0,3.0,1.0,2.0,3.0,1.0
challenging,sokoban,ij6onaGt,12,AI,1.0,1.0,0.0,1.0,1.0,0.0
challenging,sokoban,ij6onaGt,13,AI,2.0,2.0,0.0,2.0,2.0,0.0
challenging,sokoban,ij6onaGt,14,AI,3.0,2.0,-1.0,3.0,2.0,-1.0
challenging,sokoban,ij6onaGt,15,AI,2.0,1.0,-1.0,2.0,1.0,-1.0
challenging,sokoban,ij6onaGt,16,AI,2.0,2.0,0.0,2.0,2.0,0.0
challenging,sokoban,ij6onaGt,17,AI,2.0,2.0,0.0,2.0,2.0,0.0
challenging,sokoban,ij6onaGt,18,AI,3.0,2.0,-1.0,3.0,2.0,-1.0
challenging,sokoban,ij6onaGt,19,AI,2.0,2.0,0.0,2.0,2.0,0.0
challenging,sokoban,ij6onaGt,20,AI,2.0,1.0,-1.0,2.0,1.0,-1.0
challenging,sokoban,oHSLE5UO,1,AI,1.0,1.0,0.0,1.0,1.0,0.0
challenging,sokoban,oHSLE5UO,2,AI,2.0,1.0,-1.0,2.0,1.0,-1.0
challenging,sokoban,oHSLE5UO,3,AI,1.0,1.0,0.0,1.0,1.0,0.0
challenging,sokoban,oHSLE5UO,4,AI,1.0,1.0,0.0,1.0,1.0,0.0
challenging,sokoban,oHSLE5UO,5,AI,1.0,1.0,0.0,1.0,1.0,0.0
challenging,sokoban,oHSLE5UO,6,AI,1.0,1.0,0.0,1.0,1.0,0.0
challenging,sokoban,oHSLE5UO,7,AI,1.0,1.0,0.0,1.0,1.0,0.0
challenging,sokoban,oHSLE5UO,8,AI,1.0,1.0,0.0,1.0,1.0,0.0
challenging,sokoban,oHSLE5UO,9,AI,1.0,1.0,0.0,1.0,1.0,0.0
challenging,sokoban,oHSLE5UO,10,AI,1.0,1.0,0.0,1.0,1.0,0.0
challenging,sokoban,oHSLE5UO,11,AI,1.0,1.0,0.0,1.0,1.0,0.0
challenging,sokoban,oHSLE5UO,12,AI,1.0,1.0,0.0,1.0,1.0,0.0
challenging,sokoban,oHSLE5UO,13,AI,1.0,1.0,0.0,1.0,1.0,0.0
challenging,sokoban,oHSLE5UO,14,AI,1.0,1.0,0.0,1.0,1.0,0.0
challenging,sokoban,oHSLE5UO,15,AI,1.0,1.0,0.0,1.0,1.0,0.0
challenging,sokoban,oHSLE5UO,16,AI,1.0,1.0,0.0,1.0,1.0,0.0
challenging,sokoban,oHSLE5UO,17,AI,1.0,1.0,0.0,1.0,1.0,0.0
challenging,sokoban,oHSLE5UO,18,AI,1.0,1.0,0.0,1.0,1.0,0.0
challenging,sokoban,oHSLE5UO,19,AI,1.0,1.0,0.0,1.0,1.0,0.0
challenging,sokoban,oHSLE5UO,20,AI,1.0,1.0,0.0,1.0,1.0,0.0
challenging,sokoban,t7mUz3Qe,1,Human,1.0,1.0,0.0,1.0,1.0,0.0
challenging,sokoban,t7mUz3Qe,2,Human,1.0,1.0,0.0,1.0,1.0,0.0
challenging,sokoban,t7mUz3Qe,3,Human,1.0,1.0,0.0,1.0,1.0,0.0
challenging,sokoban,t7mUz3Qe,4,Human,1.0,1.0,0.0,1.0,1.0,0.0
challenging,sokoban,t7mUz3Qe,5,Human,1.0,1.0,0.0,1.0,1.0,0.0
challenging,sokoban,t7mUz3Qe,6,Human,1.0,1.0,0.0,1.0,1.0,0.0
challenging,sokoban,t7mUz3Qe,7,Human,1.0,1.0,0.0,1.0,1.0,0.0
challenging,sokoban,t7mUz3Qe,8,Human,1.0,1.0,0.0,1.0,1.0,0.0
challenging,sokoban,t7mUz3Qe,9,Human,2.0,1.0,-1.0,2.0,1.0,-1.0
challenging,sokoban,t7mUz3Qe,10,Human,1.0,1.0,0.0,1.0,1.0,0.0
challenging,sokoban,t7mUz3Qe,11,Human,1.0,1.0,0.0,1.0,1.0,0.0
challenging,sokoban,t7mUz3Qe,12,Human,1.0,1.0,0.0,1.0,1.0,0.0
challenging,sokoban,t7mUz3Qe,13,Human,1.0,1.0,0.0,1.0,1.0,0.0
challenging,sokoban,t7mUz3Qe,14,Human,1.0,1.0,0.0,1.0,1.0,0.0
challenging,sokoban,t7mUz3Qe,15,Human,1.0,1.0,0.0,1.0,1.0,0.0
challenging,sokoban,t7mUz3Qe,16,Human,1.0,1.0,0.0,1.0,1.0,0.0
challenging,sokoban,t7mUz3Qe,17,Human,1.0,1.0,0.0,1.0,1.0,0.0
challenging,sokoban,t7mUz3Qe,18,Human,1.0,1.0,0.0,1.0,1.0,0.0
challenging,sokoban,t7mUz3Qe,19,Human,1.0,1.0,0.0,1.0,1.0,0.0
challenging,sokoban,t7mUz3Qe,20,Human,1.0,1.0,0.0,1.0,1.0,0.0
challenging,sokoban,wSCVt298,1,AI,1.0,1.0,0.0,1.0,1.0,0.0
challenging,sokoban,wSCVt298,2,AI,2.0,1.0,-1.0,2.0,1.0,-1.0
challenging,sokoban,wSCVt298,3,AI,1.0,1.0,0.0,1.0,1.0,0.0
challenging,sokoban,wSCVt298,4,AI,1.0,1.0,0.0,1.0,1.0,0.0
challenging,sokoban,wSCVt298,5,AI,1.0,1.0,0.0,1.0,1.0,0.0
challenging,sokoban,wSCVt298,6,AI,1.0,1.0,0.0,1.0,1.0,0.0
challenging,sokoban,wSCVt298,7,AI,1.0,1.0,0.0,1.0,1.0,0.0
challenging,sokoban,wSCVt298,8,AI,1.0,1.0,0.0,1.0,1.0,0.0
challenging,sokoban,wSCVt298,9,AI,1.0,1.0,0.0,1.0,1.0,0.0
challenging,sokoban,wSCVt298,10,AI,1.0,1.0,0.0,1.0,1.0,0.0
challenging,sokoban,wSCVt298,11,AI,1.0,1.0,0.0,1.0,1.0,0.0
challenging,sokoban,wSCVt298,12,AI,1.0,1.0,0.0,1.0,1.0,0.0
challenging,sokoban,wSCVt298,13,AI,1.0,1.0,0.0,1.0,1.0,0.0
challenging,sokoban,wSCVt298,14,AI,1.0,1.0,0.0,1.0,1.0,0.0
challenging,sokoban,wSCVt298,15,AI,1.0,1.0,0.0,1.0,1.0,0.0
challenging,sokoban,wSCVt298,16,AI,1.0,1.0,0.0,1.0,1.0,0.0
challenging,sokoban,wSCVt298,17,AI,1.0,1.0,0.0,1.0,1.0,0.0
challenging,sokoban,wSCVt298,18,AI,1.0,1.0,0.0,1.0,1.0,0.0
challenging,sokoban,wSCVt298,19,AI,1.0,1.0,0.0,1.0,1.0,0.0
challenging,sokoban,wSCVt298,20,AI,1.0,1.0,0.0,1.0,1.0,0.0
frustrating,mario,1AC82kGG,1,Human,1.0,2.0,1.0,1.0,2.0,1.0
frustrating,mario,1AC82kGG,2,Human,1.0,1.0,0.0,1.0,1.0,0.0
frustrating,mario,1AC82kGG,3,Human,1.0,1.0,0.0,1.0,1.0,0.0
frustrating,mario,1AC82kGG,4,Human,2.0,2.0,0.0,2.0,2.0,0.0
frustrating,mario,1AC82kGG,5,Human,1.0,1.0,0.0,1.0,1.0,0.0
frustrating,mario,1AC82kGG,6,Human,1.0,1.0,0.0,1.0,1.0,0.0
frustrating,mario,1AC82kGG,7,Human,1.0,1.0,0.0,1.0,1.0,0.0
frustrating,mario,1AC82kGG,8,Human,1.0,1.0,0.0,1.0,1.0,0.0
frustrating,mario,1AC82kGG,9,Human,1.0,1.0,0.0,1.0,1.0,0.0
frustrating,mario,1AC82kGG,10,Human,1.0,4.0,3.0,1.0,4.0,3.0
frustrating,mario,1AC82kGG,11,Human,2.0,1.0,-1.0,2.0,1.0,-1.0
frustrating,mario,1AC82kGG,12,Human,2.0,1.0,-1.0,2.0,1.0,-1.0
frustrating,mario,1AC82kGG,13,Human,2.0,1.0,-1.0,2.0,1.0,-1.0
frustrating,mario,1AC82kGG,14,Human,1.0,1.0,0.0,1.0,1.0,0.0
frustrating,mario,1AC82kGG,15,Human,1.0,1.0,0.0,1.0,1.0,0.0
frustrating,mario,1AC82kGG,16,Human,1.0,4.0,3.0,1.0,4.0,3.0
frustrating,mario,1AC82kGG,17,Human,1.0,1.0,0.0,1.0,1.0,0.0
frustrating,mario,1AC82kGG,18,Human,2.0,1.0,-1.0,2.0,1.0,-1.0
frustrating,mario,1AC82kGG,19,Human,1.0,1.0,0.0,1.0,1.0,0.0
frustrating,mario,1AC82kGG,20,Human,1.0,1.0,0.0,1.0,1.0,0.0
frustrating,mario,4PFJlLdR,1,AI,1.0,1.0,0.0,1.0,1.0,0.0
frustrating,mario,4PFJlLdR,2,AI,2.0,5.0,3.0,2.0,5.0,3.0
frustrating,mario,4PFJlLdR,3,AI,1.0,5.0,4.0,1.0,5.0,4.0
frustrating,mario,4PFJlLdR,4,AI,1.0,2.0,1.0,1.0,2.0,1.0
frustrating,mario,4PFJlLdR,5,AI,1.0,1.0,0.0,1.0,1.0,0.0
frustrating,mario,4PFJlLdR,6,AI,2.0,4.0,2.0,2.0,4.0,2.0
frustrating,mario,4PFJlLdR,7,AI,1.0,3.0,2.0,1.0,3.0,2.0
frustrating,mario,4PFJlLdR,8,AI,1.0,4.0,3.0,1.0,4.0,3.0
frustrating,mario,4PFJlLdR,9,AI,1.0,2.0,1.0,1.0,2.0,1.0
frustrating,mario,4PFJlLdR,10,AI,1.0,1.0,0.0,1.0,1.0,0.0
frustrating,mario,4PFJlLdR,11,AI,1.0,1.0,0.0,1.0,1.0,0.0
frustrating,mario,4PFJlLdR,12,AI,1.0,1.0,0.0,1.0,1.0,0.0
frustrating,mario,4PFJlLdR,13,AI,1.0,1.0,0.0,1.0,1.0,0.0
frustrating,mario,4PFJlLdR,14,AI,1.0,1.0,0.0,1.0,1.0,0.0
frustrating,mario,4PFJlLdR,15,AI,1.0,4.0,3.0,1.0,4.0,3.0
frustrating,mario,4PFJlLdR,16,AI,4.0,1.0,-3.0,4.0,1.0,-3.0
frustrating,mario,4PFJlLdR,17,AI,2.0,4.0,2.0,2.0,4.0,2.0
frustrating,mario,4PFJlLdR,18,AI,5.0,4.0,-1.0,5.0,4.0,-1.0
frustrating,mario,4PFJlLdR,19,AI,1.0,1.0,0.0,1.0,1.0,0.0
frustrating,mario,4PFJlLdR,20,AI,1.0,1.0,0.0,1.0,1.0,0.0
frustrating,mario,4bMZDbcE,1,Human,1.0,1.0,0.0,1.0,1.0,0.0
frustrating,mario,4bMZDbcE,2,Human,1.0,1.0,0.0,1.0,1.0,0.0
frustrating,mario,4bMZDbcE,3,Human,1.0,4.0,3.0,1.0,4.0,3.0
frustrating,mario,4bMZDbcE,4,Human,1.0,1.0,0.0,1.0,1.0,0.0
frustrating,mario,4bMZDbcE,5,Human,1.0,1.0,0.0,1.0,1.0,0.0
frustrating,mario,4bMZDbcE,6,Human,5.0,1.0,-4.0,5.0,1.0,-4.0
frustrating,mario,4bMZDbcE,7,Human,1.0,1.0,0.0,1.0,1.0,0.0
frustrating,mario,4bMZDbcE,8,Human,1.0,1.0,0.0,1.0,1.0,0.0
frustrating,mario,4bMZDbcE,9,Human,1.0,1.0,0.0,1.0,1.0,0.0
frustrating,mario,4bMZDbcE,10,Human,1.0,1.0,0.0,1.0,1.0,0.0
frustrating,mario,4bMZDbcE,11,Human,2.0,1.0,-1.0,2.0,1.0,-1.0
frustrating,mario,4bMZDbcE,12,Human,4.0,1.0,-3.0,4.0,1.0,-3.0
frustrating,mario,4bMZDbcE,13,Human,5.0,1.0,-4.0,5.0,1.0,-4.0
frustrating,mario,4bMZDbcE,14,Human,1.0,2.0,1.0,1.0,2.0,1.0
frustrating,mario,4bMZDbcE,15,Human,1.0,1.0,0.0,1.0,1.0,0.0
frustrating,mario,4bMZDbcE,16,Human,1.0,1.0,0.0,1.0,1.0,0.0
frustrating,mario,4bMZDbcE,17,Human,1.0,5.0,4.0,1.0,5.0,4.0
frustrating,mario,4bMZDbcE,18,Human,1.0,1.0,0.0,1.0,1.0,0.0
frustrating,mario,4bMZDbcE,19,Human,1.0,1.0,0.0,1.0,1.0,0.0
frustrating,mario,4bMZDbcE,20,Human,1.0,1.0,0.0,1.0,1.0,0.0
frustrating,mario,8cgqvaZu,1,AI,4.0,1.0,-3.0,4.0,1.0,-3.0
frustrating,mario,8cgqvaZu,2,AI,1.0,1.0,0.0,1.0,1.0,0.0
frustrating,mario,8cgqvaZu,3,AI,1.0,1.0,0.0,1.0,1.0,0.0
frustrating,mario,8cgqvaZu,4,AI,5.0,1.0,-4.0,5.0,1.0,-4.0
frustrating,mario,8cgqvaZu,5,AI,1.0,1.0,0.0,1.0,1.0,0.0
frustrating,mario,8cgqvaZu,6,AI,1.0,1.0,0.0,1.0,1.0,0.0
frustrating,mario,8cgqvaZu,7,AI,2.0,4.0,2.0,2.0,4.0,2.0
frustrating,mario,8cgqvaZu,8,AI,1.0,1.0,0.0,1.0,1.0,0.0
frustrating,mario,8cgqvaZu,9,AI,4.0,1.0,-3.0,4.0,1.0,-3.0
frustrating,mario,8cgqvaZu,10,AI,4.0,1.0,-3.0,4.0,1.0,-3.0
frustrating,mario,8cgqvaZu,11,AI,1.0,4.0,3.0,1.0,4.0,3.0
frustrating,mario,8cgqvaZu,12,AI,1.0,4.0,3.0,1.0,4.0,3.0
frustrating,mario,8cgqvaZu,13,AI,2.0,1.0,-1.0,2.0,1.0,-1.0
frustrating,mario,8cgqvaZu,14,AI,2.0,1.0,-1.0,2.0,1.0,-1.0
frustrating,mario,8cgqvaZu,15,AI,4.0,1.0,-3.0,4.0,1.0,-3.0
frustrating,mario,8cgqvaZu,16,AI,1.0,1.0,0.0,1.0,1.0,0.0
frustrating,mario,8cgqvaZu,17,AI,4.0,1.0,-3.0,4.0,1.0,-3.0
frustrating,mario,8cgqvaZu,18,AI,4.0,4.0,0.0,4.0,4.0,0.0
frustrating,mario,8cgqvaZu,19,AI,1.0,1.0,0.0,1.0,1.0,0.0
frustrating,mario,8cgqvaZu,20,AI,1.0,1.0,0.0,1.0,1.0,0.0
frustrating,mario,9Y6J8Rb8,1,AI,5.0,3.0,-2.0,5.0,3.0,-2.0
frustrating,mario,9Y6J8Rb8,2,AI,5.0,1.0,-4.0,5.0,1.0,-4.0
frustrating,mario,9Y6J8Rb8,3,AI,4.0,1.0,-3.0,4.0,1.0,-3.0
frustrating,mario,9Y6J8Rb8,4,AI,5.0,1.0,-4.0,5.0,1.0,-4.0
frustrating,mario,9Y6J8Rb8,5,AI,4.0,4.0,0.0,4.0,4.0,0.0
frustrating,mario,9Y6J8Rb8,6,AI,5.0,2.0,-3.0,5.0,2.0,-3.0
frustrating,mario,9Y6J8Rb8,7,AI,1.0,5.0,4.0,1.0,5.0,4.0
frustrating,mario,9Y6J8Rb8,8,AI,3.0,5.0,2.0,3.0,5.0,2.0
frustrating,mario,9Y6J8Rb8,9,AI,4.0,1.0,-3.0,4.0,1.0,-3.0
frustrating,mario,9Y6J8Rb8,10,AI,4.0,1.0,-3.0,4.0,1.0,-3.0
frustrating,mario,9Y6J8Rb8,11,AI,1.0,4.0,3.0,1.0,4.0,3.0
frustrating,mario,9Y6J8Rb8,12,AI,5.0,4.0,-1.0,5.0,4.0,-1.0
frustrating,mario,9Y6J8Rb8,13,AI,4.0,4.0,0.0,4.0,4.0,0.0
frustrating,mario,9Y6J8Rb8,14,AI,4.0,1.0,-3.0,4.0,1.0,-3.0
frustrating,mario,9Y6J8Rb8,15,AI,1.0,1.0,0.0,1.0,1.0,0.0
frustrating,mario,9Y6J8Rb8,16,AI,1.0,5.0,4.0,1.0,5.0,4.0
frustrating,mario,9Y6J8Rb8,17,AI,5.0,5.0,0.0,5.0,5.0,0.0
frustrating,mario,9Y6J8Rb8,18,AI,1.0,1.0,0.0,1.0,1.0,0.0
frustrating,mario,9Y6J8Rb8,19,AI,2.0,1.0,-1.0,2.0,1.0,-1.0
frustrating,mario,9Y6J8Rb8,20,AI,2.0,1.0,-1.0,2.0,1.0,-1.0
frustrating,mario,Jvmo5e7c,1,Human,1.0,4.0,3.0,1.0,4.0,3.0
frustrating,mario,Jvmo5e7c,2,Human,4.0,1.0,-3.0,4.0,1.0,-3.0
frustrating,mario,Jvmo5e7c,3,Human,1.0,4.0,3.0,1.0,4.0,3.0
frustrating,mario,Jvmo5e7c,4,Human,1.0,4.0,3.0,1.0,4.0,3.0
frustrating,mario,Jvmo5e7c,5,Human,3.0,1.0,-2.0,3.0,1.0,-2.0
frustrating,mario,Jvmo5e7c,6,Human,4.0,1.0,-3.0,4.0,1.0,-3.0
frustrating,mario,Jvmo5e7c,7,Human,2.0,1.0,-1.0,2.0,1.0,-1.0
frustrating,mario,Jvmo5e7c,8,Human,1.0,1.0,0.0,1.0,1.0,0.0
frustrating,mario,Jvmo5e7c,9,Human,4.0,1.0,-3.0,4.0,1.0,-3.0
frustrating,mario,Jvmo5e7c,10,Human,1.0,1.0,0.0,1.0,1.0,0.0
frustrating,mario,Jvmo5e7c,11,Human,1.0,1.0,0.0,1.0,1.0,0.0
frustrating,mario,Jvmo5e7c,12,Human,1.0,1.0,0.0,1.0,1.0,0.0
frustrating,mario,Jvmo5e7c,13,Human,2.0,1.0,-1.0,2.0,1.0,-1.0
frustrating,mario,Jvmo5e7c,14,Human,1.0,1.0,0.0,1.0,1.0,0.0
frustrating,mario,Jvmo5e7c,15,Human,1.0,1.0,0.0,1.0,1.0,0.0
frustrating,mario,Jvmo5e7c,16,Human,1.0,1.0,0.0,1.0,1.0,0.0
frustrating,mario,Jvmo5e7c,17,Human,1.0,1.0,0.0,1.0,1.0,0.0
frustrating,mario,Jvmo5e7c,18,Human,1.0,1.0,0.0,1.0,1.0,0.0
frustrating,mario,Jvmo5e7c,19,Human,1.0,1.0,0.0,1.0,1.0,0.0
frustrating,mario,Jvmo5e7c,20,Human,1.0,1.0,0.0,1.0,1.0,0.0
frustrating,mario,KKZ1dszi,1,AI,1.0,1.0,0.0,1.0,1.0,0.0
frustrating,mario,KKZ1dszi,2,AI,1.0,2.0,1.0,1.0,2.0,1.0
frustrating,mario,KKZ1dszi,3,AI,1.0,1.0,0.0,1.0,1.0,0.0
frustrating,mario,KKZ1dszi,4,AI,1.0,4.0,3.0,1.0,4.0,3.0
frustrating,mario,KKZ1dszi,5,AI,1.0,1.0,0.0,1.0,1.0,0.0
frustrating,mario,KKZ1dszi,6,AI,1.0,2.0,1.0,1.0,2.0,1.0
frustrating,mario,KKZ1dszi,7,AI,1.0,2.0,1.0,1.0,2.0,1.0
frustrating,mario,KKZ1dszi,8,AI,4.0,1.0,-3.0,4.0,1.0,-3.0
frustrating,mario,KKZ1dszi,9,AI,1.0,2.0,1.0,1.0,2.0,1.0
frustrating,mario,KKZ1dszi,10,AI,1.0,1.0,0.0,1.0,1.0,0.0
frustrating,mario,KKZ1dszi,11,AI,1.0,1.0,0.0,1.0,1.0,0.0
frustrating,mario,KKZ1dszi,12,AI,4.0,3.0,-1.0,4.0,3.0,-1.0
frustrating,mario,KKZ1dszi,13,AI,4.0,1.0,-3.0,4.0,1.0,-3.0
frustrating,mario,KKZ1dszi,14,AI,5.0,1.0,-4.0,5.0,1.0,-4.0
frustrating,mario,KKZ1dszi,15,AI,2.0,1.0,-1.0,2.0,1.0,-1.0
frustrating,mario,KKZ1dszi,16,AI,1.0,1.0,0.0,1.0,1.0,0.0
frustrating,mario,KKZ1dszi,17,AI,4.0,1.0,-3.0,4.0,1.0,-3.0
frustrating,mario,KKZ1dszi,18,AI,4.0,1.0,-3.0,4.0,1.0,-3.0
frustrating,mario,KKZ1dszi,19,AI,2.0,1.0,-1.0,2.0,1.0,-1.0
frustrating,mario,KKZ1dszi,20,AI,4.0,1.0,-3.0,4.0,1.0,-3.0
frustrating,mario,RtKfCoTJ,1,Human,1.0,1.0,0.0,1.0,1.0,0.0
frustrating,mario,RtKfCoTJ,2,Human,1.0,1.0,0.0,1.0,1.0,0.0
frustrating,mario,RtKfCoTJ,3,Human,4.0,2.0,-2.0,4.0,2.0,-2.0
frustrating,mario,RtKfCoTJ,4,Human,4.0,5.0,1.0,4.0,5.0,1.0
frustrating,mario,RtKfCoTJ,5,Human,4.0,2.0,-2.0,4.0,2.0,-2.0
frustrating,mario,RtKfCoTJ,6,Human,1.0,4.0,3.0,1.0,4.0,3.0
frustrating,mario,RtKfCoTJ,7,Human,1.0,4.0,3.0,1.0,4.0,3.0
frustrating,mario,RtKfCoTJ,8,Human,1.0,5.0,4.0,1.0,5.0,4.0
frustrating,mario,RtKfCoTJ,9,Human,1.0,1.0,0.0,1.0,1.0,0.0
frustrating,mario,RtKfCoTJ,10,Human,4.0,1.0,-3.0,4.0,1.0,-3.0
frustrating,mario,RtKfCoTJ,11,Human,2.0,1.0,-1.0,2.0,1.0,-1.0
frustrating,mario,RtKfCoTJ,12,Human,1.0,2.0,1.0,1.0,2.0,1.0
frustrating,mario,RtKfCoTJ,13,Human,1.0,4.0,3.0,1.0,4.0,3.0
frustrating,mario,RtKfCoTJ,14,Human,1.0,1.0,0.0,1.0,1.0,0.0
frustrating,mario,RtKfCoTJ,15,Human,5.0,1.0,-4.0,5.0,1.0,-4.0
frustrating,mario,RtKfCoTJ,16,Human,1.0,5.0,4.0,1.0,5.0,4.0
frustrating,mario,RtKfCoTJ,17,Human,1.0,1.0,0.0,1.0,1.0,0.0
frustrating,mario,RtKfCoTJ,18,Human,1.0,1.0,0.0,1.0,1.0,0.0
frustrating,mario,RtKfCoTJ,19,Human,1.0,5.0,4.0,1.0,5.0,4.0
frustrating,mario,RtKfCoTJ,20,Human,1.0,1.0,0.0,1.0,1.0,0.0
frustrating,mario,S7F69Idf,1,AI,1.0,1.0,0.0,1.0,1.0,0.0
frustrating,mario,S7F69Idf,2,AI,1.0,1.0,0.0,1.0,1.0,0.0
frustrating,mario,S7F69Idf,3,AI,1.0,1.0,0.0,1.0,1.0,0.0
frustrating,mario,S7F69Idf,4,AI,1.0,1.0,0.0,1.0,1.0,0.0
frustrating,mario,S7F69Idf,5,AI,1.0,1.0,0.0,1.0,1.0,0.0
frustrating,mario,S7F69Idf,6,AI,1.0,1.0,0.0,1.0,1.0,0.0
frustrating,mario,S7F69Idf,7,AI,1.0,1.0,0.0,1.0,1.0,0.0
frustrating,mario,S7F69Idf,8,AI,1.0,1.0,0.0,1.0,1.0,0.0
frustrating,mario,S7F69Idf,9,AI,1.0,1.0,0.0,1.0,1.0,0.0
frustrating,mario,S7F69Idf,10,AI,1.0,1.0,0.0,1.0,1.0,0.0
frustrating,mario,S7F69Idf,11,AI,1.0,1.0,0.0,1.0,1.0,0.0
frustrating,mario,S7F69Idf,12,AI,1.0,1.0,0.0,1.0,1.0,0.0
frustrating,mario,S7F69Idf,13,AI,1.0,1.0,0.0,1.0,1.0,0.0
frustrating,mario,S7F69Idf,14,AI,1.0,1.0,0.0,1.0,1.0,0.0
frustrating,mario,S7F69Idf,15,AI,1.0,1.0,0.0,1.0,1.0,0.0
frustrating,mario,S7F69Idf,16,AI,1.0,1.0,0.0,1.0,1.0,0.0
frustrating,mario,S7F69Idf,17,AI,1.0,1.0,0.0,1.0,1.0,0.0
frustrating,mario,S7F69Idf,18,AI,1.0,1.0,0.0,1.0,1.0,0.0
frustrating,mario,S7F69Idf,19,AI,1.0,1.0,0.0,1.0,1.0,0.0
frustrating,mario,S7F69Idf,20,AI,1.0,1.0,0.0,1.0,1.0,0.0
frustrating,mario,U3v9pEvF,1,AI,4.0,2.0,-2.0,4.0,2.0,-2.0
frustrating,mario,U3v9pEvF,2,AI,2.0,1.0,-1.0,2.0,1.0,-1.0
frustrating,mario,U3v9pEvF,3,AI,4.0,1.0,-3.0,4.0,1.0,-3.0
frustrating,mario,U3v9pEvF,4,AI,4.0,1.0,-3.0,4.0,1.0,-3.0
frustrating,mario,U3v9pEvF,5,AI,2.0,2.0,0.0,2.0,2.0,0.0
frustrating,mario,U3v9pEvF,6,AI,4.0,1.0,-3.0,4.0,1.0,-3.0
frustrating,mario,U3v9pEvF,7,AI,1.0,1.0,0.0,1.0,1.0,0.0
frustrating,mario,U3v9pEvF,8,AI,1.0,1.0,0.0,1.0,1.0,0.0
frustrating,mario,U3v9pEvF,9,AI,1.0,1.0,0.0,1.0,1.0,0.0
frustrating,mario,U3v9pEvF,10,AI,4.0,3.0,-1.0,4.0,3.0,-1.0
frustrating,mario,U3v9pEvF,11,AI,1.0,1.0,0.0,1.0,1.0,0.0
frustrating,mario,U3v9pEvF,12,AI,1.0,1.0,0.0,1.0,1.0,0.0
frustrating,mario,U3v9pEvF,13,AI,1.0,1.0,0.0,1.0,1.0,0.0
frustrating,mario,U3v9pEvF,14,AI,1.0,1.0,0.0,1.0,1.0,0.0
frustrating,mario,U3v9pEvF,15,AI,1.0,1.0,0.0,1.0,1.0,0.0
frustrating,mario,U3v9pEvF,16,AI,5.0,1.0,-4.0,5.0,1.0,-4.0
frustrating,mario,U3v9pEvF,17,AI,1.0,1.0,0.0,1.0,1.0,0.0
frustrating,mario,U3v9pEvF,18,AI,2.0,1.0,-1.0,2.0,1.0,-1.0
frustrating,mario,U3v9pEvF,19,AI,4.0,1.0,-3.0,4.0,1.0,-3.0
frustrating,mario,U3v9pEvF,20,AI,1.0,1.0,0.0,1.0,1.0,0.0
frustrating,mario,V5XEzcZd,1,Human,1.0,1.0,0.0,1.0,1.0,0.0
frustrating,mario,V5XEzcZd,2,Human,1.0,1.0,0.0,1.0,1.0,0.0
frustrating,mario,V5XEzcZd,3,Human,1.0,1.0,0.0,1.0,1.0,0.0
frustrating,mario,V5XEzcZd,4,Human,1.0,1.0,0.0,1.0,1.0,0.0
frustrating,mario,V5XEzcZd,5,Human,1.0,1.0,0.0,1.0,1.0,0.0
frustrating,mario,V5XEzcZd,6,Human,1.0,1.0,0.0,1.0,1.0,0.0
frustrating,mario,V5XEzcZd,7,Human,1.0,1.0,0.0,1.0,1.0,0.0
frustrating,mario,V5XEzcZd,8,Human,1.0,1.0,0.0,1.0,1.0,0.0
frustrating,mario,V5XEzcZd,9,Human,1.0,1.0,0.0,1.0,1.0,0.0
frustrating,mario,V5XEzcZd,10,Human,1.0,1.0,0.0,1.0,1.0,0.0
frustrating,mario,V5XEzcZd,11,Human,1.0,1.0,0.0,1.0,1.0,0.0
frustrating,mario,V5XEzcZd,12,Human,1.0,1.0,0.0,1.0,1.0,0.0
frustrating,mario,V5XEzcZd,13,Human,1.0,1.0,0.0,1.0,1.0,0.0
frustrating,mario,V5XEzcZd,14,Human,1.0,1.0,0.0,1.0,1.0,0.0
frustrating,mario,V5XEzcZd,15,Human,1.0,1.0,0.0,1.0,1.0,0.0
frustrating,mario,V5XEzcZd,16,Human,1.0,1.0,0.0,1.0,1.0,0.0
frustrating,mario,V5XEzcZd,17,Human,1.0,1.0,0.0,1.0,1.0,0.0
frustrating,mario,V5XEzcZd,18,Human,1.0,1.0,0.0,1.0,1.0,0.0
frustrating,mario,V5XEzcZd,19,Human,1.0,1.0,0.0,1.0,1.0,0.0
frustrating,mario,V5XEzcZd,20,Human,1.0,1.0,0.0,1.0,1.0,0.0
frustrating,mario,XYTl4EzV,1,Human,4.0,4.0,0.0,4.0,4.0,0.0
frustrating,mario,XYTl4EzV,2,Human,5.0,4.0,-1.0,5.0,4.0,-1.0
frustrating,mario,XYTl4EzV,3,Human,4.0,1.0,-3.0,4.0,1.0,-3.0
frustrating,mario,XYTl4EzV,4,Human,4.0,5.0,1.0,4.0,5.0,1.0
frustrating,mario,XYTl4EzV,5,Human,5.0,4.0,-1.0,5.0,4.0,-1.0
frustrating,mario,XYTl4EzV,6,Human,1.0,1.0,0.0,1.0,1.0,0.0
frustrating,mario,XYTl4EzV,7,Human,1.0,1.0,0.0,1.0,1.0,0.0
frustrating,mario,XYTl4EzV,8,Human,5.0,5.0,0.0,5.0,5.0,0.0
frustrating,mario,XYTl4EzV,9,Human,1.0,5.0,4.0,1.0,5.0,4.0
frustrating,mario,XYTl4EzV,10,Human,1.0,5.0,4.0,1.0,5.0,4.0
frustrating,mario,XYTl4EzV,11,Human,1.0,4.0,3.0,1.0,4.0,3.0
frustrating,mario,XYTl4EzV,12,Human,5.0,1.0,-4.0,5.0,1.0,-4.0
frustrating,mario,XYTl4EzV,13,Human,4.0,1.0,-3.0,4.0,1.0,-3.0
frustrating,mario,XYTl4EzV,14,Human,1.0,5.0,4.0,1.0,5.0,4.0
frustrating,mario,XYTl4EzV,15,Human,4.0,5.0,1.0,4.0,5.0,1.0
frustrating,mario,XYTl4EzV,16,Human,2.0,1.0,-1.0,2.0,1.0,-1.0
frustrating,mario,XYTl4EzV,17,Human,5.0,1.0,-4.0,5.0,1.0,-4.0
frustrating,mario,XYTl4EzV,18,Human,4.0,4.0,0.0,4.0,4.0,0.0
frustrating,mario,XYTl4EzV,19,Human,4.0,5.0,1.0,4.0,5.0,1.0
frustrating,mario,XYTl4EzV,20,Human,4.0,1.0,-3.0,4.0,1.0,-3.0
frustrating,mario,Xd8WtCNl,1,AI,1.0,1.0,0.0,1.0,1.0,0.0
frustrating,mario,Xd8WtCNl,2,AI,2.0,1.0,-1.0,2.0,1.0,-1.0
frustrating,mario,Xd8WtCNl,3,AI,1.0,1.0,0.0,1.0,1.0,0.0
frustrating,mario,Xd8WtCNl,4,AI,2.0,1.0,-1.0,2.0,1.0,-1.0
frustrating,mario,Xd8WtCNl,5,AI,1.0,2.0,1.0,1.0,2.0,1.0
frustrating,mario,Xd8WtCNl,6,AI,1.0,3.0,2.0,1.0,3.0,2.0
frustrating,mario,Xd8WtCNl,7,AI,1.0,1.0,0.0,1.0,1.0,0.0
frustrating,mario,Xd8WtCNl,8,AI,4.0,1.0,-3.0,4.0,1.0,-3.0
frustrating,mario,Xd8WtCNl,9,AI,2.0,1.0,-1.0,2.0,1.0,-1.0
frustrating,mario,Xd8WtCNl,10,AI,2.0,1.0,-1.0,2.0,1.0,-1.0
frustrating,mario,Xd8WtCNl,11,AI,1.0,1.0,0.0,1.0,1.0,0.0
frustrating,mario,Xd8WtCNl,12,AI,1.0,1.0,0.0,1.0,1.0,0.0
frustrating,mario,Xd8WtCNl,13,AI,2.0,1.0,-1.0,2.0,1.0,-1.0
frustrating,mario,Xd8WtCNl,14,AI,1.0,1.0,0.0,1.0,1.0,0.0
frustrating,mario,Xd8WtCNl,15,AI,1.0,1.0,0.0,1.0,1.0,0.0
frustrating,mario,Xd8WtCNl,16,AI,1.0,4.0,3.0,1.0,4.0,3.0
frustrating,mario,Xd8WtCNl,17,AI,4.0,1.0,-3.0,4.0,1.0,-3.0
frustrating,mario,Xd8WtCNl,18,AI,1.0,1.0,0.0,1.0,1.0,0.0
frustrating,mario,Xd8WtCNl,19,AI,1.0,1.0,0.0,1.0,1.0,0.0
frustrating,mario,Xd8WtCNl,20,AI,1.0,1.0,0.0,1.0,1.0,0.0
frustrating,mario,br59gvRp,1,AI,4.0,4.0,0.0,4.0,4.0,0.0
frustrating,mario,br59gvRp,2,AI,2.0,4.0,2.0,2.0,4.0,2.0
frustrating,mario,br59gvRp,3,AI,4.0,5.0,1.0,4.0,5.0,1.0
frustrating,mario,br59gvRp,4,AI,5.0,5.0,0.0,5.0,5.0,0.0
frustrating,mario,br59gvRp,5,AI,5.0,4.0,-1.0,5.0,4.0,-1.0
frustrating,mario,br59gvRp,6,AI,5.0,5.0,0.0,5.0,5.0,0.0
frustrating,mario,br59gvRp,7,AI,5.0,5.0,0.0,5.0,5.0,0.0
frustrating,mario,br59gvRp,8,AI,5.0,1.0,-4.0,5.0,1.0,-4.0
frustrating,mario,br59gvRp,9,AI,2.0,4.0,2.0,2.0,4.0,2.0
frustrating,mario,br59gvRp,10,AI,1.0,4.0,3.0,1.0,4.0,3.0
frustrating,mario,br59gvRp,11,AI,2.0,4.0,2.0,2.0,4.0,2.0
frustrating,mario,br59gvRp,12,AI,4.0,1.0,-3.0,4.0,1.0,-3.0
frustrating,mario,br59gvRp,13,AI,1.0,1.0,0.0,1.0,1.0,0.0
frustrating,mario,br59gvRp,14,AI,5.0,3.0,-2.0,5.0,3.0,-2.0
frustrating,mario,br59gvRp,15,AI,5.0,5.0,0.0,5.0,5.0,0.0
frustrating,mario,br59gvRp,16,AI,5.0,4.0,-1.0,5.0,4.0,-1.0
frustrating,mario,br59gvRp,17,AI,4.0,5.0,1.0,4.0,5.0,1.0
frustrating,mario,br59gvRp,18,AI,5.0,4.0,-1.0,5.0,4.0,-1.0
frustrating,mario,br59gvRp,19,AI,5.0,5.0,0.0,5.0,5.0,0.0
frustrating,mario,br59gvRp,20,AI,4.0,4.0,0.0,4.0,4.0,0.0
frustrating,mario,dwIZVZn4,1,AI,5.0,4.0,-1.0,5.0,4.0,-1.0
frustrating,mario,dwIZVZn4,2,AI,5.0,1.0,-4.0,5.0,1.0,-4.0
frustrating,mario,dwIZVZn4,3,AI,5.0,1.0,-4.0,5.0,1.0,-4.0
frustrating,mario,dwIZVZn4,4,AI,2.0,1.0,-1.0,2.0,1.0,-1.0
frustrating,mario,dwIZVZn4,5,AI,4.0,1.0,-3.0,4.0,1.0,-3.0
frustrating,mario,dwIZVZn4,6,AI,1.0,1.0,0.0,1.0,1.0,0.0
frustrating,mario,dwIZVZn4,7,AI,5.0,5.0,0.0,5.0,5.0,0.0
frustrating,mario,dwIZVZn4,8,AI,1.0,1.0,0.0,1.0,1.0,0.0
frustrating,mario,dwIZVZn4,9,AI,4.0,1.0,-3.0,4.0,1.0,-3.0
frustrating,mario,dwIZVZn4,10,AI,1.0,4.0,3.0,1.0,4.0,3.0
frustrating,mario,dwIZVZn4,11,AI,1.0,5.0,4.0,1.0,5.0,4.0
frustrating,mario,dwIZVZn4,12,AI,1.0,1.0,0.0,1.0,1.0,0.0
frustrating,mario,dwIZVZn4,13,AI,5.0,1.0,-4.0,5.0,1.0,-4.0
frustrating,mario,dwIZVZn4,14,AI,5.0,1.0,-4.0,5.0,1.0,-4.0
frustrating,mario,dwIZVZn4,15,AI,5.0,1.0,-4.0,5.0,1.0,-4.0
frustrating,mario,dwIZVZn4,16,AI,1.0,1.0,0.0,1.0,1.0,0.0
frustrating,mario,dwIZVZn4,17,AI,5.0,1.0,-4.0,5.0,1.0,-4.0
frustrating,mario,dwIZVZn4,18,AI,1.0,1.0,0.0,1.0,1.0,0.0
frustrating,mario,dwIZVZn4,19,AI,4.0,4.0,0.0,4.0,4.0,0.0
frustrating,mario,dwIZVZn4,20,AI,1.0,5.0,4.0,1.0,5.0,4.0
frustrating,mario,fc3fEIzT,1,Human,1.0,1.0,0.0,1.0,1.0,0.0
frustrating,mario,fc3fEIzT,2,Human,1.0,4.0,3.0,1.0,4.0,3.0
frustrating,mario,fc3fEIzT,3,Human,1.0,3.0,2.0,1.0,3.0,2.0
frustrating,mario,fc3fEIzT,4,Human,5.0,1.0,-4.0,5.0,1.0,-4.0
frustrating,mario,fc3fEIzT,5,Human,1.0,1.0,0.0,1.0,1.0,0.0
frustrating,mario,fc3fEIzT,6,Human,1.0,1.0,0.0,1.0,1.0,0.0
frustrating,mario,fc3fEIzT,7,Human,1.0,5.0,4.0,1.0,5.0,4.0
frustrating,mario,fc3fEIzT,8,Human,1.0,1.0,0.0,1.0,1.0,0.0
frustrating,mario,fc3fEIzT,9,Human,5.0,5.0,0.0,5.0,5.0,0.0
frustrating,mario,fc3fEIzT,10,Human,4.0,5.0,1.0,4.0,5.0,1.0
frustrating,mario,fc3fEIzT,11,Human,1.0,5.0,4.0,1.0,5.0,4.0
frustrating,mario,fc3fEIzT,12,Human,1.0,1.0,0.0,1.0,1.0,0.0
frustrating,mario,fc3fEIzT,13,Human,4.0,5.0,1.0,4.0,5.0,1.0
frustrating,mario,fc3fEIzT,14,Human,1.0,1.0,0.0,1.0,1.0,0.0
frustrating,mario,fc3fEIzT,15,Human,1.0,2.0,1.0,1.0,2.0,1.0
frustrating,mario,fc3fEIzT,16,Human,1.0,1.0,0.0,1.0,1.0,0.0
frustrating,mario,fc3fEIzT,17,Human,1.0,1.0,0.0,1.0,1.0,0.0
frustrating,mario,fc3fEIzT,18,Human,1.0,3.0,2.0,1.0,3.0,2.0
frustrating,mario,fc3fEIzT,19,Human,4.0,5.0,1.0,4.0,5.0,1.0
frustrating,mario,fc3fEIzT,20,Human,5.0,1.0,-4.0,5.0,1.0,-4.0
frustrating,mario,gZGPAuuB,1,Human,1.0,1.0,0.0,1.0,1.0,0.0
frustrating,mario,gZGPAuuB,2,Human,1.0,1.0,0.0,1.0,1.0,0.0
frustrating,mario,gZGPAuuB,3,Human,1.0,1.0,0.0,1.0,1.0,0.0
frustrating,mario,gZGPAuuB,4,Human,1.0,1.0,0.0,1.0,1.0,0.0
frustrating,mario,gZGPAuuB,5,Human,1.0,1.0,0.0,1.0,1.0,0.0
frustrating,mario,gZGPAuuB,6,Human,1.0,1.0,0.0,1.0,1.0,0.0
frustrating,mario,gZGPAuuB,7,Human,1.0,1.0,0.0,1.0,1.0,0.0
frustrating,mario,gZGPAuuB,8,Human,1.0,1.0,0.0,1.0,1.0,0.0
frustrating,mario,gZGPAuuB,9,Human,1.0,1.0,0.0,1.0,1.0,0.0
frustrating,mario,gZGPAuuB,10,Human,1.0,1.0,0.0,1.0,1.0,0.0
frustrating,mario,gZGPAuuB,11,Human,1.0,1.0,0.0,1.0,1.0,0.0
frustrating,mario,gZGPAuuB,12,Human,1.0,1.0,0.0,1.0,1.0,0.0
frustrating,mario,gZGPAuuB,13,Human,1.0,1.0,0.0,1.0,1.0,0.0
frustrating,mario,gZGPAuuB,14,Human,1.0,1.0,0.0,1.0,1.0,0.0
frustrating,mario,gZGPAuuB,15,Human,1.0,1.0,0.0,1.0,1.0,0.0
frustrating,mario,gZGPAuuB,16,Human,1.0,1.0,0.0,1.0,1.0,0.0
frustrating,mario,gZGPAuuB,17,Human,1.0,1.0,0.0,1.0,1.0,0.0
frustrating,mario,gZGPAuuB,18,Human,1.0,1.0,0.0,1.0,1.0,0.0
frustrating,mario,gZGPAuuB,19,Human,1.0,1.0,0.0,1.0,1.0,0.0
frustrating,mario,gZGPAuuB,20,Human,1.0,1.0,0.0,1.0,1.0,0.0
frustrating,mario,gngXYJwH,1,AI,1.0,1.0,0.0,1.0,1.0,0.0
frustrating,mario,gngXYJwH,2,AI,1.0,1.0,0.0,1.0,1.0,0.0
frustrating,mario,gngXYJwH,3,AI,1.0,1.0,0.0,1.0,1.0,0.0
frustrating,mario,gngXYJwH,4,AI,1.0,1.0,0.0,1.0,1.0,0.0
frustrating,mario,gngXYJwH,5,AI,1.0,1.0,0.0,1.0,1.0,0.0
frustrating,mario,gngXYJwH,6,AI,1.0,1.0,0.0,1.0,1.0,0.0
frustrating,mario,gngXYJwH,7,AI,1.0,1.0,0.0,1.0,1.0,0.0
frustrating,mario,gngXYJwH,8,AI,1.0,1.0,0.0,1.0,1.0,0.0
frustrating,mario,gngXYJwH,9,AI,1.0,1.0,0.0,1.0,1.0,0.0
frustrating,mario,gngXYJwH,10,AI,1.0,1.0,0.0,1.0,1.0,0.0
frustrating,mario,gngXYJwH,11,AI,1.0,1.0,0.0,1.0,1.0,0.0
frustrating,mario,gngXYJwH,12,AI,1.0,1.0,0.0,1.0,1.0,0.0
frustrating,mario,gngXYJwH,13,AI,1.0,1.0,0.0,1.0,1.0,0.0
frustrating,mario,gngXYJwH,14,AI,1.0,1.0,0.0,1.0,1.0,0.0
frustrating,mario,gngXYJwH,15,AI,1.0,1.0,0.0,1.0,1.0,0.0
frustrating,mario,gngXYJwH,16,AI,1.0,1.0,0.0,1.0,1.0,0.0
frustrating,mario,gngXYJwH,17,AI,1.0,1.0,0.0,1.0,1.0,0.0
frustrating,mario,gngXYJwH,18,AI,1.0,1.0,0.0,1.0,1.0,0.0
frustrating,mario,gngXYJwH,19,AI,1.0,1.0,0.0,1.0,1.0,0.0
frustrating,mario,gngXYJwH,20,AI,1.0,1.0,0.0,1.0,1.0,0.0
frustrating,mario,ktod92pA,1,Human,5.0,5.0,0.0,5.0,5.0,0.0
frustrating,mario,ktod92pA,2,Human,5.0,4.0,-1.0,5.0,4.0,-1.0
frustrating,mario,ktod92pA,3,Human,2.0,4.0,2.0,2.0,4.0,2.0
frustrating,mario,ktod92pA,4,Human,5.0,5.0,0.0,5.0,5.0,0.0
frustrating,mario,ktod92pA,5,Human,5.0,5.0,0.0,5.0,5.0,0.0
frustrating,mario,ktod92pA,6,Human,4.0,5.0,1.0,4.0,5.0,1.0
frustrating,mario,ktod92pA,7,Human,2.0,5.0,3.0,2.0,5.0,3.0
frustrating,mario,ktod92pA,8,Human,5.0,5.0,0.0,5.0,5.0,0.0
frustrating,mario,ktod92pA,9,Human,5.0,5.0,0.0,5.0,5.0,0.0
frustrating,mario,ktod92pA,10,Human,3.0,5.0,2.0,3.0,5.0,2.0
frustrating,mario,ktod92pA,11,Human,5.0,5.0,0.0,5.0,5.0,0.0
frustrating,mario,ktod92pA,12,Human,5.0,5.0,0.0,5.0,5.0,0.0
frustrating,mario,ktod92pA,13,Human,2.0,5.0,3.0,2.0,5.0,3.0
frustrating,mario,ktod92pA,14,Human,5.0,5.0,0.0,5.0,5.0,0.0
frustrating,mario,ktod92pA,15,Human,5.0,5.0,0.0,5.0,5.0,0.0
frustrating,mario,ktod92pA,16,Human,5.0,5.0,0.0,5.0,5.0,0.0
frustrating,mario,ktod92pA,17,Human,5.0,5.0,0.0,5.0,5.0,0.0
frustrating,mario,ktod92pA,18,Human,5.0,4.0,-1.0,5.0,4.0,-1.0
frustrating,mario,ktod92pA,19,Human,5.0,4.0,-1.0,5.0,4.0,-1.0
frustrating,mario,ktod92pA,20,Human,5.0,5.0,0.0,5.0,5.0,0.0
frustrating,mario,lY6ELCJ9,1,Human,2.0,1.0,-1.0,2.0,1.0,-1.0
frustrating,mario,lY6ELCJ9,2,Human,1.0,1.0,0.0,1.0,1.0,0.0
frustrating,mario,lY6ELCJ9,3,Human,1.0,1.0,0.0,1.0,1.0,0.0
frustrating,mario,lY6ELCJ9,4,Human,1.0,1.0,0.0,1.0,1.0,0.0
frustrating,mario,lY6ELCJ9,5,Human,1.0,1.0,0.0,1.0,1.0,0.0
frustrating,mario,lY6ELCJ9,6,Human,1.0,1.0,0.0,1.0,1.0,0.0
frustrating,mario,lY6ELCJ9,7,Human,1.0,1.0,0.0,1.0,1.0,0.0
frustrating,mario,lY6ELCJ9,8,Human,1.0,1.0,0.0,1.0,1.0,0.0
frustrating,mario,lY6ELCJ9,9,Human,1.0,1.0,0.0,1.0,1.0,0.0
frustrating,mario,lY6ELCJ9,10,Human,1.0,1.0,0.0,1.0,1.0,0.0
frustrating,mario,lY6ELCJ9,11,Human,1.0,1.0,0.0,1.0,1.0,0.0
frustrating,mario,lY6ELCJ9,12,Human,1.0,1.0,0.0,1.0,1.0,0.0
frustrating,mario,lY6ELCJ9,13,Human,4.0,1.0,-3.0,4.0,1.0,-3.0
frustrating,mario,lY6ELCJ9,14,Human,1.0,1.0,0.0,1.0,1.0,0.0
frustrating,mario,lY6ELCJ9,15,Human,1.0,1.0,0.0,1.0,1.0,0.0
frustrating,mario,lY6ELCJ9,16,Human,1.0,1.0,0.0,1.0,1.0,0.0
frustrating,mario,lY6ELCJ9,17,Human,1.0,1.0,0.0,1.0,1.0,0.0
frustrating,mario,lY6ELCJ9,18,Human,2.0,1.0,-1.0,2.0,1.0,-1.0
frustrating,mario,lY6ELCJ9,19,Human,1.0,1.0,0.0,1.0,1.0,0.0
frustrating,mario,lY6ELCJ9,20,Human,1.0,1.0,0.0,1.0,1.0,0.0
frustrating,mario,lgoBPkQB,1,AI,1.0,1.0,0.0,1.0,1.0,0.0
frustrating,mario,lgoBPkQB,2,AI,1.0,1.0,0.0,1.0,1.0,0.0
frustrating,mario,lgoBPkQB,3,AI,1.0,1.0,0.0,1.0,1.0,0.0
frustrating,mario,lgoBPkQB,4,AI,1.0,1.0,0.0,1.0,1.0,0.0
frustrating,mario,lgoBPkQB,5,AI,1.0,1.0,0.0,1.0,1.0,0.0
frustrating,mario,lgoBPkQB,6,AI,1.0,1.0,0.0,1.0,1.0,0.0
frustrating,mario,lgoBPkQB,7,AI,1.0,1.0,0.0,1.0,1.0,0.0
frustrating,mario,lgoBPkQB,8,AI,1.0,1.0,0.0,1.0,1.0,0.0
frustrating,mario,lgoBPkQB,9,AI,1.0,1.0,0.0,1.0,1.0,0.0
frustrating,mario,lgoBPkQB,10,AI,1.0,1.0,0.0,1.0,1.0,0.0
frustrating,mario,lgoBPkQB,11,AI,1.0,1.0,0.0,1.0,1.0,0.0
frustrating,mario,lgoBPkQB,12,AI,1.0,1.0,0.0,1.0,1.0,0.0
frustrating,mario,lgoBPkQB,13,AI,1.0,1.0,0.0,1.0,1.0,0.0
frustrating,mario,lgoBPkQB,14,AI,1.0,1.0,0.0,1.0,1.0,0.0
frustrating,mario,lgoBPkQB,15,AI,1.0,1.0,0.0,1.0,1.0,0.0
frustrating,mario,lgoBPkQB,16,AI,1.0,1.0,0.0,1.0,1.0,0.0
frustrating,mario,lgoBPkQB,17,AI,1.0,1.0,0.0,1.0,1.0,0.0
frustrating,mario,lgoBPkQB,18,AI,1.0,1.0,0.0,1.0,1.0,0.0
frustrating,mario,lgoBPkQB,19,AI,1.0,1.0,0.0,1.0,1.0,0.0
frustrating,mario,lgoBPkQB,20,AI,1.0,1.0,0.0,1.0,1.0,0.0
frustrating,mario,mmMjssLU,1,AI,4.0,1.0,-3.0,4.0,1.0,-3.0
frustrating,mario,mmMjssLU,2,AI,1.0,1.0,0.0,1.0,1.0,0.0
frustrating,mario,mmMjssLU,3,AI,1.0,2.0,1.0,1.0,2.0,1.0
frustrating,mario,mmMjssLU,4,AI,1.0,1.0,0.0,1.0,1.0,0.0
frustrating,mario,mmMjssLU,5,AI,1.0,1.0,0.0,1.0,1.0,0.0
frustrating,mario,mmMjssLU,6,AI,2.0,1.0,-1.0,2.0,1.0,-1.0
frustrating,mario,mmMjssLU,7,AI,1.0,1.0,0.0,1.0,1.0,0.0
frustrating,mario,mmMjssLU,8,AI,1.0,2.0,1.0,1.0,2.0,1.0
frustrating,mario,mmMjssLU,9,AI,2.0,1.0,-1.0,2.0,1.0,-1.0
frustrating,mario,mmMjssLU,10,AI,1.0,1.0,0.0,1.0,1.0,0.0
frustrating,mario,mmMjssLU,11,AI,1.0,1.0,0.0,1.0,1.0,0.0
frustrating,mario,mmMjssLU,12,AI,1.0,1.0,0.0,1.0,1.0,0.0
frustrating,mario,mmMjssLU,13,AI,1.0,1.0,0.0,1.0,1.0,0.0
frustrating,mario,mmMjssLU,14,AI,1.0,1.0,0.0,1.0,1.0,0.0
frustrating,mario,mmMjssLU,15,AI,1.0,1.0,0.0,1.0,1.0,0.0
frustrating,mario,mmMjssLU,16,AI,1.0,1.0,0.0,1.0,1.0,0.0
frustrating,mario,mmMjssLU,17,AI,1.0,4.0,3.0,1.0,4.0,3.0
frustrating,mario,mmMjssLU,18,AI,1.0,3.0,2.0,1.0,3.0,2.0
frustrating,mario,mmMjssLU,19,AI,1.0,1.0,0.0,1.0,1.0,0.0
frustrating,mario,mmMjssLU,20,AI,4.0,1.0,-3.0,4.0,1.0,-3.0
frustrating,mario,oGL3xUR2,1,Human,1.0,1.0,0.0,1.0,1.0,0.0
frustrating,mario,oGL3xUR2,2,Human,1.0,1.0,0.0,1.0,1.0,0.0
frustrating,mario,oGL3xUR2,3,Human,1.0,1.0,0.0,1.0,1.0,0.0
frustrating,mario,oGL3xUR2,4,Human,3.0,1.0,-2.0,3.0,1.0,-2.0
frustrating,mario,oGL3xUR2,5,Human,1.0,1.0,0.0,1.0,1.0,0.0
frustrating,mario,oGL3xUR2,6,Human,1.0,1.0,0.0,1.0,1.0,0.0
frustrating,mario,oGL3xUR2,7,Human,1.0,1.0,0.0,1.0,1.0,0.0
frustrating,mario,oGL3xUR2,8,Human,1.0,1.0,0.0,1.0,1.0,0.0
frustrating,mario,oGL3xUR2,9,Human,1.0,1.0,0.0,1.0,1.0,0.0
frustrating,mario,oGL3xUR2,10,Human,1.0,1.0,0.0,1.0,1.0,0.0
frustrating,mario,oGL3xUR2,11,Human,1.0,1.0,0.0,1.0,1.0,0.0
frustrating,mario,oGL3xUR2,12,Human,1.0,1.0,0.0,1.0,1.0,0.0
frustrating,mario,oGL3xUR2,13,Human,1.0,1.0,0.0,1.0,1.0,0.0
frustrating,mario,oGL3xUR2,14,Human,2.0,1.0,-1.0,2.0,1.0,-1.0
frustrating,mario,oGL3xUR2,15,Human,1.0,1.0,0.0,1.0,1.0,0.0
frustrating,mario,oGL3xUR2,16,Human,1.0,1.0,0.0,1.0,1.0,0.0
frustrating,mario,oGL3xUR2,17,Human,1.0,1.0,0.0,1.0,1.0,0.0
frustrating,mario,oGL3xUR2,18,Human,1.0,1.0,0.0,1.0,1.0,0.0
frustrating,mario,oGL3xUR2,19,Human,1.0,1.0,0.0,1.0,1.0,0.0
frustrating,mario,oGL3xUR2,20,Human,1.0,1.0,0.0,1.0,1.0,0.0
frustrating,mario,pY9KB33X,1,Human,1.0,1.0,0.0,1.0,1.0,0.0
frustrating,mario,pY9KB33X,2,Human,1.0,1.0,0.0,1.0,1.0,0.0
frustrating,mario,pY9KB33X,3,Human,4.0,5.0,1.0,4.0,5.0,1.0
frustrating,mario,pY9KB33X,4,Human,3.0,1.0,-2.0,3.0,1.0,-2.0
frustrating,mario,pY9KB33X,5,Human,1.0,1.0,0.0,1.0,1.0,0.0
frustrating,mario,pY9KB33X,6,Human,1.0,1.0,0.0,1.0,1.0,0.0
frustrating,mario,pY9KB33X,7,Human,2.0,1.0,-1.0,2.0,1.0,-1.0
frustrating,mario,pY9KB33X,8,Human,5.0,1.0,-4.0,5.0,1.0,-4.0
frustrating,mario,pY9KB33X,9,Human,4.0,4.0,0.0,4.0,4.0,0.0
frustrating,mario,pY9KB33X,10,Human,4.0,1.0,-3.0,4.0,1.0,-3.0
frustrating,mario,pY9KB33X,11,Human,1.0,1.0,0.0,1.0,1.0,0.0
frustrating,mario,pY9KB33X,12,Human,4.0,1.0,-3.0,4.0,1.0,-3.0
frustrating,mario,pY9KB33X,13,Human,5.0,1.0,-4.0,5.0,1.0,-4.0
frustrating,mario,pY9KB33X,14,Human,4.0,1.0,-3.0,4.0,1.0,-3.0
frustrating,mario,pY9KB33X,15,Human,1.0,1.0,0.0,1.0,1.0,0.0
frustrating,mario,pY9KB33X,16,Human,1.0,1.0,0.0,1.0,1.0,0.0
frustrating,mario,pY9KB33X,17,Human,1.0,1.0,0.0,1.0,1.0,0.0
frustrating,mario,pY9KB33X,18,Human,1.0,1.0,0.0,1.0,1.0,0.0
frustrating,mario,pY9KB33X,19,Human,1.0,1.0,0.0,1.0,1.0,0.0
frustrating,mario,pY9KB33X,20,Human,1.0,1.0,0.0,1.0,1.0,0.0
frustrating,mario,tMYRotFs,1,Human,3.0,4.0,1.0,3.0,4.0,1.0
frustrating,mario,tMYRotFs,2,Human,1.0,1.0,0.0,1.0,1.0,0.0
frustrating,mario,tMYRotFs,3,Human,1.0,1.0,0.0,1.0,1.0,0.0
frustrating,mario,tMYRotFs,4,Human,1.0,5.0,4.0,1.0,5.0,4.0
frustrating,mario,tMYRotFs,5,Human,1.0,1.0,0.0,1.0,1.0,0.0
frustrating,mario,tMYRotFs,6,Human,2.0,4.0,2.0,2.0,4.0,2.0
frustrating,mario,tMYRotFs,7,Human,2.0,4.0,2.0,2.0,4.0,2.0
frustrating,mario,tMYRotFs,8,Human,2.0,4.0,2.0,2.0,4.0,2.0
frustrating,mario,tMYRotFs,9,Human,1.0,4.0,3.0,1.0,4.0,3.0
frustrating,mario,tMYRotFs,10,Human,4.0,4.0,0.0,4.0,4.0,0.0
frustrating,mario,tMYRotFs,11,Human,2.0,4.0,2.0,2.0,4.0,2.0
frustrating,mario,tMYRotFs,12,Human,1.0,4.0,3.0,1.0,4.0,3.0
frustrating,mario,tMYRotFs,13,Human,1.0,4.0,3.0,1.0,4.0,3.0
frustrating,mario,tMYRotFs,14,Human,1.0,4.0,3.0,1.0,4.0,3.0
frustrating,mario,tMYRotFs,15,Human,1.0,1.0,0.0,1.0,1.0,0.0
frustrating,mario,tMYRotFs,16,Human,3.0,5.0,2.0,3.0,5.0,2.0
frustrating,mario,tMYRotFs,17,Human,4.0,4.0,0.0,4.0,4.0,0.0
frustrating,mario,tMYRotFs,18,Human,4.0,1.0,-3.0,4.0,1.0,-3.0
frustrating,mario,tMYRotFs,19,Human,2.0,4.0,2.0,2.0,4.0,2.0
frustrating,mario,tMYRotFs,20,Human,5.0,4.0,-1.0,5.0,4.0,-1.0
frustrating,mario,ueNqeTXa,1,AI,4.0,5.0,1.0,4.0,5.0,1.0
frustrating,mario,ueNqeTXa,2,AI,4.0,4.0,0.0,4.0,4.0,0.0
frustrating,mario,ueNqeTXa,3,AI,1.0,4.0,3.0,1.0,4.0,3.0
frustrating,mario,ueNqeTXa,4,AI,5.0,2.0,-3.0,5.0,2.0,-3.0
frustrating,mario,ueNqeTXa,5,AI,4.0,1.0,-3.0,4.0,1.0,-3.0
frustrating,mario,ueNqeTXa,6,AI,1.0,5.0,4.0,1.0,5.0,4.0
frustrating,mario,ueNqeTXa,7,AI,4.0,1.0,-3.0,4.0,1.0,-3.0
frustrating,mario,ueNqeTXa,8,AI,5.0,4.0,-1.0,5.0,4.0,-1.0
frustrating,mario,ueNqeTXa,9,AI,1.0,1.0,0.0,1.0,1.0,0.0
frustrating,mario,ueNqeTXa,10,AI,4.0,5.0,1.0,4.0,5.0,1.0
frustrating,mario,ueNqeTXa,11,AI,4.0,2.0,-2.0,4.0,2.0,-2.0
frustrating,mario,ueNqeTXa,12,AI,2.0,1.0,-1.0,2.0,1.0,-1.0
frustrating,mario,ueNqeTXa,13,AI,1.0,4.0,3.0,1.0,4.0,3.0
frustrating,mario,ueNqeTXa,14,AI,5.0,1.0,-4.0,5.0,1.0,-4.0
frustrating,mario,ueNqeTXa,15,AI,5.0,2.0,-3.0,5.0,2.0,-3.0
frustrating,mario,ueNqeTXa,16,AI,5.0,1.0,-4.0,5.0,1.0,-4.0
frustrating,mario,ueNqeTXa,17,AI,3.0,5.0,2.0,3.0,5.0,2.0
frustrating,mario,ueNqeTXa,18,AI,5.0,4.0,-1.0,5.0,4.0,-1.0
frustrating,mario,ueNqeTXa,19,AI,5.0,4.0,-1.0,5.0,4.0,-1.0
frustrating,mario,ueNqeTXa,20,AI,4.0,5.0,1.0,4.0,5.0,1.0
frustrating,mario,vHybWiYq,1,AI,5.0,4.0,-1.0,5.0,4.0,-1.0
frustrating,mario,vHybWiYq,2,AI,1.0,4.0,3.0,1.0,4.0,3.0
frustrating,mario,vHybWiYq,3,AI,5.0,5.0,0.0,5.0,5.0,0.0
frustrating,mario,vHybWiYq,4,AI,1.0,2.0,1.0,1.0,2.0,1.0
frustrating,mario,vHybWiYq,5,AI,5.0,2.0,-3.0,5.0,2.0,-3.0
frustrating,mario,vHybWiYq,6,AI,1.0,5.0,4.0,1.0,5.0,4.0
frustrating,mario,vHybWiYq,7,AI,5.0,5.0,0.0,5.0,5.0,0.0
frustrating,mario,vHybWiYq,8,AI,1.0,2.0,1.0,1.0,2.0,1.0
frustrating,mario,vHybWiYq,9,AI,1.0,4.0,3.0,1.0,4.0,3.0
frustrating,mario,vHybWiYq,10,AI,1.0,4.0,3.0,1.0,4.0,3.0
frustrating,mario,vHybWiYq,11,AI,1.0,4.0,3.0,1.0,4.0,3.0
frustrating,mario,vHybWiYq,12,AI,5.0,4.0,-1.0,5.0,4.0,-1.0
frustrating,mario,vHybWiYq,13,AI,5.0,4.0,-1.0,5.0,4.0,-1.0
frustrating,mario,vHybWiYq,14,AI,4.0,4.0,0.0,4.0,4.0,0.0
frustrating,mario,vHybWiYq,15,AI,1.0,5.0,4.0,1.0,5.0,4.0
frustrating,mario,vHybWiYq,16,AI,1.0,5.0,4.0,1.0,5.0,4.0
frustrating,mario,vHybWiYq,17,AI,4.0,1.0,-3.0,4.0,1.0,-3.0
frustrating,mario,vHybWiYq,18,AI,5.0,1.0,-4.0,5.0,1.0,-4.0
frustrating,mario,vHybWiYq,19,AI,2.0,5.0,3.0,2.0,5.0,3.0
frustrating,mario,vHybWiYq,20,AI,1.0,4.0,3.0,1.0,4.0,3.0
frustrating,mario,x3V9NLQt,1,Human,1.0,1.0,0.0,1.0,1.0,0.0
frustrating,mario,x3V9NLQt,2,Human,1.0,1.0,0.0,1.0,1.0,0.0
frustrating,mario,x3V9NLQt,3,Human,1.0,1.0,0.0,1.0,1.0,0.0
frustrating,mario,x3V9NLQt,4,Human,1.0,1.0,0.0,1.0,1.0,0.0
frustrating,mario,x3V9NLQt,5,Human,1.0,1.0,0.0,1.0,1.0,0.0
frustrating,mario,x3V9NLQt,6,Human,1.0,1.0,0.0,1.0,1.0,0.0
frustrating,mario,x3V9NLQt,7,Human,1.0,1.0,0.0,1.0,1.0,0.0
frustrating,mario,x3V9NLQt,8,Human,1.0,1.0,0.0,1.0,1.0,0.0
frustrating,mario,x3V9NLQt,9,Human,4.0,1.0,-3.0,4.0,1.0,-3.0
frustrating,mario,x3V9NLQt,10,Human,1.0,1.0,0.0,1.0,1.0,0.0
frustrating,mario,x3V9NLQt,11,Human,1.0,1.0,0.0,1.0,1.0,0.0
frustrating,mario,x3V9NLQt,12,Human,1.0,1.0,0.0,1.0,1.0,0.0
frustrating,mario,x3V9NLQt,13,Human,1.0,1.0,0.0,1.0,1.0,0.0
frustrating,mario,x3V9NLQt,14,Human,1.0,1.0,0.0,1.0,1.0,0.0
frustrating,mario,x3V9NLQt,15,Human,1.0,1.0,0.0,1.0,1.0,0.0
frustrating,mario,x3V9NLQt,16,Human,1.0,1.0,0.0,1.0,1.0,0.0
frustrating,mario,x3V9NLQt,17,Human,1.0,1.0,0.0,1.0,1.0,0.0
frustrating,mario,x3V9NLQt,18,Human,1.0,1.0,0.0,1.0,1.0,0.0
frustrating,mario,x3V9NLQt,19,Human,1.0,1.0,0.0,1.0,1.0,0.0
frustrating,mario,x3V9NLQt,20,Human,1.0,1.0,0.0,1.0,1.0,0.0
frustrating,mario,xYnV8Xi7,1,AI,5.0,4.0,-1.0,5.0,4.0,-1.0
frustrating,mario,xYnV8Xi7,2,AI,5.0,5.0,0.0,5.0,5.0,0.0
frustrating,mario,xYnV8Xi7,3,AI,5.0,5.0,0.0,5.0,5.0,0.0
frustrating,mario,xYnV8Xi7,4,AI,5.0,5.0,0.0,5.0,5.0,0.0
frustrating,mario,xYnV8Xi7,5,AI,5.0,3.0,-2.0,5.0,3.0,-2.0
frustrating,mario,xYnV8Xi7,6,AI,5.0,5.0,0.0,5.0,5.0,0.0
frustrating,mario,xYnV8Xi7,7,AI,5.0,5.0,0.0,5.0,5.0,0.0
frustrating,mario,xYnV8Xi7,8,AI,5.0,5.0,0.0,5.0,5.0,0.0
frustrating,mario,xYnV8Xi7,9,AI,4.0,5.0,1.0,4.0,5.0,1.0
frustrating,mario,xYnV8Xi7,10,AI,5.0,5.0,0.0,5.0,5.0,0.0
frustrating,mario,xYnV8Xi7,11,AI,5.0,5.0,0.0,5.0,5.0,0.0
frustrating,mario,xYnV8Xi7,12,AI,5.0,5.0,0.0,5.0,5.0,0.0
frustrating,mario,xYnV8Xi7,13,AI,5.0,5.0,0.0,5.0,5.0,0.0
frustrating,mario,xYnV8Xi7,14,AI,5.0,5.0,0.0,5.0,5.0,0.0
frustrating,mario,xYnV8Xi7,15,AI,5.0,4.0,-1.0,5.0,4.0,-1.0
frustrating,mario,xYnV8Xi7,16,AI,5.0,5.0,0.0,5.0,5.0,0.0
frustrating,mario,xYnV8Xi7,17,AI,5.0,5.0,0.0,5.0,5.0,0.0
frustrating,mario,xYnV8Xi7,18,AI,5.0,5.0,0.0,5.0,5.0,0.0
frustrating,mario,xYnV8Xi7,19,AI,5.0,5.0,0.0,5.0,5.0,0.0
frustrating,mario,xYnV8Xi7,20,AI,5.0,5.0,0.0,5.0,5.0,0.0
frustrating,mario,yAXhWaGh,1,Human,5.0,5.0,0.0,5.0,5.0,0.0
frustrating,mario,yAXhWaGh,2,Human,5.0,5.0,0.0,5.0,5.0,0.0
frustrating,mario,yAXhWaGh,3,Human,5.0,5.0,0.0,5.0,5.0,0.0
frustrating,mario,yAXhWaGh,4,Human,5.0,5.0,0.0,5.0,5.0,0.0
frustrating,mario,yAXhWaGh,5,Human,5.0,5.0,0.0,5.0,5.0,0.0
frustrating,mario,yAXhWaGh,6,Human,5.0,5.0,0.0,5.0,5.0,0.0
frustrating,mario,yAXhWaGh,7,Human,5.0,5.0,0.0,5.0,5.0,0.0
frustrating,mario,yAXhWaGh,8,Human,5.0,5.0,0.0,5.0,5.0,0.0
frustrating,mario,yAXhWaGh,9,Human,5.0,5.0,0.0,5.0,5.0,0.0
frustrating,mario,yAXhWaGh,10,Human,5.0,5.0,0.0,5.0,5.0,0.0
frustrating,mario,yAXhWaGh,11,Human,4.0,5.0,1.0,4.0,5.0,1.0
frustrating,mario,yAXhWaGh,12,Human,5.0,5.0,0.0,5.0,5.0,0.0
frustrating,mario,yAXhWaGh,13,Human,5.0,5.0,0.0,5.0,5.0,0.0
frustrating,mario,yAXhWaGh,14,Human,5.0,5.0,0.0,5.0,5.0,0.0
frustrating,mario,yAXhWaGh,15,Human,5.0,5.0,0.0,5.0,5.0,0.0
frustrating,mario,yAXhWaGh,16,Human,5.0,5.0,0.0,5.0,5.0,0.0
frustrating,mario,yAXhWaGh,17,Human,5.0,5.0,0.0,5.0,5.0,0.0
frustrating,mario,yAXhWaGh,18,Human,5.0,5.0,0.0,5.0,5.0,0.0
frustrating,mario,yAXhWaGh,19,Human,5.0,5.0,0.0,5.0,5.0,0.0
frustrating,mario,yAXhWaGh,20,Human,5.0,5.0,0.0,5.0,5.0,0.0
frustrating,sokoban,2v2qgbvC,1,Human,1.0,1.0,0.0,1.0,1.0,0.0
frustrating,sokoban,2v2qgbvC,2,Human,1.0,1.0,0.0,1.0,1.0,0.0
frustrating,sokoban,2v2qgbvC,3,Human,1.0,1.0,0.0,1.0,1.0,0.0
frustrating,sokoban,2v2qgbvC,4,Human,1.0,1.0,0.0,1.0,1.0,0.0
frustrating,sokoban,2v2qgbvC,5,Human,1.0,1.0,0.0,1.0,1.0,0.0
frustrating,sokoban,2v2qgbvC,6,Human,1.0,1.0,0.0,1.0,1.0,0.0
frustrating,sokoban,2v2qgbvC,7,Human,1.0,1.0,0.0,1.0,1.0,0.0
frustrating,sokoban,2v2qgbvC,8,Human,1.0,4.0,3.0,1.0,4.0,3.0
frustrating,sokoban,2v2qgbvC,9,Human,4.0,1.0,-3.0,4.0,1.0,-3.0
frustrating,sokoban,2v2qgbvC,10,Human,1.0,1.0,0.0,1.0,1.0,0.0
frustrating,sokoban,2v2qgbvC,11,Human,1.0,1.0,0.0,1.0,1.0,0.0
frustrating,sokoban,2v2qgbvC,12,Human,1.0,1.0,0.0,1.0,1.0,0.0
frustrating,sokoban,2v2qgbvC,13,Human,1.0,1.0,0.0,1.0,1.0,0.0
frustrating,sokoban,2v2qgbvC,14,Human,1.0,1.0,0.0,1.0,1.0,0.0
frustrating,sokoban,2v2qgbvC,15,Human,1.0,1.0,0.0,1.0,1.0,0.0
frustrating,sokoban,2v2qgbvC,16,Human,1.0,1.0,0.0,1.0,1.0,0.0
frustrating,sokoban,2v2qgbvC,17,Human,1.0,1.0,0.0,1.0,1.0,0.0
frustrating,sokoban,2v2qgbvC,18,Human,1.0,1.0,0.0,1.0,1.0,0.0
frustrating,sokoban,2v2qgbvC,19,Human,1.0,1.0,0.0,1.0,1.0,0.0
frustrating,sokoban,2v2qgbvC,20,Human,1.0,1.0,0.0,1.0,1.0,0.0
frustrating,sokoban,3xtQxBWH,1,Human,4.0,1.0,-3.0,4.0,1.0,-3.0
frustrating,sokoban,3xtQxBWH,2,Human,2.0,1.0,-1.0,2.0,1.0,-1.0
frustrating,sokoban,3xtQxBWH,3,Human,1.0,2.0,1.0,1.0,2.0,1.0
frustrating,sokoban,3xtQxBWH,4,Human,4.0,2.0,-2.0,4.0,2.0,-2.0
frustrating,sokoban,3xtQxBWH,5,Human,2.0,1.0,-1.0,2.0,1.0,-1.0
frustrating,sokoban,3xtQxBWH,6,Human,2.0,1.0,-1.0,2.0,1.0,-1.0
frustrating,sokoban,3xtQxBWH,7,Human,2.0,1.0,-1.0,2.0,1.0,-1.0
frustrating,sokoban,3xtQxBWH,8,Human,2.0,4.0,2.0,2.0,4.0,2.0
frustrating,sokoban,3xtQxBWH,9,Human,2.0,1.0,-1.0,2.0,1.0,-1.0
frustrating,sokoban,3xtQxBWH,10,Human,2.0,1.0,-1.0,2.0,1.0,-1.0
frustrating,sokoban,3xtQxBWH,11,Human,2.0,2.0,0.0,2.0,2.0,0.0
frustrating,sokoban,3xtQxBWH,12,Human,2.0,4.0,2.0,2.0,4.0,2.0
frustrating,sokoban,3xtQxBWH,13,Human,2.0,1.0,-1.0,2.0,1.0,-1.0
frustrating,sokoban,3xtQxBWH,14,Human,2.0,4.0,2.0,2.0,4.0,2.0
frustrating,sokoban,3xtQxBWH,15,Human,1.0,1.0,0.0,1.0,1.0,0.0
frustrating,sokoban,3xtQxBWH,16,Human,2.0,1.0,-1.0,2.0,1.0,-1.0
frustrating,sokoban,3xtQxBWH,17,Human,2.0,2.0,0.0,2.0,2.0,0.0
frustrating,sokoban,3xtQxBWH,18,Human,1.0,1.0,0.0,1.0,1.0,0.0
frustrating,sokoban,3xtQxBWH,19,Human,2.0,2.0,0.0,2.0,2.0,0.0
frustrating,sokoban,3xtQxBWH,20,Human,2.0,1.0,-1.0,2.0,1.0,-1.0
frustrating,sokoban,5Au4nrI2,1,Human,1.0,1.0,0.0,1.0,1.0,0.0
frustrating,sokoban,5Au4nrI2,2,Human,2.0,1.0,-1.0,2.0,1.0,-1.0
frustrating,sokoban,5Au4nrI2,3,Human,1.0,1.0,0.0,1.0,1.0,0.0
frustrating,sokoban,5Au4nrI2,4,Human,1.0,1.0,0.0,1.0,1.0,0.0
frustrating,sokoban,5Au4nrI2,5,Human,1.0,1.0,0.0,1.0,1.0,0.0
frustrating,sokoban,5Au4nrI2,6,Human,2.0,1.0,-1.0,2.0,1.0,-1.0
frustrating,sokoban,5Au4nrI2,7,Human,2.0,1.0,-1.0,2.0,1.0,-1.0
frustrating,sokoban,5Au4nrI2,8,Human,1.0,1.0,0.0,1.0,1.0,0.0
frustrating,sokoban,5Au4nrI2,9,Human,1.0,1.0,0.0,1.0,1.0,0.0
frustrating,sokoban,5Au4nrI2,10,Human,2.0,1.0,-1.0,2.0,1.0,-1.0
frustrating,sokoban,5Au4nrI2,11,Human,2.0,1.0,-1.0,2.0,1.0,-1.0
frustrating,sokoban,5Au4nrI2,12,Human,1.0,1.0,0.0,1.0,1.0,0.0
frustrating,sokoban,5Au4nrI2,13,Human,1.0,1.0,0.0,1.0,1.0,0.0
frustrating,sokoban,5Au4nrI2,14,Human,1.0,1.0,0.0,1.0,1.0,0.0
frustrating,sokoban,5Au4nrI2,15,Human,1.0,1.0,0.0,1.0,1.0,0.0
frustrating,sokoban,5Au4nrI2,16,Human,4.0,1.0,-3.0,4.0,1.0,-3.0
frustrating,sokoban,5Au4nrI2,17,Human,1.0,1.0,0.0,1.0,1.0,0.0
frustrating,sokoban,5Au4nrI2,18,Human,1.0,2.0,1.0,1.0,2.0,1.0
frustrating,sokoban,5Au4nrI2,19,Human,1.0,1.0,0.0,1.0,1.0,0.0
frustrating,sokoban,5Au4nrI2,20,Human,1.0,1.0,0.0,1.0,1.0,0.0
frustrating,sokoban,5iXJGqnK,1,AI,2.0,1.0,-1.0,2.0,1.0,-1.0
frustrating,sokoban,5iXJGqnK,2,AI,2.0,1.0,-1.0,2.0,1.0,-1.0
frustrating,sokoban,5iXJGqnK,3,AI,1.0,4.0,3.0,1.0,4.0,3.0
frustrating,sokoban,5iXJGqnK,4,AI,1.0,2.0,1.0,1.0,2.0,1.0
frustrating,sokoban,5iXJGqnK,5,AI,2.0,1.0,-1.0,2.0,1.0,-1.0
frustrating,sokoban,5iXJGqnK,6,AI,2.0,1.0,-1.0,2.0,1.0,-1.0
frustrating,sokoban,5iXJGqnK,7,AI,1.0,1.0,0.0,1.0,1.0,0.0
frustrating,sokoban,5iXJGqnK,8,AI,1.0,1.0,0.0,1.0,1.0,0.0
frustrating,sokoban,5iXJGqnK,9,AI,1.0,1.0,0.0,1.0,1.0,0.0
frustrating,sokoban,5iXJGqnK,10,AI,1.0,1.0,0.0,1.0,1.0,0.0
frustrating,sokoban,5iXJGqnK,11,AI,1.0,2.0,1.0,1.0,2.0,1.0
frustrating,sokoban,5iXJGqnK,12,AI,1.0,2.0,1.0,1.0,2.0,1.0
frustrating,sokoban,5iXJGqnK,13,AI,2.0,4.0,2.0,2.0,4.0,2.0
frustrating,sokoban,5iXJGqnK,14,AI,1.0,2.0,1.0,1.0,2.0,1.0
frustrating,sokoban,5iXJGqnK,15,AI,2.0,2.0,0.0,2.0,2.0,0.0
frustrating,sokoban,5iXJGqnK,16,AI,2.0,1.0,-1.0,2.0,1.0,-1.0
frustrating,sokoban,5iXJGqnK,17,AI,2.0,1.0,-1.0,2.0,1.0,-1.0
frustrating,sokoban,5iXJGqnK,18,AI,1.0,2.0,1.0,1.0,2.0,1.0
frustrating,sokoban,5iXJGqnK,19,AI,1.0,2.0,1.0,1.0,2.0,1.0
frustrating,sokoban,5iXJGqnK,20,AI,1.0,2.0,1.0,1.0,2.0,1.0
frustrating,sokoban,73sJaNBn,1,Human,2.0,1.0,-1.0,2.0,1.0,-1.0
frustrating,sokoban,73sJaNBn,2,Human,1.0,2.0,1.0,1.0,2.0,1.0
frustrating,sokoban,73sJaNBn,3,Human,1.0,1.0,0.0,1.0,1.0,0.0
frustrating,sokoban,73sJaNBn,4,Human,1.0,3.0,2.0,1.0,3.0,2.0
frustrating,sokoban,73sJaNBn,5,Human,2.0,1.0,-1.0,2.0,1.0,-1.0
frustrating,sokoban,73sJaNBn,6,Human,1.0,1.0,0.0,1.0,1.0,0.0
frustrating,sokoban,73sJaNBn,7,Human,1.0,5.0,4.0,1.0,5.0,4.0
frustrating,sokoban,73sJaNBn,8,Human,1.0,1.0,0.0,1.0,1.0,0.0
frustrating,sokoban,73sJaNBn,9,Human,2.0,1.0,-1.0,2.0,1.0,-1.0
frustrating,sokoban,73sJaNBn,10,Human,1.0,2.0,1.0,1.0,2.0,1.0
frustrating,sokoban,73sJaNBn,11,Human,1.0,1.0,0.0,1.0,1.0,0.0
frustrating,sokoban,73sJaNBn,12,Human,1.0,1.0,0.0,1.0,1.0,0.0
frustrating,sokoban,73sJaNBn,13,Human,1.0,1.0,0.0,1.0,1.0,0.0
frustrating,sokoban,73sJaNBn,14,Human,1.0,1.0,0.0,1.0,1.0,0.0
frustrating,sokoban,73sJaNBn,15,Human,1.0,1.0,0.0,1.0,1.0,0.0
frustrating,sokoban,73sJaNBn,16,Human,1.0,2.0,1.0,1.0,2.0,1.0
frustrating,sokoban,73sJaNBn,17,Human,2.0,1.0,-1.0,2.0,1.0,-1.0
frustrating,sokoban,73sJaNBn,18,Human,1.0,1.0,0.0,1.0,1.0,0.0
frustrating,sokoban,73sJaNBn,19,Human,1.0,1.0,0.0,1.0,1.0,0.0
frustrating,sokoban,73sJaNBn,20,Human,2.0,1.0,-1.0,2.0,1.0,-1.0
frustrating,sokoban,79DSy6TF,1,AI,1.0,1.0,0.0,1.0,1.0,0.0
frustrating,sokoban,79DSy6TF,2,AI,5.0,1.0,-4.0,5.0,1.0,-4.0
frustrating,sokoban,79DSy6TF,3,AI,1.0,1.0,0.0,1.0,1.0,0.0
frustrating,sokoban,79DSy6TF,4,AI,5.0,5.0,0.0,5.0,5.0,0.0
frustrating,sokoban,79DSy6TF,5,AI,5.0,1.0,-4.0,5.0,1.0,-4.0
frustrating,sokoban,79DSy6TF,6,AI,1.0,3.0,2.0,1.0,3.0,2.0
frustrating,sokoban,79DSy6TF,7,AI,1.0,1.0,0.0,1.0,1.0,0.0
frustrating,sokoban,79DSy6TF,8,AI,4.0,1.0,-3.0,4.0,1.0,-3.0
frustrating,sokoban,79DSy6TF,9,AI,5.0,2.0,-3.0,5.0,2.0,-3.0
frustrating,sokoban,79DSy6TF,10,AI,5.0,1.0,-4.0,5.0,1.0,-4.0
frustrating,sokoban,79DSy6TF,11,AI,1.0,1.0,0.0,1.0,1.0,0.0
frustrating,sokoban,79DSy6TF,12,AI,1.0,5.0,4.0,1.0,5.0,4.0
frustrating,sokoban,79DSy6TF,13,AI,1.0,1.0,0.0,1.0,1.0,0.0
frustrating,sokoban,79DSy6TF,14,AI,1.0,1.0,0.0,1.0,1.0,0.0
frustrating,sokoban,79DSy6TF,15,AI,5.0,1.0,-4.0,5.0,1.0,-4.0
frustrating,sokoban,79DSy6TF,16,AI,5.0,1.0,-4.0,5.0,1.0,-4.0
frustrating,sokoban,79DSy6TF,17,AI,1.0,1.0,0.0,1.0,1.0,0.0
frustrating,sokoban,79DSy6TF,18,AI,1.0,1.0,0.0,1.0,1.0,0.0
frustrating,sokoban,79DSy6TF,19,AI,5.0,1.0,-4.0,5.0,1.0,-4.0
frustrating,sokoban,79DSy6TF,20,AI,1.0,1.0,0.0,1.0,1.0,0.0
frustrating,sokoban,7V2mu5KA,1,Human,1.0,1.0,0.0,1.0,1.0,0.0
frustrating,sokoban,7V2mu5KA,2,Human,1.0,1.0,0.0,1.0,1.0,0.0
frustrating,sokoban,7V2mu5KA,3,Human,2.0,1.0,-1.0,2.0,1.0,-1.0
frustrating,sokoban,7V2mu5KA,4,Human,1.0,1.0,0.0,1.0,1.0,0.0
frustrating,sokoban,7V2mu5KA,5,Human,1.0,1.0,0.0,1.0,1.0,0.0
frustrating,sokoban,7V2mu5KA,6,Human,1.0,1.0,0.0,1.0,1.0,0.0
frustrating,sokoban,7V2mu5KA,7,Human,1.0,1.0,0.0,1.0,1.0,0.0
frustrating,sokoban,7V2mu5KA,8,Human,2.0,1.0,-1.0,2.0,1.0,-1.0
frustrating,sokoban,7V2mu5KA,9,Human,1.0,1.0,0.0,1.0,1.0,0.0
frustrating,sokoban,7V2mu5KA,10,Human,1.0,1.0,0.0,1.0,1.0,0.0
frustrating,sokoban,7V2mu5KA,11,Human,2.0,1.0,-1.0,2.0,1.0,-1.0
frustrating,sokoban,7V2mu5KA,12,Human,2.0,1.0,-1.0,2.0,1.0,-1.0
frustrating,sokoban,7V2mu5KA,13,Human,1.0,1.0,0.0,1.0,1.0,0.0
frustrating,sokoban,7V2mu5KA,14,Human,1.0,1.0,0.0,1.0,1.0,0.0
frustrating,sokoban,7V2mu5KA,15,Human,1.0,1.0,0.0,1.0,1.0,0.0
frustrating,sokoban,7V2mu5KA,16,Human,1.0,1.0,0.0,1.0,1.0,0.0
frustrating,sokoban,7V2mu5KA,17,Human,1.0,1.0,0.0,1.0,1.0,0.0
frustrating,sokoban,7V2mu5KA,18,Human,2.0,1.0,-1.0,2.0,1.0,-1.0
frustrating,sokoban,7V2mu5KA,19,Human,1.0,1.0,0.0,1.0,1.0,0.0
frustrating,sokoban,7V2mu5KA,20,Human,2.0,1.0,-1.0,2.0,1.0,-1.0
frustrating,sokoban,8Ua6YU1D,1,Human,1.0,1.0,0.0,1.0,1.0,0.0
frustrating,sokoban,8Ua6YU1D,2,Human,5.0,1.0,-4.0,5.0,1.0,-4.0
frustrating,sokoban,8Ua6YU1D,3,Human,1.0,5.0,4.0,1.0,5.0,4.0
frustrating,sokoban,8Ua6YU1D,4,Human,5.0,5.0,0.0,5.0,5.0,0.0
frustrating,sokoban,8Ua6YU1D,5,Human,4.0,1.0,-3.0,4.0,1.0,-3.0
frustrating,sokoban,8Ua6YU1D,6,Human,1.0,1.0,0.0,1.0,1.0,0.0
frustrating,sokoban,8Ua6YU1D,7,Human,5.0,5.0,0.0,5.0,5.0,0.0
frustrating,sokoban,8Ua6YU1D,8,Human,1.0,1.0,0.0,1.0,1.0,0.0
frustrating,sokoban,8Ua6YU1D,9,Human,1.0,1.0,0.0,1.0,1.0,0.0
frustrating,sokoban,8Ua6YU1D,10,Human,1.0,1.0,0.0,1.0,1.0,0.0
frustrating,sokoban,8Ua6YU1D,11,Human,1.0,1.0,0.0,1.0,1.0,0.0
frustrating,sokoban,8Ua6YU1D,12,Human,5.0,1.0,-4.0,5.0,1.0,-4.0
frustrating,sokoban,8Ua6YU1D,13,Human,2.0,1.0,-1.0,2.0,1.0,-1.0
frustrating,sokoban,8Ua6YU1D,14,Human,2.0,5.0,3.0,2.0,5.0,3.0
frustrating,sokoban,8Ua6YU1D,15,Human,1.0,1.0,0.0,1.0,1.0,0.0
frustrating,sokoban,8Ua6YU1D,16,Human,1.0,5.0,4.0,1.0,5.0,4.0
frustrating,sokoban,8Ua6YU1D,17,Human,5.0,4.0,-1.0,5.0,4.0,-1.0
frustrating,sokoban,8Ua6YU1D,18,Human,1.0,1.0,0.0,1.0,1.0,0.0
frustrating,sokoban,8Ua6YU1D,19,Human,1.0,1.0,0.0,1.0,1.0,0.0
frustrating,sokoban,8Ua6YU1D,20,Human,1.0,1.0,0.0,1.0,1.0,0.0
frustrating,sokoban,H77pn4iQ,1,AI,2.0,1.0,-1.0,2.0,1.0,-1.0
frustrating,sokoban,H77pn4iQ,2,AI,2.0,1.0,-1.0,2.0,1.0,-1.0
frustrating,sokoban,H77pn4iQ,3,AI,1.0,2.0,1.0,1.0,2.0,1.0
frustrating,sokoban,H77pn4iQ,4,AI,2.0,1.0,-1.0,2.0,1.0,-1.0
frustrating,sokoban,H77pn4iQ,5,AI,2.0,2.0,0.0,2.0,2.0,0.0
frustrating,sokoban,H77pn4iQ,6,AI,2.0,2.0,0.0,2.0,2.0,0.0
frustrating,sokoban,H77pn4iQ,7,AI,1.0,1.0,0.0,1.0,1.0,0.0
frustrating,sokoban,H77pn4iQ,8,AI,2.0,4.0,2.0,2.0,4.0,2.0
frustrating,sokoban,H77pn4iQ,9,AI,1.0,1.0,0.0,1.0,1.0,0.0
frustrating,sokoban,H77pn4iQ,10,AI,2.0,1.0,-1.0,2.0,1.0,-1.0
frustrating,sokoban,H77pn4iQ,11,AI,2.0,2.0,0.0,2.0,2.0,0.0
frustrating,sokoban,H77pn4iQ,12,AI,1.0,2.0,1.0,1.0,2.0,1.0
frustrating,sokoban,H77pn4iQ,13,AI,2.0,2.0,0.0,2.0,2.0,0.0
frustrating,sokoban,H77pn4iQ,14,AI,1.0,2.0,1.0,1.0,2.0,1.0
frustrating,sokoban,H77pn4iQ,15,AI,2.0,2.0,0.0,2.0,2.0,0.0
frustrating,sokoban,H77pn4iQ,16,AI,2.0,2.0,0.0,2.0,2.0,0.0
frustrating,sokoban,H77pn4iQ,17,AI,2.0,1.0,-1.0,2.0,1.0,-1.0
frustrating,sokoban,H77pn4iQ,18,AI,1.0,2.0,1.0,1.0,2.0,1.0
frustrating,sokoban,H77pn4iQ,19,AI,4.0,2.0,-2.0,4.0,2.0,-2.0
frustrating,sokoban,H77pn4iQ,20,AI,2.0,1.0,-1.0,2.0,1.0,-1.0
frustrating,sokoban,HjLVlKx4,1,Human,1.0,1.0,0.0,1.0,1.0,0.0
frustrating,sokoban,HjLVlKx4,2,Human,1.0,1.0,0.0,1.0,1.0,0.0
frustrating,sokoban,HjLVlKx4,3,Human,1.0,1.0,0.0,1.0,1.0,0.0
frustrating,sokoban,HjLVlKx4,4,Human,4.0,1.0,-3.0,4.0,1.0,-3.0
frustrating,sokoban,HjLVlKx4,5,Human,1.0,1.0,0.0,1.0,1.0,0.0
frustrating,sokoban,HjLVlKx4,6,Human,1.0,1.0,0.0,1.0,1.0,0.0
frustrating,sokoban,HjLVlKx4,7,Human,1.0,1.0,0.0,1.0,1.0,0.0
frustrating,sokoban,HjLVlKx4,8,Human,2.0,1.0,-1.0,2.0,1.0,-1.0
frustrating,sokoban,HjLVlKx4,9,Human,1.0,1.0,0.0,1.0,1.0,0.0
frustrating,sokoban,HjLVlKx4,10,Human,1.0,1.0,0.0,1.0,1.0,0.0
frustrating,sokoban,HjLVlKx4,11,Human,1.0,1.0,0.0,1.0,1.0,0.0
frustrating,sokoban,HjLVlKx4,12,Human,1.0,1.0,0.0,1.0,1.0,0.0
frustrating,sokoban,HjLVlKx4,13,Human,2.0,1.0,-1.0,2.0,1.0,-1.0
frustrating,sokoban,HjLVlKx4,14,Human,1.0,3.0,2.0,1.0,3.0,2.0
frustrating,sokoban,HjLVlKx4,15,Human,2.0,1.0,-1.0,2.0,1.0,-1.0
frustrating,sokoban,HjLVlKx4,16,Human,2.0,1.0,-1.0,2.0,1.0,-1.0
frustrating,sokoban,HjLVlKx4,17,Human,1.0,1.0,0.0,1.0,1.0,0.0
frustrating,sokoban,HjLVlKx4,18,Human,1.0,1.0,0.0,1.0,1.0,0.0
frustrating,sokoban,HjLVlKx4,19,Human,1.0,1.0,0.0,1.0,1.0,0.0
frustrating,sokoban,HjLVlKx4,20,Human,1.0,1.0,0.0,1.0,1.0,0.0
frustrating,sokoban,Iz5BqRyu,1,AI,3.0,1.0,-2.0,3.0,1.0,-2.0
frustrating,sokoban,Iz5BqRyu,2,AI,2.0,2.0,0.0,2.0,2.0,0.0
frustrating,sokoban,Iz5BqRyu,3,AI,1.0,1.0,0.0,1.0,1.0,0.0
frustrating,sokoban,Iz5BqRyu,4,AI,1.0,2.0,1.0,1.0,2.0,1.0
frustrating,sokoban,Iz5BqRyu,5,AI,2.0,1.0,-1.0,2.0,1.0,-1.0
frustrating,sokoban,Iz5BqRyu,6,AI,2.0,2.0,0.0,2.0,2.0,0.0
frustrating,sokoban,Iz5BqRyu,7,AI,2.0,1.0,-1.0,2.0,1.0,-1.0
frustrating,sokoban,Iz5BqRyu,8,AI,2.0,2.0,0.0,2.0,2.0,0.0
frustrating,sokoban,Iz5BqRyu,9,AI,1.0,1.0,0.0,1.0,1.0,0.0
frustrating,sokoban,Iz5BqRyu,10,AI,1.0,4.0,3.0,1.0,4.0,3.0
frustrating,sokoban,Iz5BqRyu,11,AI,2.0,1.0,-1.0,2.0,1.0,-1.0
frustrating,sokoban,Iz5BqRyu,12,AI,2.0,2.0,0.0,2.0,2.0,0.0
frustrating,sokoban,Iz5BqRyu,13,AI,2.0,3.0,1.0,2.0,3.0,1.0
frustrating,sokoban,Iz5BqRyu,14,AI,1.0,2.0,1.0,1.0,2.0,1.0
frustrating,sokoban,Iz5BqRyu,15,AI,1.0,1.0,0.0,1.0,1.0,0.0
frustrating,sokoban,Iz5BqRyu,16,AI,1.0,4.0,3.0,1.0,4.0,3.0
frustrating,sokoban,Iz5BqRyu,17,AI,2.0,1.0,-1.0,2.0,1.0,-1.0
frustrating,sokoban,Iz5BqRyu,18,AI,1.0,1.0,0.0,1.0,1.0,0.0
frustrating,sokoban,Iz5BqRyu,19,AI,1.0,1.0,0.0,1.0,1.0,0.0
frustrating,sokoban,Iz5BqRyu,20,AI,2.0,1.0,-1.0,2.0,1.0,-1.0
frustrating,sokoban,LUiVjpMm,1,AI,1.0,2.0,1.0,1.0,2.0,1.0
frustrating,sokoban,LUiVjpMm,2,AI,1.0,1.0,0.0,1.0,1.0,0.0
frustrating,sokoban,LUiVjpMm,3,AI,5.0,1.0,-4.0,5.0,1.0,-4.0
frustrating,sokoban,LUiVjpMm,4,AI,1.0,1.0,0.0,1.0,1.0,0.0
frustrating,sokoban,LUiVjpMm,5,AI,1.0,4.0,3.0,1.0,4.0,3.0
frustrating,sokoban,LUiVjpMm,6,AI,1.0,1.0,0.0,1.0,1.0,0.0
frustrating,sokoban,LUiVjpMm,7,AI,1.0,1.0,0.0,1.0,1.0,0.0
frustrating,sokoban,LUiVjpMm,8,AI,1.0,1.0,0.0,1.0,1.0,0.0
frustrating,sokoban,LUiVjpMm,9,AI,1.0,1.0,0.0,1.0,1.0,0.0
frustrating,sokoban,LUiVjpMm,10,AI,1.0,1.0,0.0,1.0,1.0,0.0
frustrating,sokoban,LUiVjpMm,11,AI,1.0,1.0,0.0,1.0,1.0,0.0
frustrating,sokoban,LUiVjpMm,12,AI,5.0,2.0,-3.0,5.0,2.0,-3.0
frustrating,sokoban,LUiVjpMm,13,AI,1.0,2.0,1.0,1.0,2.0,1.0
frustrating,sokoban,LUiVjpMm,14,AI,1.0,1.0,0.0,1.0,1.0,0.0
frustrating,sokoban,LUiVjpMm,15,AI,1.0,1.0,0.0,1.0,1.0,0.0
frustrating,sokoban,LUiVjpMm,16,AI,1.0,1.0,0.0,1.0,1.0,0.0
frustrating,sokoban,LUiVjpMm,17,AI,1.0,1.0,0.0,1.0,1.0,0.0
frustrating,sokoban,LUiVjpMm,18,AI,4.0,1.0,-3.0,4.0,1.0,-3.0
frustrating,sokoban,LUiVjpMm,19,AI,1.0,1.0,0.0,1.0,1.0,0.0
frustrating,sokoban,LUiVjpMm,20,AI,2.0,1.0,-1.0,2.0,1.0,-1.0
frustrating,sokoban,QUT4qGl2,1,Human,2.0,1.0,-1.0,2.0,1.0,-1.0
frustrating,sokoban,QUT4qGl2,2,Human,2.0,1.0,-1.0,2.0,1.0,-1.0
frustrating,sokoban,QUT4qGl2,3,Human,2.0,2.0,0.0,2.0,2.0,0.0
frustrating,sokoban,QUT4qGl2,4,Human,1.0,2.0,1.0,1.0,2.0,1.0
frustrating,sokoban,QUT4qGl2,5,Human,2.0,2.0,0.0,2.0,2.0,0.0
frustrating,sokoban,QUT4qGl2,6,Human,1.0,2.0,1.0,1.0,2.0,1.0
frustrating,sokoban,QUT4qGl2,7,Human,3.0,2.0,-1.0,3.0,2.0,-1.0
frustrating,sokoban,QUT4qGl2,8,Human,1.0,1.0,0.0,1.0,1.0,0.0
frustrating,sokoban,QUT4qGl2,9,Human,1.0,1.0,0.0,1.0,1.0,0.0
frustrating,sokoban,QUT4qGl2,10,Human,2.0,4.0,2.0,2.0,4.0,2.0
frustrating,sokoban,QUT4qGl2,11,Human,2.0,1.0,-1.0,2.0,1.0,-1.0
frustrating,sokoban,QUT4qGl2,12,Human,2.0,1.0,-1.0,2.0,1.0,-1.0
frustrating,sokoban,QUT4qGl2,13,Human,1.0,1.0,0.0,1.0,1.0,0.0
frustrating,sokoban,QUT4qGl2,14,Human,1.0,2.0,1.0,1.0,2.0,1.0
frustrating,sokoban,QUT4qGl2,15,Human,2.0,3.0,1.0,2.0,3.0,1.0
frustrating,sokoban,QUT4qGl2,16,Human,2.0,1.0,-1.0,2.0,1.0,-1.0
frustrating,sokoban,QUT4qGl2,17,Human,2.0,1.0,-1.0,2.0,1.0,-1.0
frustrating,sokoban,QUT4qGl2,18,Human,2.0,1.0,-1.0,2.0,1.0,-1.0
frustrating,sokoban,QUT4qGl2,19,Human,2.0,1.0,-1.0,2.0,1.0,-1.0
frustrating,sokoban,QUT4qGl2,20,Human,2.0,1.0,-1.0,2.0,1.0,-1.0
frustrating,sokoban,QV6Qfb7T,1,AI,1.0,1.0,0.0,1.0,1.0,0.0
frustrating,sokoban,QV6Qfb7T,2,AI,4.0,2.0,-2.0,4.0,2.0,-2.0
frustrating,sokoban,QV6Qfb7T,3,AI,1.0,1.0,0.0,1.0,1.0,0.0
frustrating,sokoban,QV6Qfb7T,4,AI,2.0,1.0,-1.0,2.0,1.0,-1.0
frustrating,sokoban,QV6Qfb7T,5,AI,2.0,2.0,0.0,2.0,2.0,0.0
frustrating,sokoban,QV6Qfb7T,6,AI,1.0,1.0,0.0,1.0,1.0,0.0
frustrating,sokoban,QV6Qfb7T,7,AI,1.0,1.0,0.0,1.0,1.0,0.0
frustrating,sokoban,QV6Qfb7T,8,AI,1.0,1.0,0.0,1.0,1.0,0.0
frustrating,sokoban,QV6Qfb7T,9,AI,1.0,1.0,0.0,1.0,1.0,0.0
frustrating,sokoban,QV6Qfb7T,10,AI,2.0,1.0,-1.0,2.0,1.0,-1.0
frustrating,sokoban,QV6Qfb7T,11,AI,2.0,2.0,0.0,2.0,2.0,0.0
frustrating,sokoban,QV6Qfb7T,12,AI,1.0,2.0,1.0,1.0,2.0,1.0
frustrating,sokoban,QV6Qfb7T,13,AI,4.0,4.0,0.0,4.0,4.0,0.0
frustrating,sokoban,QV6Qfb7T,14,AI,2.0,1.0,-1.0,2.0,1.0,-1.0
frustrating,sokoban,QV6Qfb7T,15,AI,1.0,1.0,0.0,1.0,1.0,0.0
frustrating,sokoban,QV6Qfb7T,16,AI,1.0,2.0,1.0,1.0,2.0,1.0
frustrating,sokoban,QV6Qfb7T,17,AI,2.0,2.0,0.0,2.0,2.0,0.0
frustrating,sokoban,QV6Qfb7T,18,AI,1.0,2.0,1.0,1.0,2.0,1.0
frustrating,sokoban,QV6Qfb7T,19,AI,2.0,2.0,0.0,2.0,2.0,0.0
frustrating,sokoban,QV6Qfb7T,20,AI,2.0,1.0,-1.0,2.0,1.0,-1.0
frustrating,sokoban,ROciIZDL,1,Human,1.0,1.0,0.0,1.0,1.0,0.0
frustrating,sokoban,ROciIZDL,2,Human,1.0,1.0,0.0,1.0,1.0,0.0
frustrating,sokoban,ROciIZDL,3,Human,1.0,4.0,3.0,1.0,4.0,3.0
frustrating,sokoban,ROciIZDL,4,Human,1.0,1.0,0.0,1.0,1.0,0.0
frustrating,sokoban,ROciIZDL,5,Human,1.0,1.0,0.0,1.0,1.0,0.0
frustrating,sokoban,ROciIZDL,6,Human,2.0,1.0,-1.0,2.0,1.0,-1.0
frustrating,sokoban,ROciIZDL,7,Human,1.0,1.0,0.0,1.0,1.0,0.0
frustrating,sokoban,ROciIZDL,8,Human,2.0,1.0,-1.0,2.0,1.0,-1.0
frustrating,sokoban,ROciIZDL,9,Human,1.0,2.0,1.0,1.0,2.0,1.0
frustrating,sokoban,ROciIZDL,10,Human,1.0,1.0,0.0,1.0,1.0,0.0
frustrating,sokoban,ROciIZDL,11,Human,1.0,4.0,3.0,1.0,4.0,3.0
frustrating,sokoban,ROciIZDL,12,Human,2.0,1.0,-1.0,2.0,1.0,-1.0
frustrating,sokoban,ROciIZDL,13,Human,1.0,1.0,0.0,1.0,1.0,0.0
frustrating,sokoban,ROciIZDL,14,Human,2.0,1.0,-1.0,2.0,1.0,-1.0
frustrating,sokoban,ROciIZDL,15,Human,1.0,1.0,0.0,1.0,1.0,0.0
frustrating,sokoban,ROciIZDL,16,Human,2.0,1.0,-1.0,2.0,1.0,-1.0
frustrating,sokoban,ROciIZDL,17,Human,1.0,4.0,3.0,1.0,4.0,3.0
frustrating,sokoban,ROciIZDL,18,Human,2.0,1.0,-1.0,2.0,1.0,-1.0
frustrating,sokoban,ROciIZDL,19,Human,1.0,1.0,0.0,1.0,1.0,0.0
frustrating,sokoban,ROciIZDL,20,Human,1.0,1.0,0.0,1.0,1.0,0.0
frustrating,sokoban,TIXMBKaj,1,Human,1.0,1.0,0.0,1.0,1.0,0.0
frustrating,sokoban,TIXMBKaj,2,Human,4.0,1.0,-3.0,4.0,1.0,-3.0
frustrating,sokoban,TIXMBKaj,3,Human,2.0,1.0,-1.0,2.0,1.0,-1.0
frustrating,sokoban,TIXMBKaj,4,Human,2.0,1.0,-1.0,2.0,1.0,-1.0
frustrating,sokoban,TIXMBKaj,5,Human,2.0,1.0,-1.0,2.0,1.0,-1.0
frustrating,sokoban,TIXMBKaj,6,Human,1.0,2.0,1.0,1.0,2.0,1.0
frustrating,sokoban,TIXMBKaj,7,Human,2.0,1.0,-1.0,2.0,1.0,-1.0
frustrating,sokoban,TIXMBKaj,8,Human,4.0,4.0,0.0,4.0,4.0,0.0
frustrating,sokoban,TIXMBKaj,9,Human,1.0,1.0,0.0,1.0,1.0,0.0
frustrating,sokoban,TIXMBKaj,10,Human,1.0,1.0,0.0,1.0,1.0,0.0
frustrating,sokoban,TIXMBKaj,11,Human,1.0,2.0,1.0,1.0,2.0,1.0
frustrating,sokoban,TIXMBKaj,12,Human,2.0,1.0,-1.0,2.0,1.0,-1.0
frustrating,sokoban,TIXMBKaj,13,Human,3.0,2.0,-1.0,3.0,2.0,-1.0
frustrating,sokoban,TIXMBKaj,14,Human,2.0,1.0,-1.0,2.0,1.0,-1.0
frustrating,sokoban,TIXMBKaj,15,Human,1.0,4.0,3.0,1.0,4.0,3.0
frustrating,sokoban,TIXMBKaj,16,Human,1.0,2.0,1.0,1.0,2.0,1.0
frustrating,sokoban,TIXMBKaj,17,Human,1.0,4.0,3.0,1.0,4.0,3.0
frustrating,sokoban,TIXMBKaj,18,Human,2.0,4.0,2.0,2.0,4.0,2.0
frustrating,sokoban,TIXMBKaj,19,Human,2.0,1.0,-1.0,2.0,1.0,-1.0
frustrating,sokoban,TIXMBKaj,20,Human,2.0,2.0,0.0,2.0,2.0,0.0
frustrating,sokoban,UTSKBMio,1,AI,1.0,1.0,0.0,1.0,1.0,0.0
frustrating,sokoban,UTSKBMio,2,AI,1.0,1.0,0.0,1.0,1.0,0.0
frustrating,sokoban,UTSKBMio,3,AI,2.0,1.0,-1.0,2.0,1.0,-1.0
frustrating,sokoban,UTSKBMio,4,AI,2.0,1.0,-1.0,2.0,1.0,-1.0
frustrating,sokoban,UTSKBMio,5,AI,1.0,2.0,1.0,1.0,2.0,1.0
frustrating,sokoban,UTSKBMio,6,AI,1.0,1.0,0.0,1.0,1.0,0.0
frustrating,sokoban,UTSKBMio,7,AI,1.0,1.0,0.0,1.0,1.0,0.0
frustrating,sokoban,UTSKBMio,8,AI,1.0,1.0,0.0,1.0,1.0,0.0
frustrating,sokoban,UTSKBMio,9,AI,2.0,3.0,1.0,2.0,3.0,1.0
frustrating,sokoban,UTSKBMio,10,AI,2.0,1.0,-1.0,2.0,1.0,-1.0
frustrating,sokoban,UTSKBMio,11,AI,2.0,1.0,-1.0,2.0,1.0,-1.0
frustrating,sokoban,UTSKBMio,12,AI,2.0,1.0,-1.0,2.0,1.0,-1.0
frustrating,sokoban,UTSKBMio,13,AI,2.0,1.0,-1.0,2.0,1.0,-1.0
frustrating,sokoban,UTSKBMio,14,AI,2.0,1.0,-1.0,2.0,1.0,-1.0
frustrating,sokoban,UTSKBMio,15,AI,1.0,1.0,0.0,1.0,1.0,0.0
frustrating,sokoban,UTSKBMio,16,AI,1.0,1.0,0.0,1.0,1.0,0.0
frustrating,sokoban,UTSKBMio,17,AI,1.0,1.0,0.0,1.0,1.0,0.0
frustrating,sokoban,UTSKBMio,18,AI,1.0,1.0,0.0,1.0,1.0,0.0
frustrating,sokoban,UTSKBMio,19,AI,2.0,1.0,-1.0,2.0,1.0,-1.0
frustrating,sokoban,UTSKBMio,20,AI,2.0,1.0,-1.0,2.0,1.0,-1.0
frustrating,sokoban,UeeTjy5b,1,AI,1.0,1.0,0.0,1.0,1.0,0.0
frustrating,sokoban,UeeTjy5b,2,AI,1.0,1.0,0.0,1.0,1.0,0.0
frustrating,sokoban,UeeTjy5b,3,AI,1.0,1.0,0.0,1.0,1.0,0.0
frustrating,sokoban,UeeTjy5b,4,AI,1.0,1.0,0.0,1.0,1.0,0.0
frustrating,sokoban,UeeTjy5b,5,AI,5.0,1.0,-4.0,5.0,1.0,-4.0
frustrating,sokoban,UeeTjy5b,6,AI,1.0,1.0,0.0,1.0,1.0,0.0
frustrating,sokoban,UeeTjy5b,7,AI,1.0,1.0,0.0,1.0,1.0,0.0
frustrating,sokoban,UeeTjy5b,8,AI,1.0,1.0,0.0,1.0,1.0,0.0
frustrating,sokoban,UeeTjy5b,9,AI,1.0,1.0,0.0,1.0,1.0,0.0
frustrating,sokoban,UeeTjy5b,10,AI,1.0,1.0,0.0,1.0,1.0,0.0
frustrating,sokoban,UeeTjy5b,11,AI,1.0,1.0,0.0,1.0,1.0,0.0
frustrating,sokoban,UeeTjy5b,12,AI,1.0,1.0,0.0,1.0,1.0,0.0
frustrating,sokoban,UeeTjy5b,13,AI,1.0,1.0,0.0,1.0,1.0,0.0
frustrating,sokoban,UeeTjy5b,14,AI,1.0,1.0,0.0,1.0,1.0,0.0
frustrating,sokoban,UeeTjy5b,15,AI,1.0,1.0,0.0,1.0,1.0,0.0
frustrating,sokoban,UeeTjy5b,16,AI,1.0,1.0,0.0,1.0,1.0,0.0
frustrating,sokoban,UeeTjy5b,17,AI,1.0,1.0,0.0,1.0,1.0,0.0
frustrating,sokoban,UeeTjy5b,18,AI,1.0,1.0,0.0,1.0,1.0,0.0
frustrating,sokoban,UeeTjy5b,19,AI,1.0,1.0,0.0,1.0,1.0,0.0
frustrating,sokoban,UeeTjy5b,20,AI,1.0,1.0,0.0,1.0,1.0,0.0
frustrating,sokoban,Z0SxyjXq,1,Human,5.0,1.0,-4.0,5.0,1.0,-4.0
frustrating,sokoban,Z0SxyjXq,2,Human,1.0,1.0,0.0,1.0,1.0,0.0
frustrating,sokoban,Z0SxyjXq,3,Human,5.0,1.0,-4.0,5.0,1.0,-4.0
frustrating,sokoban,Z0SxyjXq,4,Human,5.0,2.0,-3.0,5.0,2.0,-3.0
frustrating,sokoban,Z0SxyjXq,5,Human,1.0,1.0,0.0,1.0,1.0,0.0
frustrating,sokoban,Z0SxyjXq,6,Human,1.0,1.0,0.0,1.0,1.0,0.0
frustrating,sokoban,Z0SxyjXq,7,Human,1.0,1.0,0.0,1.0,1.0,0.0
frustrating,sokoban,Z0SxyjXq,8,Human,1.0,5.0,4.0,1.0,5.0,4.0
frustrating,sokoban,Z0SxyjXq,9,Human,2.0,2.0,0.0,2.0,2.0,0.0
frustrating,sokoban,Z0SxyjXq,10,Human,4.0,1.0,-3.0,4.0,1.0,-3.0
frustrating,sokoban,Z0SxyjXq,11,Human,1.0,1.0,0.0,1.0,1.0,0.0
frustrating,sokoban,Z0SxyjXq,12,Human,2.0,1.0,-1.0,2.0,1.0,-1.0
frustrating,sokoban,Z0SxyjXq,13,Human,5.0,1.0,-4.0,5.0,1.0,-4.0
frustrating,sokoban,Z0SxyjXq,14,Human,1.0,1.0,0.0,1.0,1.0,0.0
frustrating,sokoban,Z0SxyjXq,15,Human,5.0,1.0,-4.0,5.0,1.0,-4.0
frustrating,sokoban,Z0SxyjXq,16,Human,2.0,1.0,-1.0,2.0,1.0,-1.0
frustrating,sokoban,Z0SxyjXq,17,Human,1.0,1.0,0.0,1.0,1.0,0.0
frustrating,sokoban,Z0SxyjXq,18,Human,1.0,1.0,0.0,1.0,1.0,0.0
frustrating,sokoban,Z0SxyjXq,19,Human,1.0,1.0,0.0,1.0,1.0,0.0
frustrating,sokoban,Z0SxyjXq,20,Human,1.0,1.0,0.0,1.0,1.0,0.0
frustrating,sokoban,aE7sjnta,1,AI,5.0,1.0,-4.0,5.0,1.0,-4.0
frustrating,sokoban,aE7sjnta,2,AI,1.0,1.0,0.0,1.0,1.0,0.0
frustrating,sokoban,aE7sjnta,3,AI,4.0,1.0,-3.0,4.0,1.0,-3.0
frustrating,sokoban,aE7sjnta,4,AI,1.0,5.0,4.0,1.0,5.0,4.0
frustrating,sokoban,aE7sjnta,5,AI,1.0,4.0,3.0,1.0,4.0,3.0
frustrating,sokoban,aE7sjnta,6,AI,2.0,1.0,-1.0,2.0,1.0,-1.0
frustrating,sokoban,aE7sjnta,7,AI,2.0,1.0,-1.0,2.0,1.0,-1.0
frustrating,sokoban,aE7sjnta,8,AI,1.0,1.0,0.0,1.0,1.0,0.0
frustrating,sokoban,aE7sjnta,9,AI,1.0,1.0,0.0,1.0,1.0,0.0
frustrating,sokoban,aE7sjnta,10,AI,1.0,1.0,0.0,1.0,1.0,0.0
frustrating,sokoban,aE7sjnta,11,AI,1.0,1.0,0.0,1.0,1.0,0.0
frustrating,sokoban,aE7sjnta,12,AI,1.0,1.0,0.0,1.0,1.0,0.0
frustrating,sokoban,aE7sjnta,13,AI,2.0,1.0,-1.0,2.0,1.0,-1.0
frustrating,sokoban,aE7sjnta,14,AI,5.0,3.0,-2.0,5.0,3.0,-2.0
frustrating,sokoban,aE7sjnta,15,AI,1.0,1.0,0.0,1.0,1.0,0.0
frustrating,sokoban,aE7sjnta,16,AI,4.0,5.0,1.0,4.0,5.0,1.0
frustrating,sokoban,aE7sjnta,17,AI,1.0,1.0,0.0,1.0,1.0,0.0
frustrating,sokoban,aE7sjnta,18,AI,1.0,5.0,4.0,1.0,5.0,4.0
frustrating,sokoban,aE7sjnta,19,AI,5.0,1.0,-4.0,5.0,1.0,-4.0
frustrating,sokoban,aE7sjnta,20,AI,4.0,1.0,-3.0,4.0,1.0,-3.0
frustrating,sokoban,bhRr4CCv,1,Human,2.0,2.0,0.0,2.0,2.0,0.0
frustrating,sokoban,bhRr4CCv,2,Human,2.0,2.0,0.0,2.0,2.0,0.0
frustrating,sokoban,bhRr4CCv,3,Human,1.0,4.0,3.0,1.0,4.0,3.0
frustrating,sokoban,bhRr4CCv,4,Human,1.0,2.0,1.0,1.0,2.0,1.0
frustrating,sokoban,bhRr4CCv,5,Human,4.0,2.0,-2.0,4.0,2.0,-2.0
frustrating,sokoban,bhRr4CCv,6,Human,1.0,2.0,1.0,1.0,2.0,1.0
frustrating,sokoban,bhRr4CCv,7,Human,1.0,2.0,1.0,1.0,2.0,1.0
frustrating,sokoban,bhRr4CCv,8,Human,2.0,1.0,-1.0,2.0,1.0,-1.0
frustrating,sokoban,bhRr4CCv,9,Human,2.0,1.0,-1.0,2.0,1.0,-1.0
frustrating,sokoban,bhRr4CCv,10,Human,2.0,2.0,0.0,2.0,2.0,0.0
frustrating,sokoban,bhRr4CCv,11,Human,4.0,1.0,-3.0,4.0,1.0,-3.0
frustrating,sokoban,bhRr4CCv,12,Human,1.0,4.0,3.0,1.0,4.0,3.0
frustrating,sokoban,bhRr4CCv,13,Human,2.0,1.0,-1.0,2.0,1.0,-1.0
frustrating,sokoban,bhRr4CCv,14,Human,4.0,2.0,-2.0,4.0,2.0,-2.0
frustrating,sokoban,bhRr4CCv,15,Human,2.0,2.0,0.0,2.0,2.0,0.0
frustrating,sokoban,bhRr4CCv,16,Human,4.0,4.0,0.0,4.0,4.0,0.0
frustrating,sokoban,bhRr4CCv,17,Human,2.0,1.0,-1.0,2.0,1.0,-1.0
frustrating,sokoban,bhRr4CCv,18,Human,4.0,1.0,-3.0,4.0,1.0,-3.0
frustrating,sokoban,bhRr4CCv,19,Human,2.0,2.0,0.0,2.0,2.0,0.0
frustrating,sokoban,bhRr4CCv,20,Human,4.0,1.0,-3.0,4.0,1.0,-3.0
frustrating,sokoban,cHhvQJlr,1,AI,1.0,1.0,0.0,1.0,1.0,0.0
frustrating,sokoban,cHhvQJlr,2,AI,1.0,1.0,0.0,1.0,1.0,0.0
frustrating,sokoban,cHhvQJlr,3,AI,1.0,1.0,0.0,1.0,1.0,0.0
frustrating,sokoban,cHhvQJlr,4,AI,1.0,1.0,0.0,1.0,1.0,0.0
frustrating,sokoban,cHhvQJlr,5,AI,1.0,1.0,0.0,1.0,1.0,0.0
frustrating,sokoban,cHhvQJlr,6,AI,1.0,1.0,0.0,1.0,1.0,0.0
frustrating,sokoban,cHhvQJlr,7,AI,1.0,1.0,0.0,1.0,1.0,0.0
frustrating,sokoban,cHhvQJlr,8,AI,1.0,1.0,0.0,1.0,1.0,0.0
frustrating,sokoban,cHhvQJlr,9,AI,1.0,1.0,0.0,1.0,1.0,0.0
frustrating,sokoban,cHhvQJlr,10,AI,1.0,1.0,0.0,1.0,1.0,0.0
frustrating,sokoban,cHhvQJlr,11,AI,1.0,1.0,0.0,1.0,1.0,0.0
frustrating,sokoban,cHhvQJlr,12,AI,1.0,1.0,0.0,1.0,1.0,0.0
frustrating,sokoban,cHhvQJlr,13,AI,1.0,1.0,0.0,1.0,1.0,0.0
frustrating,sokoban,cHhvQJlr,14,AI,1.0,1.0,0.0,1.0,1.0,0.0
frustrating,sokoban,cHhvQJlr,15,AI,1.0,1.0,0.0,1.0,1.0,0.0
frustrating,sokoban,cHhvQJlr,16,AI,1.0,1.0,0.0,1.0,1.0,0.0
frustrating,sokoban,cHhvQJlr,17,AI,1.0,2.0,1.0,1.0,2.0,1.0
frustrating,sokoban,cHhvQJlr,18,AI,1.0,1.0,0.0,1.0,1.0,0.0
frustrating,sokoban,cHhvQJlr,19,AI,1.0,1.0,0.0,1.0,1.0,0.0
frustrating,sokoban,cHhvQJlr,20,AI,3.0,1.0,-2.0,3.0,1.0,-2.0
frustrating,sokoban,cTxMstwv,1,AI,2.0,1.0,-1.0,2.0,1.0,-1.0
frustrating,sokoban,cTxMstwv,2,AI,1.0,1.0,0.0,1.0,1.0,0.0
frustrating,sokoban,cTxMstwv,3,AI,1.0,1.0,0.0,1.0,1.0,0.0
frustrating,sokoban,cTxMstwv,4,AI,1.0,1.0,0.0,1.0,1.0,0.0
frustrating,sokoban,cTxMstwv,5,AI,1.0,3.0,2.0,1.0,3.0,2.0
frustrating,sokoban,cTxMstwv,6,AI,3.0,1.0,-2.0,3.0,1.0,-2.0
frustrating,sokoban,cTxMstwv,7,AI,1.0,1.0,0.0,1.0,1.0,0.0
frustrating,sokoban,cTxMstwv,8,AI,2.0,1.0,-1.0,2.0,1.0,-1.0
frustrating,sokoban,cTxMstwv,9,AI,1.0,2.0,1.0,1.0,2.0,1.0
frustrating,sokoban,cTxMstwv,10,AI,1.0,1.0,0.0,1.0,1.0,0.0
frustrating,sokoban,cTxMstwv,11,AI,1.0,2.0,1.0,1.0,2.0,1.0
frustrating,sokoban,cTxMstwv,12,AI,3.0,1.0,-2.0,3.0,1.0,-2.0
frustrating,sokoban,cTxMstwv,13,AI,1.0,1.0,0.0,1.0,1.0,0.0
frustrating,sokoban,cTxMstwv,14,AI,1.0,1.0,0.0,1.0,1.0,0.0
frustrating,sokoban,cTxMstwv,15,AI,1.0,1.0,0.0,1.0,1.0,0.0
frustrating,sokoban,cTxMstwv,16,AI,2.0,1.0,-1.0,2.0,1.0,-1.0
frustrating,sokoban,cTxMstwv,17,AI,1.0,1.0,0.0,1.0,1.0,0.0
frustrating,sokoban,cTxMstwv,18,AI,1.0,1.0,0.0,1.0,1.0,0.0
frustrating,sokoban,cTxMstwv,19,AI,2.0,1.0,-1.0,2.0,1.0,-1.0
frustrating,sokoban,cTxMstwv,20,AI,1.0,1.0,0.0,1.0,1.0,0.0
frustrating,sokoban,extLxWet,1,AI,1.0,1.0,0.0,1.0,1.0,0.0
frustrating,sokoban,extLxWet,2,AI,4.0,1.0,-3.0,4.0,1.0,-3.0
frustrating,sokoban,extLxWet,3,AI,1.0,1.0,0.0,1.0,1.0,0.0
frustrating,sokoban,extLxWet,4,AI,2.0,1.0,-1.0,2.0,1.0,-1.0
frustrating,sokoban,extLxWet,5,AI,1.0,1.0,0.0,1.0,1.0,0.0
frustrating,sokoban,extLxWet,6,AI,1.0,1.0,0.0,1.0,1.0,0.0
frustrating,sokoban,extLxWet,7,AI,1.0,1.0,0.0,1.0,1.0,0.0
frustrating,sokoban,extLxWet,8,AI,1.0,1.0,0.0,1.0,1.0,0.0
frustrating,sokoban,extLxWet,9,AI,1.0,1.0,0.0,1.0,1.0,0.0
frustrating,sokoban,extLxWet,10,AI,1.0,1.0,0.0,1.0,1.0,0.0
frustrating,sokoban,extLxWet,11,AI,2.0,1.0,-1.0,2.0,1.0,-1.0
frustrating,sokoban,extLxWet,12,AI,2.0,2.0,0.0,2.0,2.0,0.0
frustrating,sokoban,extLxWet,13,AI,1.0,1.0,0.0,1.0,1.0,0.0
frustrating,sokoban,extLxWet,14,AI,4.0,1.0,-3.0,4.0,1.0,-3.0
frustrating,sokoban,extLxWet,15,AI,1.0,3.0,2.0,1.0,3.0,2.0
frustrating,sokoban,extLxWet,16,AI,1.0,1.0,0.0,1.0,1.0,0.0
frustrating,sokoban,extLxWet,17,AI,1.0,1.0,0.0,1.0,1.0,0.0
frustrating,sokoban,extLxWet,18,AI,1.0,1.0,0.0,1.0,1.0,0.0
frustrating,sokoban,extLxWet,19,AI,1.0,1.0,0.0,1.0,1.0,0.0
frustrating,sokoban,extLxWet,20,AI,1.0,1.0,0.0,1.0,1.0,0.0
frustrating,sokoban,f8sbFI0a,1,Human,2.0,1.0,-1.0,2.0,1.0,-1.0
frustrating,sokoban,f8sbFI0a,2,Human,1.0,2.0,1.0,1.0,2.0,1.0
frustrating,sokoban,f8sbFI0a,3,Human,4.0,1.0,-3.0,4.0,1.0,-3.0
frustrating,sokoban,f8sbFI0a,4,Human,1.0,1.0,0.0,1.0,1.0,0.0
frustrating,sokoban,f8sbFI0a,5,Human,2.0,1.0,-1.0,2.0,1.0,-1.0
frustrating,sokoban,f8sbFI0a,6,Human,2.0,1.0,-1.0,2.0,1.0,-1.0
frustrating,sokoban,f8sbFI0a,7,Human,2.0,1.0,-1.0,2.0,1.0,-1.0
frustrating,sokoban,f8sbFI0a,8,Human,2.0,2.0,0.0,2.0,2.0,0.0
frustrating,sokoban,f8sbFI0a,9,Human,2.0,1.0,-1.0,2.0,1.0,-1.0
frustrating,sokoban,f8sbFI0a,10,Human,1.0,1.0,0.0,1.0,1.0,0.0
frustrating,sokoban,f8sbFI0a,11,Human,1.0,2.0,1.0,1.0,2.0,1.0
frustrating,sokoban,f8sbFI0a,12,Human,2.0,1.0,-1.0,2.0,1.0,-1.0
frustrating,sokoban,f8sbFI0a,13,Human,2.0,1.0,-1.0,2.0,1.0,-1.0
frustrating,sokoban,f8sbFI0a,14,Human,2.0,2.0,0.0,2.0,2.0,0.0
frustrating,sokoban,f8sbFI0a,15,Human,1.0,1.0,0.0,1.0,1.0,0.0
frustrating,sokoban,f8sbFI0a,16,Human,2.0,1.0,-1.0,2.0,1.0,-1.0
frustrating,sokoban,f8sbFI0a,17,Human,1.0,4.0,3.0,1.0,4.0,3.0
frustrating,sokoban,f8sbFI0a,18,Human,4.0,1.0,-3.0,4.0,1.0,-3.0
frustrating,sokoban,f8sbFI0a,19,Human,2.0,1.0,-1.0,2.0,1.0,-1.0
frustrating,sokoban,f8sbFI0a,20,Human,1.0,1.0,0.0,1.0,1.0,0.0
frustrating,sokoban,iJNJxWfZ,1,Human,1.0,2.0,1.0,1.0,2.0,1.0
frustrating,sokoban,iJNJxWfZ,2,Human,2.0,1.0,-1.0,2.0,1.0,-1.0
frustrating,sokoban,iJNJxWfZ,3,Human,1.0,1.0,0.0,1.0,1.0,0.0
frustrating,sokoban,iJNJxWfZ,4,Human,1.0,1.0,0.0,1.0,1.0,0.0
frustrating,sokoban,iJNJxWfZ,5,Human,4.0,1.0,-3.0,4.0,1.0,-3.0
frustrating,sokoban,iJNJxWfZ,6,Human,1.0,1.0,0.0,1.0,1.0,0.0
frustrating,sokoban,iJNJxWfZ,7,Human,2.0,1.0,-1.0,2.0,1.0,-1.0
frustrating,sokoban,iJNJxWfZ,8,Human,1.0,1.0,0.0,1.0,1.0,0.0
frustrating,sokoban,iJNJxWfZ,9,Human,1.0,1.0,0.0,1.0,1.0,0.0
frustrating,sokoban,iJNJxWfZ,10,Human,2.0,1.0,-1.0,2.0,1.0,-1.0
frustrating,sokoban,iJNJxWfZ,11,Human,2.0,1.0,-1.0,2.0,1.0,-1.0
frustrating,sokoban,iJNJxWfZ,12,Human,1.0,1.0,0.0,1.0,1.0,0.0
frustrating,sokoban,iJNJxWfZ,13,Human,2.0,1.0,-1.0,2.0,1.0,-1.0
frustrating,sokoban,iJNJxWfZ,14,Human,2.0,2.0,0.0,2.0,2.0,0.0
frustrating,sokoban,iJNJxWfZ,15,Human,2.0,1.0,-1.0,2.0,1.0,-1.0
frustrating,sokoban,iJNJxWfZ,16,Human,1.0,1.0,0.0,1.0,1.0,0.0
frustrating,sokoban,iJNJxWfZ,17,Human,2.0,1.0,-1.0,2.0,1.0,-1.0
frustrating,sokoban,iJNJxWfZ,18,Human,2.0,1.0,-1.0,2.0,1.0,-1.0
frustrating,sokoban,iJNJxWfZ,19,Human,2.0,4.0,2.0,2.0,4.0,2.0
frustrating,sokoban,iJNJxWfZ,20,Human,2.0,2.0,0.0,2.0,2.0,0.0
frustrating,sokoban,ij6onaGt,1,AI,1.0,1.0,0.0,1.0,1.0,0.0
frustrating,sokoban,ij6onaGt,2,AI,1.0,1.0,0.0,1.0,1.0,0.0
frustrating,sokoban,ij6onaGt,3,AI,1.0,1.0,0.0,1.0,1.0,0.0
frustrating,sokoban,ij6onaGt,4,AI,1.0,1.0,0.0,1.0,1.0,0.0
frustrating,sokoban,ij6onaGt,5,AI,1.0,1.0,0.0,1.0,1.0,0.0
frustrating,sokoban,ij6onaGt,6,AI,1.0,1.0,0.0,1.0,1.0,0.0
frustrating,sokoban,ij6onaGt,7,AI,1.0,1.0,0.0,1.0,1.0,0.0
frustrating,sokoban,ij6onaGt,8,AI,1.0,1.0,0.0,1.0,1.0,0.0
frustrating,sokoban,ij6onaGt,9,AI,1.0,2.0,1.0,1.0,2.0,1.0
frustrating,sokoban,ij6onaGt,10,AI,1.0,1.0,0.0,1.0,1.0,0.0
frustrating,sokoban,ij6onaGt,11,AI,1.0,1.0,0.0,1.0,1.0,0.0
frustrating,sokoban,ij6onaGt,12,AI,1.0,1.0,0.0,1.0,1.0,0.0
frustrating,sokoban,ij6onaGt,13,AI,1.0,1.0,0.0,1.0,1.0,0.0
frustrating,sokoban,ij6onaGt,14,AI,1.0,1.0,0.0,1.0,1.0,0.0
frustrating,sokoban,ij6onaGt,15,AI,1.0,1.0,0.0,1.0,1.0,0.0
frustrating,sokoban,ij6onaGt,16,AI,1.0,2.0,1.0,1.0,2.0,1.0
frustrating,sokoban,ij6onaGt,17,AI,2.0,1.0,-1.0,2.0,1.0,-1.0
frustrating,sokoban,ij6onaGt,18,AI,1.0,1.0,0.0,1.0,1.0,0.0
frustrating,sokoban,ij6onaGt,19,AI,1.0,1.0,0.0,1.0,1.0,0.0
frustrating,sokoban,ij6onaGt,20,AI,1.0,1.0,0.0,1.0,1.0,0.0
frustrating,sokoban,oHSLE5UO,1,AI,5.0,1.0,-4.0,5.0,1.0,-4.0
frustrating,sokoban,oHSLE5UO,2,AI,1.0,1.0,0.0,1.0,1.0,0.0
frustrating,sokoban,oHSLE5UO,3,AI,5.0,1.0,-4.0,5.0,1.0,-4.0
frustrating,sokoban,oHSLE5UO,4,AI,1.0,1.0,0.0,1.0,1.0,0.0
frustrating,sokoban,oHSLE5UO,5,AI,1.0,1.0,0.0,1.0,1.0,0.0
frustrating,sokoban,oHSLE5UO,6,AI,1.0,2.0,1.0,1.0,2.0,1.0
frustrating,sokoban,oHSLE5UO,7,AI,1.0,1.0,0.0,1.0,1.0,0.0
frustrating,sokoban,oHSLE5UO,8,AI,1.0,1.0,0.0,1.0,1.0,0.0
frustrating,sokoban,oHSLE5UO,9,AI,1.0,1.0,0.0,1.0,1.0,0.0
frustrating,sokoban,oHSLE5UO,10,AI,1.0,1.0,0.0,1.0,1.0,0.0
frustrating,sokoban,oHSLE5UO,11,AI,1.0,1.0,0.0,1.0,1.0,0.0
frustrating,sokoban,oHSLE5UO,12,AI,1.0,4.0,3.0,1.0,4.0,3.0
frustrating,sokoban,oHSLE5UO,13,AI,1.0,1.0,0.0,1.0,1.0,0.0
frustrating,sokoban,oHSLE5UO,14,AI,1.0,1.0,0.0,1.0,1.0,0.0
frustrating,sokoban,oHSLE5UO,15,AI,1.0,1.0,0.0,1.0,1.0,0.0
frustrating,sokoban,oHSLE5UO,16,AI,4.0,1.0,-3.0,4.0,1.0,-3.0
frustrating,sokoban,oHSLE5UO,17,AI,1.0,1.0,0.0,1.0,1.0,0.0
frustrating,sokoban,oHSLE5UO,18,AI,5.0,1.0,-4.0,5.0,1.0,-4.0
frustrating,sokoban,oHSLE5UO,19,AI,5.0,1.0,-4.0,5.0,1.0,-4.0
frustrating,sokoban,oHSLE5UO,20,AI,2.0,1.0,-1.0,2.0,1.0,-1.0
frustrating,sokoban,t7mUz3Qe,1,Human,1.0,1.0,0.0,1.0,1.0,0.0
frustrating,sokoban,t7mUz3Qe,2,Human,1.0,1.0,0.0,1.0,1.0,0.0
frustrating,sokoban,t7mUz3Qe,3,Human,1.0,1.0,0.0,1.0,1.0,0.0
frustrating,sokoban,t7mUz3Qe,4,Human,1.0,1.0,0.0,1.0,1.0,0.0
frustrating,sokoban,t7mUz3Qe,5,Human,1.0,1.0,0.0,1.0,1.0,0.0
frustrating,sokoban,t7mUz3Qe,6,Human,1.0,1.0,0.0,1.0,1.0,0.0
frustrating,sokoban,t7mUz3Qe,7,Human,1.0,1.0,0.0,1.0,1.0,0.0
frustrating,sokoban,t7mUz3Qe,8,Human,1.0,1.0,0.0,1.0,1.0,0.0
frustrating,sokoban,t7mUz3Qe,9,Human,1.0,1.0,0.0,1.0,1.0,0.0
frustrating,sokoban,t7mUz3Qe,10,Human,1.0,1.0,0.0,1.0,1.0,0.0
frustrating,sokoban,t7mUz3Qe,11,Human,1.0,1.0,0.0,1.0,1.0,0.0
frustrating,sokoban,t7mUz3Qe,12,Human,1.0,1.0,0.0,1.0,1.0,0.0
frustrating,sokoban,t7mUz3Qe,13,Human,1.0,1.0,0.0,1.0,1.0,0.0
frustrating,sokoban,t7mUz3Qe,14,Human,1.0,1.0,0.0,1.0,1.0,0.0
frustrating,sokoban,t7mUz3Qe,15,Human,1.0,1.0,0.0,1.0,1.0,0.0
frustrating,sokoban,t7mUz3Qe,16,Human,1.0,1.0,0.0,1.0,1.0,0.0
frustrating,sokoban,t7mUz3Qe,17,Human,1.0,1.0,0.0,1.0,1.0,0.0
frustrating,sokoban,t7mUz3Qe,18,Human,1.0,1.0,0.0,1.0,1.0,0.0
frustrating,sokoban,t7mUz3Qe,19,Human,1.0,1.0,0.0,1.0,1.0,0.0
frustrating,sokoban,t7mUz3Qe,20,Human,1.0,1.0,0.0,1.0,1.0,0.0
frustrating,sokoban,wSCVt298,1,AI,5.0,1.0,-4.0,5.0,1.0,-4.0
frustrating,sokoban,wSCVt298,2,AI,1.0,5.0,4.0,1.0,5.0,4.0
frustrating,sokoban,wSCVt298,3,AI,5.0,1.0,-4.0,5.0,1.0,-4.0
frustrating,sokoban,wSCVt298,4,AI,5.0,1.0,-4.0,5.0,1.0,-4.0
frustrating,sokoban,wSCVt298,5,AI,5.0,1.0,-4.0,5.0,1.0,-4.0
frustrating,sokoban,wSCVt298,6,AI,5.0,2.0,-3.0,5.0,2.0,-3.0
frustrating,sokoban,wSCVt298,7,AI,1.0,1.0,0.0,1.0,1.0,0.0
frustrating,sokoban,wSCVt298,8,AI,5.0,1.0,-4.0,5.0,1.0,-4.0
frustrating,sokoban,wSCVt298,9,AI,4.0,5.0,1.0,4.0,5.0,1.0
frustrating,sokoban,wSCVt298,10,AI,5.0,1.0,-4.0,5.0,1.0,-4.0
frustrating,sokoban,wSCVt298,11,AI,5.0,1.0,-4.0,5.0,1.0,-4.0
frustrating,sokoban,wSCVt298,12,AI,1.0,1.0,0.0,1.0,1.0,0.0
frustrating,sokoban,wSCVt298,13,AI,5.0,1.0,-4.0,5.0,1.0,-4.0
frustrating,sokoban,wSCVt298,14,AI,1.0,1.0,0.0,1.0,1.0,0.0
frustrating,sokoban,wSCVt298,15,AI,1.0,5.0,4.0,1.0,5.0,4.0
frustrating,sokoban,wSCVt298,16,AI,1.0,1.0,0.0,1.0,1.0,0.0
frustrating,sokoban,wSCVt298,17,AI,1.0,1.0,0.0,1.0,1.0,0.0
frustrating,sokoban,wSCVt298,18,AI,1.0,1.0,0.0,1.0,1.0,0.0
frustrating,sokoban,wSCVt298,19,AI,5.0,2.0,-3.0,5.0,2.0,-3.0
frustrating,sokoban,wSCVt298,20,AI,1.0,1.0,0.0,1.0,1.0,0.0
surprising,mario,1AC82kGG,1,Human,1.0,2.0,1.0,1.0,2.0,1.0
surprising,mario,1AC82kGG,2,Human,2.0,1.0,-1.0,2.0,1.0,-1.0
surprising,mario,1AC82kGG,3,Human,1.0,2.0,1.0,1.0,2.0,1.0
surprising,mario,1AC82kGG,4,Human,2.0,3.0,1.0,2.0,3.0,1.0
surprising,mario,1AC82kGG,5,Human,2.0,2.0,0.0,2.0,2.0,0.0
surprising,mario,1AC82kGG,6,Human,3.0,1.0,-2.0,3.0,1.0,-2.0
surprising,mario,1AC82kGG,7,Human,2.0,2.0,0.0,2.0,2.0,0.0
surprising,mario,1AC82kGG,8,Human,3.0,1.0,-2.0,3.0,1.0,-2.0
surprising,mario,1AC82kGG,9,Human,2.0,2.0,0.0,2.0,2.0,0.0
surprising,mario,1AC82kGG,10,Human,2.0,2.0,0.0,2.0,2.0,0.0
surprising,mario,1AC82kGG,11,Human,2.0,2.0,0.0,2.0,2.0,0.0
surprising,mario,1AC82kGG,12,Human,4.0,1.0,-3.0,4.0,1.0,-3.0
surprising,mario,1AC82kGG,13,Human,2.0,1.0,-1.0,2.0,1.0,-1.0
surprising,mario,1AC82kGG,14,Human,1.0,2.0,1.0,1.0,2.0,1.0
surprising,mario,1AC82kGG,15,Human,2.0,2.0,0.0,2.0,2.0,0.0
surprising,mario,1AC82kGG,16,Human,1.0,4.0,3.0,1.0,4.0,3.0
surprising,mario,1AC82kGG,17,Human,2.0,2.0,0.0,2.0,2.0,0.0
surprising,mario,1AC82kGG,18,Human,1.0,1.0,0.0,1.0,1.0,0.0
surprising,mario,1AC82kGG,19,Human,1.0,2.0,1.0,1.0,2.0,1.0
surprising,mario,1AC82kGG,20,Human,4.0,2.0,-2.0,4.0,2.0,-2.0
surprising,mario,4PFJlLdR,1,AI,1.0,1.0,0.0,1.0,1.0,0.0
surprising,mario,4PFJlLdR,2,AI,2.0,1.0,-1.0,2.0,1.0,-1.0
surprising,mario,4PFJlLdR,3,AI,2.0,4.0,2.0,2.0,4.0,2.0
surprising,mario,4PFJlLdR,4,AI,4.0,2.0,-2.0,4.0,2.0,-2.0
surprising,mario,4PFJlLdR,5,AI,2.0,2.0,0.0,2.0,2.0,0.0
surprising,mario,4PFJlLdR,6,AI,2.0,2.0,0.0,2.0,2.0,0.0
surprising,mario,4PFJlLdR,7,AI,2.0,1.0,-1.0,2.0,1.0,-1.0
surprising,mario,4PFJlLdR,8,AI,4.0,2.0,-2.0,4.0,2.0,-2.0
surprising,mario,4PFJlLdR,9,AI,2.0,1.0,-1.0,2.0,1.0,-1.0
surprising,mario,4PFJlLdR,10,AI,4.0,1.0,-3.0,4.0,1.0,-3.0
surprising,mario,4PFJlLdR,11,AI,1.0,1.0,0.0,1.0,1.0,0.0
surprising,mario,4PFJlLdR,12,AI,3.0,2.0,-1.0,3.0,2.0,-1.0
surprising,mario,4PFJlLdR,13,AI,2.0,1.0,-1.0,2.0,1.0,-1.0
surprising,mario,4PFJlLdR,14,AI,2.0,1.0,-1.0,2.0,1.0,-1.0
surprising,mario,4PFJlLdR,15,AI,1.0,2.0,1.0,1.0,2.0,1.0
surprising,mario,4PFJlLdR,16,AI,4.0,2.0,-2.0,4.0,2.0,-2.0
surprising,mario,4PFJlLdR,17,AI,2.0,2.0,0.0,2.0,2.0,0.0
surprising,mario,4PFJlLdR,18,AI,2.0,2.0,0.0,2.0,2.0,0.0
surprising,mario,4PFJlLdR,19,AI,2.0,2.0,0.0,2.0,2.0,0.0
surprising,mario,4PFJlLdR,20,AI,1.0,1.0,0.0,1.0,1.0,0.0
surprising,mario,4bMZDbcE,1,Human,1.0,1.0,0.0,1.0,1.0,0.0
surprising,mario,4bMZDbcE,2,Human,1.0,1.0,0.0,1.0,1.0,0.0
surprising,mario,4bMZDbcE,3,Human,1.0,1.0,0.0,1.0,1.0,0.0
surprising,mario,4bMZDbcE,4,Human,1.0,1.0,0.0,1.0,1.0,0.0
surprising,mario,4bMZDbcE,5,Human,1.0,1.0,0.0,1.0,1.0,0.0
surprising,mario,4bMZDbcE,6,Human,2.0,1.0,-1.0,2.0,1.0,-1.0
surprising,mario,4bMZDbcE,7,Human,1.0,1.0,0.0,1.0,1.0,0.0
surprising,mario,4bMZDbcE,8,Human,1.0,1.0,0.0,1.0,1.0,0.0
surprising,mario,4bMZDbcE,9,Human,1.0,1.0,0.0,1.0,1.0,0.0
surprising,mario,4bMZDbcE,10,Human,1.0,1.0,0.0,1.0,1.0,0.0
surprising,mario,4bMZDbcE,11,Human,2.0,1.0,-1.0,2.0,1.0,-1.0
surprising,mario,4bMZDbcE,12,Human,1.0,1.0,0.0,1.0,1.0,0.0
surprising,mario,4bMZDbcE,13,Human,1.0,1.0,0.0,1.0,1.0,0.0
surprising,mario,4bMZDbcE,14,Human,1.0,1.0,0.0,1.0,1.0,0.0
surprising,mario,4bMZDbcE,15,Human,1.0,1.0,0.0,1.0,1.0,0.0
surprising,mario,4bMZDbcE,16,Human,1.0,1.0,0.0,1.0,1.0,0.0
surprising,mario,4bMZDbcE,17,Human,1.0,1.0,0.0,1.0,1.0,0.0
surprising,mario,4bMZDbcE,18,Human,1.0,1.0,0.0,1.0,1.0,0.0
surprising,mario,4bMZDbcE,19,Human,1.0,1.0,0.0,1.0,1.0,0.0
surprising,mario,4bMZDbcE,20,Human,1.0,2.0,1.0,1.0,2.0,1.0
surprising,mario,8cgqvaZu,1,AI,2.0,1.0,-1.0,2.0,1.0,-1.0
surprising,mario,8cgqvaZu,2,AI,1.0,1.0,0.0,1.0,1.0,0.0
surprising,mario,8cgqvaZu,3,AI,2.0,1.0,-1.0,2.0,1.0,-1.0
surprising,mario,8cgqvaZu,4,AI,4.0,1.0,-3.0,4.0,1.0,-3.0
surprising,mario,8cgqvaZu,5,AI,1.0,1.0,0.0,1.0,1.0,0.0
surprising,mario,8cgqvaZu,6,AI,1.0,2.0,1.0,1.0,2.0,1.0
surprising,mario,8cgqvaZu,7,AI,2.0,4.0,2.0,2.0,4.0,2.0
surprising,mario,8cgqvaZu,8,AI,1.0,1.0,0.0,1.0,1.0,0.0
surprising,mario,8cgqvaZu,9,AI,2.0,1.0,-1.0,2.0,1.0,-1.0
surprising,mario,8cgqvaZu,10,AI,2.0,1.0,-1.0,2.0,1.0,-1.0
surprising,mario,8cgqvaZu,11,AI,1.0,2.0,1.0,1.0,2.0,1.0
surprising,mario,8cgqvaZu,12,AI,1.0,1.0,0.0,1.0,1.0,0.0
surprising,mario,8cgqvaZu,13,AI,2.0,1.0,-1.0,2.0,1.0,-1.0
surprising,mario,8cgqvaZu,14,AI,3.0,1.0,-2.0,3.0,1.0,-2.0
surprising,mario,8cgqvaZu,15,AI,1.0,2.0,1.0,1.0,2.0,1.0
surprising,mario,8cgqvaZu,16,AI,2.0,1.0,-1.0,2.0,1.0,-1.0
surprising,mario,8cgqvaZu,17,AI,2.0,1.0,-1.0,2.0,1.0,-1.0
surprising,mario,8cgqvaZu,18,AI,2.0,2.0,0.0,2.0,2.0,0.0
surprising,mario,8cgqvaZu,19,AI,2.0,2.0,0.0,2.0,2.0,0.0
surprising,mario,8cgqvaZu,20,AI,1.0,2.0,1.0,1.0,2.0,1.0
surprising,mario,9Y6J8Rb8,1,AI,1.0,2.0,1.0,1.0,2.0,1.0
surprising,mario,9Y6J8Rb8,2,AI,2.0,1.0,-1.0,2.0,1.0,-1.0
surprising,mario,9Y6J8Rb8,3,AI,1.0,1.0,0.0,1.0,1.0,0.0
surprising,mario,9Y6J8Rb8,4,AI,1.0,1.0,0.0,1.0,1.0,0.0
surprising,mario,9Y6J8Rb8,5,AI,3.0,2.0,-1.0,3.0,2.0,-1.0
surprising,mario,9Y6J8Rb8,6,AI,1.0,1.0,0.0,1.0,1.0,0.0
surprising,mario,9Y6J8Rb8,7,AI,1.0,2.0,1.0,1.0,2.0,1.0
surprising,mario,9Y6J8Rb8,8,AI,4.0,3.0,-1.0,4.0,3.0,-1.0
surprising,mario,9Y6J8Rb8,9,AI,1.0,2.0,1.0,1.0,2.0,1.0
surprising,mario,9Y6J8Rb8,10,AI,1.0,3.0,2.0,1.0,3.0,2.0
surprising,mario,9Y6J8Rb8,11,AI,1.0,2.0,1.0,1.0,2.0,1.0
surprising,mario,9Y6J8Rb8,12,AI,2.0,1.0,-1.0,2.0,1.0,-1.0
surprising,mario,9Y6J8Rb8,13,AI,1.0,2.0,1.0,1.0,2.0,1.0
surprising,mario,9Y6J8Rb8,14,AI,1.0,1.0,0.0,1.0,1.0,0.0
surprising,mario,9Y6J8Rb8,15,AI,1.0,1.0,0.0,1.0,1.0,0.0
surprising,mario,9Y6J8Rb8,16,AI,1.0,4.0,3.0,1.0,4.0,3.0
surprising,mario,9Y6J8Rb8,17,AI,1.0,1.0,0.0,1.0,1.0,0.0
surprising,mario,9Y6J8Rb8,18,AI,2.0,1.0,-1.0,2.0,1.0,-1.0
surprising,mario,9Y6J8Rb8,19,AI,1.0,1.0,0.0,1.0,1.0,0.0
surprising,mario,9Y6J8Rb8,20,AI,1.0,1.0,0.0,1.0,1.0,0.0
surprising,mario,Jvmo5e7c,1,Human,1.0,2.0,1.0,1.0,2.0,1.0
surprising,mario,Jvmo5e7c,2,Human,1.0,1.0,0.0,1.0,1.0,0.0
surprising,mario,Jvmo5e7c,3,Human,2.0,2.0,0.0,2.0,2.0,0.0
surprising,mario,Jvmo5e7c,4,Human,2.0,2.0,0.0,2.0,2.0,0.0
surprising,mario,Jvmo5e7c,5,Human,1.0,2.0,1.0,1.0,2.0,1.0
surprising,mario,Jvmo5e7c,6,Human,1.0,2.0,1.0,1.0,2.0,1.0
surprising,mario,Jvmo5e7c,7,Human,1.0,1.0,0.0,1.0,1.0,0.0
surprising,mario,Jvmo5e7c,8,Human,2.0,1.0,-1.0,2.0,1.0,-1.0
surprising,mario,Jvmo5e7c,9,Human,1.0,1.0,0.0,1.0,1.0,0.0
surprising,mario,Jvmo5e7c,10,Human,2.0,1.0,-1.0,2.0,1.0,-1.0
surprising,mario,Jvmo5e7c,11,Human,2.0,2.0,0.0,2.0,2.0,0.0
surprising,mario,Jvmo5e7c,12,Human,2.0,2.0,0.0,2.0,2.0,0.0
surprising,mario,Jvmo5e7c,13,Human,1.0,1.0,0.0,1.0,1.0,0.0
surprising,mario,Jvmo5e7c,14,Human,2.0,1.0,-1.0,2.0,1.0,-1.0
surprising,mario,Jvmo5e7c,15,Human,3.0,2.0,-1.0,3.0,2.0,-1.0
surprising,mario,Jvmo5e7c,16,Human,2.0,2.0,0.0,2.0,2.0,0.0
surprising,mario,Jvmo5e7c,17,Human,2.0,1.0,-1.0,2.0,1.0,-1.0
surprising,mario,Jvmo5e7c,18,Human,1.0,1.0,0.0,1.0,1.0,0.0
surprising,mario,Jvmo5e7c,19,Human,1.0,2.0,1.0,1.0,2.0,1.0
surprising,mario,Jvmo5e7c,20,Human,1.0,3.0,2.0,1.0,3.0,2.0
surprising,mario,KKZ1dszi,1,AI,1.0,1.0,0.0,1.0,1.0,0.0
surprising,mario,KKZ1dszi,2,AI,1.0,1.0,0.0,1.0,1.0,0.0
surprising,mario,KKZ1dszi,3,AI,1.0,1.0,0.0,1.0,1.0,0.0
surprising,mario,KKZ1dszi,4,AI,2.0,1.0,-1.0,2.0,1.0,-1.0
surprising,mario,KKZ1dszi,5,AI,2.0,2.0,0.0,2.0,2.0,0.0
surprising,mario,KKZ1dszi,6,AI,4.0,1.0,-3.0,4.0,1.0,-3.0
surprising,mario,KKZ1dszi,7,AI,1.0,1.0,0.0,1.0,1.0,0.0
surprising,mario,KKZ1dszi,8,AI,2.0,3.0,1.0,2.0,3.0,1.0
surprising,mario,KKZ1dszi,9,AI,1.0,1.0,0.0,1.0,1.0,0.0
surprising,mario,KKZ1dszi,10,AI,1.0,1.0,0.0,1.0,1.0,0.0
surprising,mario,KKZ1dszi,11,AI,2.0,1.0,-1.0,2.0,1.0,-1.0
surprising,mario,KKZ1dszi,12,AI,4.0,2.0,-2.0,4.0,2.0,-2.0
surprising,mario,KKZ1dszi,13,AI,2.0,1.0,-1.0,2.0,1.0,-1.0
surprising,mario,KKZ1dszi,14,AI,2.0,1.0,-1.0,2.0,1.0,-1.0
surprising,mario,KKZ1dszi,15,AI,1.0,2.0,1.0,1.0,2.0,1.0
surprising,mario,KKZ1dszi,16,AI,1.0,1.0,0.0,1.0,1.0,0.0
surprising,mario,KKZ1dszi,17,AI,1.0,1.0,0.0,1.0,1.0,0.0
surprising,mario,KKZ1dszi,18,AI,2.0,2.0,0.0,2.0,2.0,0.0
surprising,mario,KKZ1dszi,19,AI,2.0,1.0,-1.0,2.0,1.0,-1.0
surprising,mario,KKZ1dszi,20,AI,1.0,1.0,0.0,1.0,1.0,0.0
surprising,mario,RtKfCoTJ,1,Human,1.0,2.0,1.0,1.0,2.0,1.0
surprising,mario,RtKfCoTJ,2,Human,1.0,1.0,0.0,1.0,1.0,0.0
surprising,mario,RtKfCoTJ,3,Human,1.0,1.0,0.0,1.0,1.0,0.0
surprising,mario,RtKfCoTJ,4,Human,1.0,2.0,1.0,1.0,2.0,1.0
surprising,mario,RtKfCoTJ,5,Human,1.0,1.0,0.0,1.0,1.0,0.0
surprising,mario,RtKfCoTJ,6,Human,1.0,1.0,0.0,1.0,1.0,0.0
surprising,mario,RtKfCoTJ,7,Human,1.0,1.0,0.0,1.0,1.0,0.0
surprising,mario,RtKfCoTJ,8,Human,1.0,2.0,1.0,1.0,2.0,1.0
surprising,mario,RtKfCoTJ,9,Human,1.0,1.0,0.0,1.0,1.0,0.0
surprising,mario,RtKfCoTJ,10,Human,1.0,1.0,0.0,1.0,1.0,0.0
surprising,mario,RtKfCoTJ,11,Human,2.0,1.0,-1.0,2.0,1.0,-1.0
surprising,mario,RtKfCoTJ,12,Human,1.0,1.0,0.0,1.0,1.0,0.0
surprising,mario,RtKfCoTJ,13,Human,2.0,1.0,-1.0,2.0,1.0,-1.0
surprising,mario,RtKfCoTJ,14,Human,2.0,1.0,-1.0,2.0,1.0,-1.0
surprising,mario,RtKfCoTJ,15,Human,1.0,3.0,2.0,1.0,3.0,2.0
surprising,mario,RtKfCoTJ,16,Human,1.0,1.0,0.0,1.0,1.0,0.0
surprising,mario,RtKfCoTJ,17,Human,1.0,1.0,0.0,1.0,1.0,0.0
surprising,mario,RtKfCoTJ,18,Human,1.0,1.0,0.0,1.0,1.0,0.0
surprising,mario,RtKfCoTJ,19,Human,2.0,1.0,-1.0,2.0,1.0,-1.0
surprising,mario,RtKfCoTJ,20,Human,1.0,1.0,0.0,1.0,1.0,0.0
surprising,mario,S7F69Idf,1,AI,1.0,1.0,0.0,1.0,1.0,0.0
surprising,mario,S7F69Idf,2,AI,1.0,1.0,0.0,1.0,1.0,0.0
surprising,mario,S7F69Idf,3,AI,1.0,1.0,0.0,1.0,1.0,0.0
surprising,mario,S7F69Idf,4,AI,1.0,1.0,0.0,1.0,1.0,0.0
surprising,mario,S7F69Idf,5,AI,1.0,1.0,0.0,1.0,1.0,0.0
surprising,mario,S7F69Idf,6,AI,1.0,1.0,0.0,1.0,1.0,0.0
surprising,mario,S7F69Idf,7,AI,1.0,4.0,3.0,1.0,4.0,3.0
surprising,mario,S7F69Idf,8,AI,1.0,1.0,0.0,1.0,1.0,0.0
surprising,mario,S7F69Idf,9,AI,1.0,1.0,0.0,1.0,1.0,0.0
surprising,mario,S7F69Idf,10,AI,1.0,1.0,0.0,1.0,1.0,0.0
surprising,mario,S7F69Idf,11,AI,1.0,2.0,1.0,1.0,2.0,1.0
surprising,mario,S7F69Idf,12,AI,3.0,1.0,-2.0,3.0,1.0,-2.0
surprising,mario,S7F69Idf,13,AI,1.0,1.0,0.0,1.0,1.0,0.0
surprising,mario,S7F69Idf,14,AI,2.0,2.0,0.0,2.0,2.0,0.0
surprising,mario,S7F69Idf,15,AI,1.0,1.0,0.0,1.0,1.0,0.0
surprising,mario,S7F69Idf,16,AI,2.0,1.0,-1.0,2.0,1.0,-1.0
surprising,mario,S7F69Idf,17,AI,1.0,1.0,0.0,1.0,1.0,0.0
surprising,mario,S7F69Idf,18,AI,1.0,2.0,1.0,1.0,2.0,1.0
surprising,mario,S7F69Idf,19,AI,1.0,2.0,1.0,1.0,2.0,1.0
surprising,mario,S7F69Idf,20,AI,1.0,1.0,0.0,1.0,1.0,0.0
surprising,mario,U3v9pEvF,1,AI,4.0,2.0,-2.0,4.0,2.0,-2.0
surprising,mario,U3v9pEvF,2,AI,1.0,1.0,0.0,1.0,1.0,0.0
surprising,mario,U3v9pEvF,3,AI,3.0,2.0,-1.0,3.0,2.0,-1.0
surprising,mario,U3v9pEvF,4,AI,2.0,1.0,-1.0,2.0,1.0,-1.0
surprising,mario,U3v9pEvF,5,AI,3.0,4.0,1.0,3.0,4.0,1.0
surprising,mario,U3v9pEvF,6,AI,1.0,2.0,1.0,1.0,2.0,1.0
surprising,mario,U3v9pEvF,7,AI,2.0,2.0,0.0,2.0,2.0,0.0
surprising,mario,U3v9pEvF,8,AI,3.0,2.0,-1.0,3.0,2.0,-1.0
surprising,mario,U3v9pEvF,9,AI,2.0,3.0,1.0,2.0,3.0,1.0
surprising,mario,U3v9pEvF,10,AI,1.0,4.0,3.0,1.0,4.0,3.0
surprising,mario,U3v9pEvF,11,AI,2.0,1.0,-1.0,2.0,1.0,-1.0
surprising,mario,U3v9pEvF,12,AI,2.0,1.0,-1.0,2.0,1.0,-1.0
surprising,mario,U3v9pEvF,13,AI,1.0,2.0,1.0,1.0,2.0,1.0
surprising,mario,U3v9pEvF,14,AI,2.0,2.0,0.0,2.0,2.0,0.0
surprising,mario,U3v9pEvF,15,AI,2.0,1.0,-1.0,2.0,1.0,-1.0
surprising,mario,U3v9pEvF,16,AI,4.0,2.0,-2.0,4.0,2.0,-2.0
surprising,mario,U3v9pEvF,17,AI,1.0,2.0,1.0,1.0,2.0,1.0
surprising,mario,U3v9pEvF,18,AI,2.0,2.0,0.0,2.0,2.0,0.0
surprising,mario,U3v9pEvF,19,AI,4.0,1.0,-3.0,4.0,1.0,-3.0
surprising,mario,U3v9pEvF,20,AI,2.0,2.0,0.0,2.0,2.0,0.0
surprising,mario,V5XEzcZd,1,Human,1.0,2.0,1.0,1.0,2.0,1.0
surprising,mario,V5XEzcZd,2,Human,1.0,4.0,3.0,1.0,4.0,3.0
surprising,mario,V5XEzcZd,3,Human,1.0,2.0,1.0,1.0,2.0,1.0
surprising,mario,V5XEzcZd,4,Human,1.0,1.0,0.0,1.0,1.0,0.0
surprising,mario,V5XEzcZd,5,Human,1.0,1.0,0.0,1.0,1.0,0.0
surprising,mario,V5XEzcZd,6,Human,2.0,1.0,-1.0,2.0,1.0,-1.0
surprising,mario,V5XEzcZd,7,Human,1.0,1.0,0.0,1.0,1.0,0.0
surprising,mario,V5XEzcZd,8,Human,1.0,2.0,1.0,1.0,2.0,1.0
surprising,mario,V5XEzcZd,9,Human,1.0,1.0,0.0,1.0,1.0,0.0
surprising,mario,V5XEzcZd,10,Human,1.0,2.0,1.0,1.0,2.0,1.0
surprising,mario,V5XEzcZd,11,Human,1.0,1.0,0.0,1.0,1.0,0.0
surprising,mario,V5XEzcZd,12,Human,1.0,2.0,1.0,1.0,2.0,1.0
surprising,mario,V5XEzcZd,13,Human,1.0,1.0,0.0,1.0,1.0,0.0
surprising,mario,V5XEzcZd,14,Human,1.0,1.0,0.0,1.0,1.0,0.0
surprising,mario,V5XEzcZd,15,Human,1.0,1.0,0.0,1.0,1.0,0.0
surprising,mario,V5XEzcZd,16,Human,1.0,3.0,2.0,1.0,3.0,2.0
surprising,mario,V5XEzcZd,17,Human,1.0,1.0,0.0,1.0,1.0,0.0
surprising,mario,V5XEzcZd,18,Human,1.0,1.0,0.0,1.0,1.0,0.0
surprising,mario,V5XEzcZd,19,Human,1.0,1.0,0.0,1.0,1.0,0.0
surprising,mario,V5XEzcZd,20,Human,1.0,1.0,0.0,1.0,1.0,0.0
surprising,mario,XYTl4EzV,1,Human,2.0,2.0,0.0,2.0,2.0,0.0
surprising,mario,XYTl4EzV,2,Human,4.0,2.0,-2.0,4.0,2.0,-2.0
surprising,mario,XYTl4EzV,3,Human,1.0,1.0,0.0,1.0,1.0,0.0
surprising,mario,XYTl4EzV,4,Human,1.0,1.0,0.0,1.0,1.0,0.0
surprising,mario,XYTl4EzV,5,Human,4.0,1.0,-3.0,4.0,1.0,-3.0
surprising,mario,XYTl4EzV,6,Human,3.0,1.0,-2.0,3.0,1.0,-2.0
surprising,mario,XYTl4EzV,7,Human,1.0,2.0,1.0,1.0,2.0,1.0
surprising,mario,XYTl4EzV,8,Human,2.0,2.0,0.0,2.0,2.0,0.0
surprising,mario,XYTl4EzV,9,Human,1.0,4.0,3.0,1.0,4.0,3.0
surprising,mario,XYTl4EzV,10,Human,1.0,2.0,1.0,1.0,2.0,1.0
surprising,mario,XYTl4EzV,11,Human,1.0,4.0,3.0,1.0,4.0,3.0
surprising,mario,XYTl4EzV,12,Human,1.0,1.0,0.0,1.0,1.0,0.0
surprising,mario,XYTl4EzV,13,Human,2.0,1.0,-1.0,2.0,1.0,-1.0
surprising,mario,XYTl4EzV,14,Human,1.0,2.0,1.0,1.0,2.0,1.0
surprising,mario,XYTl4EzV,15,Human,2.0,2.0,0.0,2.0,2.0,0.0
surprising,mario,XYTl4EzV,16,Human,1.0,1.0,0.0,1.0,1.0,0.0
surprising,mario,XYTl4EzV,17,Human,1.0,2.0,1.0,1.0,2.0,1.0
surprising,mario,XYTl4EzV,18,Human,2.0,1.0,-1.0,2.0,1.0,-1.0
surprising,mario,XYTl4EzV,19,Human,1.0,4.0,3.0,1.0,4.0,3.0
surprising,mario,XYTl4EzV,20,Human,1.0,1.0,0.0,1.0,1.0,0.0
surprising,mario,Xd8WtCNl,1,AI,1.0,2.0,1.0,1.0,2.0,1.0
surprising,mario,Xd8WtCNl,2,AI,2.0,2.0,0.0,2.0,2.0,0.0
surprising,mario,Xd8WtCNl,3,AI,2.0,2.0,0.0,2.0,2.0,0.0
surprising,mario,Xd8WtCNl,4,AI,2.0,2.0,0.0,2.0,2.0,0.0
surprising,mario,Xd8WtCNl,5,AI,2.0,2.0,0.0,2.0,2.0,0.0
surprising,mario,Xd8WtCNl,6,AI,2.0,4.0,2.0,2.0,4.0,2.0
surprising,mario,Xd8WtCNl,7,AI,2.0,2.0,0.0,2.0,2.0,0.0
surprising,mario,Xd8WtCNl,8,AI,3.0,2.0,-1.0,3.0,2.0,-1.0
surprising,mario,Xd8WtCNl,9,AI,3.0,1.0,-2.0,3.0,1.0,-2.0
surprising,mario,Xd8WtCNl,10,AI,3.0,2.0,-1.0,3.0,2.0,-1.0
surprising,mario,Xd8WtCNl,11,AI,2.0,1.0,-1.0,2.0,1.0,-1.0
surprising,mario,Xd8WtCNl,12,AI,2.0,2.0,0.0,2.0,2.0,0.0
surprising,mario,Xd8WtCNl,13,AI,2.0,2.0,0.0,2.0,2.0,0.0
surprising,mario,Xd8WtCNl,14,AI,1.0,2.0,1.0,1.0,2.0,1.0
surprising,mario,Xd8WtCNl,15,AI,2.0,2.0,0.0,2.0,2.0,0.0
surprising,mario,Xd8WtCNl,16,AI,1.0,2.0,1.0,1.0,2.0,1.0
surprising,mario,Xd8WtCNl,17,AI,2.0,1.0,-1.0,2.0,1.0,-1.0
surprising,mario,Xd8WtCNl,18,AI,2.0,2.0,0.0,2.0,2.0,0.0
surprising,mario,Xd8WtCNl,19,AI,2.0,1.0,-1.0,2.0,1.0,-1.0
surprising,mario,Xd8WtCNl,20,AI,2.0,3.0,1.0,2.0,3.0,1.0
surprising,mario,br59gvRp,1,AI,2.0,4.0,2.0,2.0,4.0,2.0
surprising,mario,br59gvRp,2,AI,1.0,1.0,0.0,1.0,1.0,0.0
surprising,mario,br59gvRp,3,AI,4.0,4.0,0.0,4.0,4.0,0.0
surprising,mario,br59gvRp,4,AI,4.0,1.0,-3.0,4.0,1.0,-3.0
surprising,mario,br59gvRp,5,AI,4.0,1.0,-3.0,4.0,1.0,-3.0
surprising,mario,br59gvRp,6,AI,1.0,1.0,0.0,1.0,1.0,0.0
surprising,mario,br59gvRp,7,AI,1.0,5.0,4.0,1.0,5.0,4.0
surprising,mario,br59gvRp,8,AI,1.0,1.0,0.0,1.0,1.0,0.0
surprising,mario,br59gvRp,9,AI,1.0,2.0,1.0,1.0,2.0,1.0
surprising,mario,br59gvRp,10,AI,1.0,1.0,0.0,1.0,1.0,0.0
surprising,mario,br59gvRp,11,AI,1.0,4.0,3.0,1.0,4.0,3.0
surprising,mario,br59gvRp,12,AI,5.0,1.0,-4.0,5.0,1.0,-4.0
surprising,mario,br59gvRp,13,AI,1.0,1.0,0.0,1.0,1.0,0.0
surprising,mario,br59gvRp,14,AI,1.0,3.0,2.0,1.0,3.0,2.0
surprising,mario,br59gvRp,15,AI,4.0,4.0,0.0,4.0,4.0,0.0
surprising,mario,br59gvRp,16,AI,2.0,1.0,-1.0,2.0,1.0,-1.0
surprising,mario,br59gvRp,17,AI,2.0,1.0,-1.0,2.0,1.0,-1.0
surprising,mario,br59gvRp,18,AI,4.0,1.0,-3.0,4.0,1.0,-3.0
surprising,mario,br59gvRp,19,AI,4.0,1.0,-3.0,4.0,1.0,-3.0
surprising,mario,br59gvRp,20,AI,2.0,3.0,1.0,2.0,3.0,1.0
surprising,mario,dwIZVZn4,1,AI,4.0,2.0,-2.0,4.0,2.0,-2.0
surprising,mario,dwIZVZn4,2,AI,2.0,1.0,-1.0,2.0,1.0,-1.0
surprising,mario,dwIZVZn4,3,AI,1.0,1.0,0.0,1.0,1.0,0.0
surprising,mario,dwIZVZn4,4,AI,1.0,1.0,0.0,1.0,1.0,0.0
surprising,mario,dwIZVZn4,5,AI,4.0,1.0,-3.0,4.0,1.0,-3.0
surprising,mario,dwIZVZn4,6,AI,3.0,1.0,-2.0,3.0,1.0,-2.0
surprising,mario,dwIZVZn4,7,AI,4.0,4.0,0.0,4.0,4.0,0.0
surprising,mario,dwIZVZn4,8,AI,1.0,1.0,0.0,1.0,1.0,0.0
surprising,mario,dwIZVZn4,9,AI,1.0,1.0,0.0,1.0,1.0,0.0
surprising,mario,dwIZVZn4,10,AI,1.0,2.0,1.0,1.0,2.0,1.0
surprising,mario,dwIZVZn4,11,AI,1.0,4.0,3.0,1.0,4.0,3.0
surprising,mario,dwIZVZn4,12,AI,2.0,1.0,-1.0,2.0,1.0,-1.0
surprising,mario,dwIZVZn4,13,AI,4.0,1.0,-3.0,4.0,1.0,-3.0
surprising,mario,dwIZVZn4,14,AI,2.0,1.0,-1.0,2.0,1.0,-1.0
surprising,mario,dwIZVZn4,15,AI,1.0,1.0,0.0,1.0,1.0,0.0
surprising,mario,dwIZVZn4,16,AI,2.0,2.0,0.0,2.0,2.0,0.0
surprising,mario,dwIZVZn4,17,AI,2.0,1.0,-1.0,2.0,1.0,-1.0
surprising,mario,dwIZVZn4,18,AI,4.0,1.0,-3.0,4.0,1.0,-3.0
surprising,mario,dwIZVZn4,19,AI,1.0,3.0,2.0,1.0,3.0,2.0
surprising,mario,dwIZVZn4,20,AI,3.0,2.0,-1.0,3.0,2.0,-1.0
surprising,mario,fc3fEIzT,1,Human,1.0,1.0,0.0,1.0,1.0,0.0
surprising,mario,fc3fEIzT,2,Human,1.0,2.0,1.0,1.0,2.0,1.0
surprising,mario,fc3fEIzT,3,Human,1.0,1.0,0.0,1.0,1.0,0.0
surprising,mario,fc3fEIzT,4,Human,4.0,1.0,-3.0,4.0,1.0,-3.0
surprising,mario,fc3fEIzT,5,Human,1.0,1.0,0.0,1.0,1.0,0.0
surprising,mario,fc3fEIzT,6,Human,2.0,1.0,-1.0,2.0,1.0,-1.0
surprising,mario,fc3fEIzT,7,Human,1.0,4.0,3.0,1.0,4.0,3.0
surprising,mario,fc3fEIzT,8,Human,1.0,1.0,0.0,1.0,1.0,0.0
surprising,mario,fc3fEIzT,9,Human,3.0,3.0,0.0,3.0,3.0,0.0
surprising,mario,fc3fEIzT,10,Human,2.0,2.0,0.0,2.0,2.0,0.0
surprising,mario,fc3fEIzT,11,Human,1.0,4.0,3.0,1.0,4.0,3.0
surprising,mario,fc3fEIzT,12,Human,1.0,2.0,1.0,1.0,2.0,1.0
surprising,mario,fc3fEIzT,13,Human,4.0,4.0,0.0,4.0,4.0,0.0
surprising,mario,fc3fEIzT,14,Human,1.0,1.0,0.0,1.0,1.0,0.0
surprising,mario,fc3fEIzT,15,Human,1.0,1.0,0.0,1.0,1.0,0.0
surprising,mario,fc3fEIzT,16,Human,1.0,1.0,0.0,1.0,1.0,0.0
surprising,mario,fc3fEIzT,17,Human,2.0,1.0,-1.0,2.0,1.0,-1.0
surprising,mario,fc3fEIzT,18,Human,1.0,1.0,0.0,1.0,1.0,0.0
surprising,mario,fc3fEIzT,19,Human,1.0,2.0,1.0,1.0,2.0,1.0
surprising,mario,fc3fEIzT,20,Human,4.0,1.0,-3.0,4.0,1.0,-3.0
surprising,mario,gZGPAuuB,1,Human,1.0,1.0,0.0,1.0,1.0,0.0
surprising,mario,gZGPAuuB,2,Human,1.0,1.0,0.0,1.0,1.0,0.0
surprising,mario,gZGPAuuB,3,Human,1.0,1.0,0.0,1.0,1.0,0.0
surprising,mario,gZGPAuuB,4,Human,1.0,2.0,1.0,1.0,2.0,1.0
surprising,mario,gZGPAuuB,5,Human,1.0,1.0,0.0,1.0,1.0,0.0
surprising,mario,gZGPAuuB,6,Human,1.0,1.0,0.0,1.0,1.0,0.0
surprising,mario,gZGPAuuB,7,Human,1.0,1.0,0.0,1.0,1.0,0.0
surprising,mario,gZGPAuuB,8,Human,1.0,1.0,0.0,1.0,1.0,0.0
surprising,mario,gZGPAuuB,9,Human,1.0,1.0,0.0,1.0,1.0,0.0
surprising,mario,gZGPAuuB,10,Human,2.0,1.0,-1.0,2.0,1.0,-1.0
surprising,mario,gZGPAuuB,11,Human,1.0,1.0,0.0,1.0,1.0,0.0
surprising,mario,gZGPAuuB,12,Human,1.0,1.0,0.0,1.0,1.0,0.0
surprising,mario,gZGPAuuB,13,Human,1.0,1.0,0.0,1.0,1.0,0.0
surprising,mario,gZGPAuuB,14,Human,1.0,1.0,0.0,1.0,1.0,0.0
surprising,mario,gZGPAuuB,15,Human,1.0,1.0,0.0,1.0,1.0,0.0
surprising,mario,gZGPAuuB,16,Human,1.0,1.0,0.0,1.0,1.0,0.0
surprising,mario,gZGPAuuB,17,Human,1.0,1.0,0.0,1.0,1.0,0.0
surprising,mario,gZGPAuuB,18,Human,1.0,1.0,0.0,1.0,1.0,0.0
surprising,mario,gZGPAuuB,19,Human,1.0,2.0,1.0,1.0,2.0,1.0
surprising,mario,gZGPAuuB,20,Human,1.0,1.0,0.0,1.0,1.0,0.0
surprising,mario,gngXYJwH,1,AI,3.0,4.0,1.0,3.0,4.0,1.0
surprising,mario,gngXYJwH,2,AI,1.0,2.0,1.0,1.0,2.0,1.0
surprising,mario,gngXYJwH,3,AI,4.0,2.0,-2.0,4.0,2.0,-2.0
surprising,mario,gngXYJwH,4,AI,3.0,3.0,0.0,3.0,3.0,0.0
surprising,mario,gngXYJwH,5,AI,4.0,2.0,-2.0,4.0,2.0,-2.0
surprising,mario,gngXYJwH,6,AI,3.0,3.0,0.0,3.0,3.0,0.0
surprising,mario,gngXYJwH,7,AI,4.0,3.0,-1.0,4.0,3.0,-1.0
surprising,mario,gngXYJwH,8,AI,3.0,2.0,-1.0,3.0,2.0,-1.0
surprising,mario,gngXYJwH,9,AI,4.0,2.0,-2.0,4.0,2.0,-2.0
surprising,mario,gngXYJwH,10,AI,3.0,4.0,1.0,3.0,4.0,1.0
surprising,mario,gngXYJwH,11,AI,4.0,3.0,-1.0,4.0,3.0,-1.0
surprising,mario,gngXYJwH,12,AI,3.0,2.0,-1.0,3.0,2.0,-1.0
surprising,mario,gngXYJwH,13,AI,2.0,4.0,2.0,2.0,4.0,2.0
surprising,mario,gngXYJwH,14,AI,2.0,4.0,2.0,2.0,4.0,2.0
surprising,mario,gngXYJwH,15,AI,2.0,3.0,1.0,2.0,3.0,1.0
surprising,mario,gngXYJwH,16,AI,2.0,3.0,1.0,2.0,3.0,1.0
surprising,mario,gngXYJwH,17,AI,3.0,2.0,-1.0,3.0,2.0,-1.0
surprising,mario,gngXYJwH,18,AI,2.0,4.0,2.0,2.0,4.0,2.0
surprising,mario,gngXYJwH,19,AI,1.0,2.0,1.0,1.0,2.0,1.0
surprising,mario,gngXYJwH,20,AI,3.0,3.0,0.0,3.0,3.0,0.0
surprising,mario,ktod92pA,1,Human,4.0,5.0,1.0,4.0,5.0,1.0
surprising,mario,ktod92pA,2,Human,1.0,2.0,1.0,1.0,2.0,1.0
surprising,mario,ktod92pA,3,Human,4.0,2.0,-2.0,4.0,2.0,-2.0
surprising,mario,ktod92pA,4,Human,4.0,2.0,-2.0,4.0,2.0,-2.0
surprising,mario,ktod92pA,5,Human,2.0,2.0,0.0,2.0,2.0,0.0
surprising,mario,ktod92pA,6,Human,4.0,2.0,-2.0,4.0,2.0,-2.0
surprising,mario,ktod92pA,7,Human,5.0,2.0,-3.0,5.0,2.0,-3.0
surprising,mario,ktod92pA,8,Human,2.0,4.0,2.0,2.0,4.0,2.0
surprising,mario,ktod92pA,9,Human,4.0,1.0,-3.0,4.0,1.0,-3.0
surprising,mario,ktod92pA,10,Human,4.0,2.0,-2.0,4.0,2.0,-2.0
surprising,mario,ktod92pA,11,Human,2.0,3.0,1.0,2.0,3.0,1.0
surprising,mario,ktod92pA,12,Human,3.0,4.0,1.0,3.0,4.0,1.0
surprising,mario,ktod92pA,13,Human,1.0,1.0,0.0,1.0,1.0,0.0
surprising,mario,ktod92pA,14,Human,4.0,2.0,-2.0,4.0,2.0,-2.0
surprising,mario,ktod92pA,15,Human,2.0,5.0,3.0,2.0,5.0,3.0
surprising,mario,ktod92pA,16,Human,2.0,2.0,0.0,2.0,2.0,0.0
surprising,mario,ktod92pA,17,Human,2.0,2.0,0.0,2.0,2.0,0.0
surprising,mario,ktod92pA,18,Human,1.0,5.0,4.0,1.0,5.0,4.0
surprising,mario,ktod92pA,19,Human,4.0,1.0,-3.0,4.0,1.0,-3.0
surprising,mario,ktod92pA,20,Human,2.0,4.0,2.0,2.0,4.0,2.0
surprising,mario,lY6ELCJ9,1,Human,4.0,2.0,-2.0,4.0,2.0,-2.0
surprising,mario,lY6ELCJ9,2,Human,1.0,2.0,1.0,1.0,2.0,1.0
surprising,mario,lY6ELCJ9,3,Human,2.0,2.0,0.0,2.0,2.0,0.0
surprising,mario,lY6ELCJ9,4,Human,2.0,4.0,2.0,2.0,4.0,2.0
surprising,mario,lY6ELCJ9,5,Human,1.0,2.0,1.0,1.0,2.0,1.0
surprising,mario,lY6ELCJ9,6,Human,1.0,2.0,1.0,1.0,2.0,1.0
surprising,mario,lY6ELCJ9,7,Human,2.0,2.0,0.0,2.0,2.0,0.0
surprising,mario,lY6ELCJ9,8,Human,2.0,1.0,-1.0,2.0,1.0,-1.0
surprising,mario,lY6ELCJ9,9,Human,1.0,2.0,1.0,1.0,2.0,1.0
surprising,mario,lY6ELCJ9,10,Human,2.0,2.0,0.0,2.0,2.0,0.0
surprising,mario,lY6ELCJ9,11,Human,1.0,2.0,1.0,1.0,2.0,1.0
surprising,mario,lY6ELCJ9,12,Human,2.0,2.0,0.0,2.0,2.0,0.0
surprising,mario,lY6ELCJ9,13,Human,2.0,3.0,1.0,2.0,3.0,1.0
surprising,mario,lY6ELCJ9,14,Human,2.0,2.0,0.0,2.0,2.0,0.0
surprising,mario,lY6ELCJ9,15,Human,1.0,1.0,0.0,1.0,1.0,0.0
surprising,mario,lY6ELCJ9,16,Human,1.0,1.0,0.0,1.0,1.0,0.0
surprising,mario,lY6ELCJ9,17,Human,1.0,4.0,3.0,1.0,4.0,3.0
surprising,mario,lY6ELCJ9,18,Human,2.0,2.0,0.0,2.0,2.0,0.0
surprising,mario,lY6ELCJ9,19,Human,2.0,2.0,0.0,2.0,2.0,0.0
surprising,mario,lY6ELCJ9,20,Human,2.0,2.0,0.0,2.0,2.0,0.0
surprising,mario,lgoBPkQB,1,AI,2.0,2.0,0.0,2.0,2.0,0.0
surprising,mario,lgoBPkQB,2,AI,3.0,1.0,-2.0,3.0,1.0,-2.0
surprising,mario,lgoBPkQB,3,AI,1.0,2.0,1.0,1.0,2.0,1.0
surprising,mario,lgoBPkQB,4,AI,1.0,2.0,1.0,1.0,2.0,1.0
surprising,mario,lgoBPkQB,5,AI,2.0,3.0,1.0,2.0,3.0,1.0
surprising,mario,lgoBPkQB,6,AI,1.0,3.0,2.0,1.0,3.0,2.0
surprising,mario,lgoBPkQB,7,AI,1.0,2.0,1.0,1.0,2.0,1.0
surprising,mario,lgoBPkQB,8,AI,2.0,2.0,0.0,2.0,2.0,0.0
surprising,mario,lgoBPkQB,9,AI,1.0,2.0,1.0,1.0,2.0,1.0
surprising,mario,lgoBPkQB,10,AI,1.0,2.0,1.0,1.0,2.0,1.0
surprising,mario,lgoBPkQB,11,AI,3.0,1.0,-2.0,3.0,1.0,-2.0
surprising,mario,lgoBPkQB,12,AI,1.0,2.0,1.0,1.0,2.0,1.0
surprising,mario,lgoBPkQB,13,AI,2.0,3.0,1.0,2.0,3.0,1.0
surprising,mario,lgoBPkQB,14,AI,4.0,4.0,0.0,4.0,4.0,0.0
surprising,mario,lgoBPkQB,15,AI,1.0,2.0,1.0,1.0,2.0,1.0
surprising,mario,lgoBPkQB,16,AI,2.0,3.0,1.0,2.0,3.0,1.0
surprising,mario,lgoBPkQB,17,AI,2.0,2.0,0.0,2.0,2.0,0.0
surprising,mario,lgoBPkQB,18,AI,3.0,2.0,-1.0,3.0,2.0,-1.0
surprising,mario,lgoBPkQB,19,AI,1.0,2.0,1.0,1.0,2.0,1.0
surprising,mario,lgoBPkQB,20,AI,2.0,2.0,0.0,2.0,2.0,0.0
surprising,mario,mmMjssLU,1,AI,2.0,1.0,-1.0,2.0,1.0,-1.0
surprising,mario,mmMjssLU,2,AI,1.0,1.0,0.0,1.0,1.0,0.0
surprising,mario,mmMjssLU,3,AI,1.0,2.0,1.0,1.0,2.0,1.0
surprising,mario,mmMjssLU,4,AI,1.0,1.0,0.0,1.0,1.0,0.0
surprising,mario,mmMjssLU,5,AI,1.0,1.0,0.0,1.0,1.0,0.0
surprising,mario,mmMjssLU,6,AI,5.0,1.0,-4.0,5.0,1.0,-4.0
surprising,mario,mmMjssLU,7,AI,2.0,2.0,0.0,2.0,2.0,0.0
surprising,mario,mmMjssLU,8,AI,4.0,1.0,-3.0,4.0,1.0,-3.0
surprising,mario,mmMjssLU,9,AI,3.0,1.0,-2.0,3.0,1.0,-2.0
surprising,mario,mmMjssLU,10,AI,1.0,1.0,0.0,1.0,1.0,0.0
surprising,mario,mmMjssLU,11,AI,1.0,1.0,0.0,1.0,1.0,0.0
surprising,mario,mmMjssLU,12,AI,2.0,1.0,-1.0,2.0,1.0,-1.0
surprising,mario,mmMjssLU,13,AI,2.0,1.0,-1.0,2.0,1.0,-1.0
surprising,mario,mmMjssLU,14,AI,3.0,1.0,-2.0,3.0,1.0,-2.0
surprising,mario,mmMjssLU,15,AI,2.0,2.0,0.0,2.0,2.0,0.0
surprising,mario,mmMjssLU,16,AI,1.0,1.0,0.0,1.0,1.0,0.0
surprising,mario,mmMjssLU,17,AI,3.0,2.0,-1.0,3.0,2.0,-1.0
surprising,mario,mmMjssLU,18,AI,1.0,3.0,2.0,1.0,3.0,2.0
surprising,mario,mmMjssLU,19,AI,1.0,2.0,1.0,1.0,2.0,1.0
surprising,mario,mmMjssLU,20,AI,1.0,2.0,1.0,1.0,2.0,1.0
surprising,mario,oGL3xUR2,1,Human,4.0,1.0,-3.0,4.0,1.0,-3.0
surprising,mario,oGL3xUR2,2,Human,1.0,3.0,2.0,1.0,3.0,2.0
surprising,mario,oGL3xUR2,3,Human,1.0,1.0,0.0,1.0,1.0,0.0
surprising,mario,oGL3xUR2,4,Human,4.0,1.0,-3.0,4.0,1.0,-3.0
surprising,mario,oGL3xUR2,5,Human,2.0,1.0,-1.0,2.0,1.0,-1.0
surprising,mario,oGL3xUR2,6,Human,1.0,1.0,0.0,1.0,1.0,0.0
surprising,mario,oGL3xUR2,7,Human,1.0,1.0,0.0,1.0,1.0,0.0
surprising,mario,oGL3xUR2,8,Human,3.0,1.0,-2.0,3.0,1.0,-2.0
surprising,mario,oGL3xUR2,9,Human,2.0,1.0,-1.0,2.0,1.0,-1.0
surprising,mario,oGL3xUR2,10,Human,1.0,1.0,0.0,1.0,1.0,0.0
surprising,mario,oGL3xUR2,11,Human,2.0,1.0,-1.0,2.0,1.0,-1.0
surprising,mario,oGL3xUR2,12,Human,2.0,2.0,0.0,2.0,2.0,0.0
surprising,mario,oGL3xUR2,13,Human,4.0,1.0,-3.0,4.0,1.0,-3.0
surprising,mario,oGL3xUR2,14,Human,4.0,1.0,-3.0,4.0,1.0,-3.0
surprising,mario,oGL3xUR2,15,Human,5.0,1.0,-4.0,5.0,1.0,-4.0
surprising,mario,oGL3xUR2,16,Human,1.0,1.0,0.0,1.0,1.0,0.0
surprising,mario,oGL3xUR2,17,Human,1.0,1.0,0.0,1.0,1.0,0.0
surprising,mario,oGL3xUR2,18,Human,1.0,1.0,0.0,1.0,1.0,0.0
surprising,mario,oGL3xUR2,19,Human,1.0,2.0,1.0,1.0,2.0,1.0
surprising,mario,oGL3xUR2,20,Human,2.0,1.0,-1.0,2.0,1.0,-1.0
surprising,mario,pY9KB33X,1,Human,1.0,2.0,1.0,1.0,2.0,1.0
surprising,mario,pY9KB33X,2,Human,1.0,1.0,0.0,1.0,1.0,0.0
surprising,mario,pY9KB33X,3,Human,4.0,2.0,-2.0,4.0,2.0,-2.0
surprising,mario,pY9KB33X,4,Human,2.0,1.0,-1.0,2.0,1.0,-1.0
surprising,mario,pY9KB33X,5,Human,1.0,2.0,1.0,1.0,2.0,1.0
surprising,mario,pY9KB33X,6,Human,2.0,1.0,-1.0,2.0,1.0,-1.0
surprising,mario,pY9KB33X,7,Human,2.0,1.0,-1.0,2.0,1.0,-1.0
surprising,mario,pY9KB33X,8,Human,2.0,1.0,-1.0,2.0,1.0,-1.0
surprising,mario,pY9KB33X,9,Human,2.0,2.0,0.0,2.0,2.0,0.0
surprising,mario,pY9KB33X,10,Human,2.0,2.0,0.0,2.0,2.0,0.0
surprising,mario,pY9KB33X,11,Human,1.0,1.0,0.0,1.0,1.0,0.0
surprising,mario,pY9KB33X,12,Human,1.0,2.0,1.0,1.0,2.0,1.0
surprising,mario,pY9KB33X,13,Human,2.0,1.0,-1.0,2.0,1.0,-1.0
surprising,mario,pY9KB33X,14,Human,2.0,1.0,-1.0,2.0,1.0,-1.0
surprising,mario,pY9KB33X,15,Human,1.0,1.0,0.0,1.0,1.0,0.0
surprising,mario,pY9KB33X,16,Human,1.0,1.0,0.0,1.0,1.0,0.0
surprising,mario,pY9KB33X,17,Human,1.0,1.0,0.0,1.0,1.0,0.0
surprising,mario,pY9KB33X,18,Human,1.0,1.0,0.0,1.0,1.0,0.0
surprising,mario,pY9KB33X,19,Human,1.0,1.0,0.0,1.0,1.0,0.0
surprising,mario,pY9KB33X,20,Human,1.0,1.0,0.0,1.0,1.0,0.0
surprising,mario,tMYRotFs,1,Human,1.0,1.0,0.0,1.0,1.0,0.0
surprising,mario,tMYRotFs,2,Human,1.0,1.0,0.0,1.0,1.0,0.0
surprising,mario,tMYRotFs,3,Human,2.0,2.0,0.0,2.0,2.0,0.0
surprising,mario,tMYRotFs,4,Human,1.0,2.0,1.0,1.0,2.0,1.0
surprising,mario,tMYRotFs,5,Human,1.0,1.0,0.0,1.0,1.0,0.0
surprising,mario,tMYRotFs,6,Human,1.0,2.0,1.0,1.0,2.0,1.0
surprising,mario,tMYRotFs,7,Human,2.0,2.0,0.0,2.0,2.0,0.0
surprising,mario,tMYRotFs,8,Human,1.0,2.0,1.0,1.0,2.0,1.0
surprising,mario,tMYRotFs,9,Human,1.0,1.0,0.0,1.0,1.0,0.0
surprising,mario,tMYRotFs,10,Human,3.0,2.0,-1.0,3.0,2.0,-1.0
surprising,mario,tMYRotFs,11,Human,1.0,1.0,0.0,1.0,1.0,0.0
surprising,mario,tMYRotFs,12,Human,1.0,1.0,0.0,1.0,1.0,0.0
surprising,mario,tMYRotFs,13,Human,1.0,3.0,2.0,1.0,3.0,2.0
surprising,mario,tMYRotFs,14,Human,1.0,2.0,1.0,1.0,2.0,1.0
surprising,mario,tMYRotFs,15,Human,1.0,1.0,0.0,1.0,1.0,0.0
surprising,mario,tMYRotFs,16,Human,1.0,2.0,1.0,1.0,2.0,1.0
surprising,mario,tMYRotFs,17,Human,1.0,1.0,0.0,1.0,1.0,0.0
surprising,mario,tMYRotFs,18,Human,4.0,2.0,-2.0,4.0,2.0,-2.0
surprising,mario,tMYRotFs,19,Human,1.0,2.0,1.0,1.0,2.0,1.0
surprising,mario,tMYRotFs,20,Human,1.0,1.0,0.0,1.0,1.0,0.0
surprising,mario,ueNqeTXa,1,AI,2.0,2.0,0.0,2.0,2.0,0.0
surprising,mario,ueNqeTXa,2,AI,2.0,2.0,0.0,2.0,2.0,0.0
surprising,mario,ueNqeTXa,3,AI,1.0,1.0,0.0,1.0,1.0,0.0
surprising,mario,ueNqeTXa,4,AI,4.0,1.0,-3.0,4.0,1.0,-3.0
surprising,mario,ueNqeTXa,5,AI,1.0,2.0,1.0,1.0,2.0,1.0
surprising,mario,ueNqeTXa,6,AI,3.0,2.0,-1.0,3.0,2.0,-1.0
surprising,mario,ueNqeTXa,7,AI,2.0,2.0,0.0,2.0,2.0,0.0
surprising,mario,ueNqeTXa,8,AI,5.0,4.0,-1.0,5.0,4.0,-1.0
surprising,mario,ueNqeTXa,9,AI,1.0,1.0,0.0,1.0,1.0,0.0
surprising,mario,ueNqeTXa,10,AI,1.0,2.0,1.0,1.0,2.0,1.0
surprising,mario,ueNqeTXa,11,AI,2.0,3.0,1.0,2.0,3.0,1.0
surprising,mario,ueNqeTXa,12,AI,3.0,2.0,-1.0,3.0,2.0,-1.0
surprising,mario,ueNqeTXa,13,AI,2.0,2.0,0.0,2.0,2.0,0.0
surprising,mario,ueNqeTXa,14,AI,2.0,2.0,0.0,2.0,2.0,0.0
surprising,mario,ueNqeTXa,15,AI,2.0,1.0,-1.0,2.0,1.0,-1.0
surprising,mario,ueNqeTXa,16,AI,4.0,1.0,-3.0,4.0,1.0,-3.0
surprising,mario,ueNqeTXa,17,AI,2.0,3.0,1.0,2.0,3.0,1.0
surprising,mario,ueNqeTXa,18,AI,2.0,2.0,0.0,2.0,2.0,0.0
surprising,mario,ueNqeTXa,19,AI,2.0,1.0,-1.0,2.0,1.0,-1.0
surprising,mario,ueNqeTXa,20,AI,1.0,4.0,3.0,1.0,4.0,3.0
surprising,mario,vHybWiYq,1,AI,2.0,3.0,1.0,2.0,3.0,1.0
surprising,mario,vHybWiYq,2,AI,2.0,2.0,0.0,2.0,2.0,0.0
surprising,mario,vHybWiYq,3,AI,4.0,2.0,-2.0,4.0,2.0,-2.0
surprising,mario,vHybWiYq,4,AI,1.0,1.0,0.0,1.0,1.0,0.0
surprising,mario,vHybWiYq,5,AI,5.0,1.0,-4.0,5.0,1.0,-4.0
surprising,mario,vHybWiYq,6,AI,4.0,1.0,-3.0,4.0,1.0,-3.0
surprising,mario,vHybWiYq,7,AI,1.0,4.0,3.0,1.0,4.0,3.0
surprising,mario,vHybWiYq,8,AI,3.0,1.0,-2.0,3.0,1.0,-2.0
surprising,mario,vHybWiYq,9,AI,1.0,1.0,0.0,1.0,1.0,0.0
surprising,mario,vHybWiYq,10,AI,4.0,1.0,-3.0,4.0,1.0,-3.0
surprising,mario,vHybWiYq,11,AI,2.0,1.0,-1.0,2.0,1.0,-1.0
surprising,mario,vHybWiYq,12,AI,2.0,2.0,0.0,2.0,2.0,0.0
surprising,mario,vHybWiYq,13,AI,2.0,2.0,0.0,2.0,2.0,0.0
surprising,mario,vHybWiYq,14,AI,2.0,2.0,0.0,2.0,2.0,0.0
surprising,mario,vHybWiYq,15,AI,1.0,4.0,3.0,1.0,4.0,3.0
surprising,mario,vHybWiYq,16,AI,1.0,2.0,1.0,1.0,2.0,1.0
surprising,mario,vHybWiYq,17,AI,2.0,1.0,-1.0,2.0,1.0,-1.0
surprising,mario,vHybWiYq,18,AI,5.0,1.0,-4.0,5.0,1.0,-4.0
surprising,mario,vHybWiYq,19,AI,1.0,3.0,2.0,1.0,3.0,2.0
surprising,mario,vHybWiYq,20,AI,4.0,2.0,-2.0,4.0,2.0,-2.0
surprising,mario,x3V9NLQt,1,Human,1.0,1.0,0.0,1.0,1.0,0.0
surprising,mario,x3V9NLQt,2,Human,1.0,1.0,0.0,1.0,1.0,0.0
surprising,mario,x3V9NLQt,3,Human,1.0,1.0,0.0,1.0,1.0,0.0
surprising,mario,x3V9NLQt,4,Human,1.0,1.0,0.0,1.0,1.0,0.0
surprising,mario,x3V9NLQt,5,Human,1.0,1.0,0.0,1.0,1.0,0.0
surprising,mario,x3V9NLQt,6,Human,1.0,1.0,0.0,1.0,1.0,0.0
surprising,mario,x3V9NLQt,7,Human,1.0,1.0,0.0,1.0,1.0,0.0
surprising,mario,x3V9NLQt,8,Human,1.0,2.0,1.0,1.0,2.0,1.0
surprising,mario,x3V9NLQt,9,Human,1.0,1.0,0.0,1.0,1.0,0.0
surprising,mario,x3V9NLQt,10,Human,1.0,1.0,0.0,1.0,1.0,0.0
surprising,mario,x3V9NLQt,11,Human,1.0,1.0,0.0,1.0,1.0,0.0
surprising,mario,x3V9NLQt,12,Human,1.0,1.0,0.0,1.0,1.0,0.0
surprising,mario,x3V9NLQt,13,Human,1.0,1.0,0.0,1.0,1.0,0.0
surprising,mario,x3V9NLQt,14,Human,1.0,1.0,0.0,1.0,1.0,0.0
surprising,mario,x3V9NLQt,15,Human,1.0,1.0,0.0,1.0,1.0,0.0
surprising,mario,x3V9NLQt,16,Human,1.0,1.0,0.0,1.0,1.0,0.0
surprising,mario,x3V9NLQt,17,Human,1.0,1.0,0.0,1.0,1.0,0.0
surprising,mario,x3V9NLQt,18,Human,1.0,1.0,0.0,1.0,1.0,0.0
surprising,mario,x3V9NLQt,19,Human,1.0,1.0,0.0,1.0,1.0,0.0
surprising,mario,x3V9NLQt,20,Human,1.0,1.0,0.0,1.0,1.0,0.0
surprising,mario,xYnV8Xi7,1,AI,4.0,1.0,-3.0,4.0,1.0,-3.0
surprising,mario,xYnV8Xi7,2,AI,1.0,1.0,0.0,1.0,1.0,0.0
surprising,mario,xYnV8Xi7,3,AI,3.0,4.0,1.0,3.0,4.0,1.0
surprising,mario,xYnV8Xi7,4,AI,1.0,1.0,0.0,1.0,1.0,0.0
surprising,mario,xYnV8Xi7,5,AI,2.0,2.0,0.0,2.0,2.0,0.0
surprising,mario,xYnV8Xi7,6,AI,1.0,1.0,0.0,1.0,1.0,0.0
surprising,mario,xYnV8Xi7,7,AI,2.0,1.0,-1.0,2.0,1.0,-1.0
surprising,mario,xYnV8Xi7,8,AI,2.0,1.0,-1.0,2.0,1.0,-1.0
surprising,mario,xYnV8Xi7,9,AI,1.0,2.0,1.0,1.0,2.0,1.0
surprising,mario,xYnV8Xi7,10,AI,2.0,1.0,-1.0,2.0,1.0,-1.0
surprising,mario,xYnV8Xi7,11,AI,2.0,1.0,-1.0,2.0,1.0,-1.0
surprising,mario,xYnV8Xi7,12,AI,1.0,1.0,0.0,1.0,1.0,0.0
surprising,mario,xYnV8Xi7,13,AI,2.0,2.0,0.0,2.0,2.0,0.0
surprising,mario,xYnV8Xi7,14,AI,2.0,2.0,0.0,2.0,2.0,0.0
surprising,mario,xYnV8Xi7,15,AI,2.0,1.0,-1.0,2.0,1.0,-1.0
surprising,mario,xYnV8Xi7,16,AI,1.0,1.0,0.0,1.0,1.0,0.0
surprising,mario,xYnV8Xi7,17,AI,1.0,4.0,3.0,1.0,4.0,3.0
surprising,mario,xYnV8Xi7,18,AI,3.0,1.0,-2.0,3.0,1.0,-2.0
surprising,mario,xYnV8Xi7,19,AI,1.0,2.0,1.0,1.0,2.0,1.0
surprising,mario,xYnV8Xi7,20,AI,1.0,1.0,0.0,1.0,1.0,0.0
surprising,mario,yAXhWaGh,1,Human,4.0,2.0,-2.0,4.0,2.0,-2.0
surprising,mario,yAXhWaGh,2,Human,1.0,2.0,1.0,1.0,2.0,1.0
surprising,mario,yAXhWaGh,3,Human,4.0,2.0,-2.0,4.0,2.0,-2.0
surprising,mario,yAXhWaGh,4,Human,1.0,2.0,1.0,1.0,2.0,1.0
surprising,mario,yAXhWaGh,5,Human,4.0,4.0,0.0,4.0,4.0,0.0
surprising,mario,yAXhWaGh,6,Human,3.0,2.0,-1.0,3.0,2.0,-1.0
surprising,mario,yAXhWaGh,7,Human,2.0,2.0,0.0,2.0,2.0,0.0
surprising,mario,yAXhWaGh,8,Human,2.0,2.0,0.0,2.0,2.0,0.0
surprising,mario,yAXhWaGh,9,Human,1.0,3.0,2.0,1.0,3.0,2.0
surprising,mario,yAXhWaGh,10,Human,2.0,2.0,0.0,2.0,2.0,0.0
surprising,mario,yAXhWaGh,11,Human,2.0,1.0,-1.0,2.0,1.0,-1.0
surprising,mario,yAXhWaGh,12,Human,2.0,2.0,0.0,2.0,2.0,0.0
surprising,mario,yAXhWaGh,13,Human,2.0,2.0,0.0,2.0,2.0,0.0
surprising,mario,yAXhWaGh,14,Human,1.0,1.0,0.0,1.0,1.0,0.0
surprising,mario,yAXhWaGh,15,Human,2.0,3.0,1.0,2.0,3.0,1.0
surprising,mario,yAXhWaGh,16,Human,3.0,2.0,-1.0,3.0,2.0,-1.0
surprising,mario,yAXhWaGh,17,Human,4.0,4.0,0.0,4.0,4.0,0.0
surprising,mario,yAXhWaGh,18,Human,2.0,2.0,0.0,2.0,2.0,0.0
surprising,mario,yAXhWaGh,19,Human,2.0,2.0,0.0,2.0,2.0,0.0
surprising,mario,yAXhWaGh,20,Human,4.0,4.0,0.0,4.0,4.0,0.0
surprising,sokoban,2v2qgbvC,1,Human,1.0,1.0,0.0,1.0,1.0,0.0
surprising,sokoban,2v2qgbvC,2,Human,1.0,1.0,0.0,1.0,1.0,0.0
surprising,sokoban,2v2qgbvC,3,Human,1.0,1.0,0.0,1.0,1.0,0.0
surprising,sokoban,2v2qgbvC,4,Human,1.0,1.0,0.0,1.0,1.0,0.0
surprising,sokoban,2v2qgbvC,5,Human,1.0,1.0,0.0,1.0,1.0,0.0
surprising,sokoban,2v2qgbvC,6,Human,1.0,1.0,0.0,1.0,1.0,0.0
surprising,sokoban,2v2qgbvC,7,Human,1.0,1.0,0.0,1.0,1.0,0.0
surprising,sokoban,2v2qgbvC,8,Human,1.0,1.0,0.0,1.0,1.0,0.0
surprising,sokoban,2v2qgbvC,9,Human,1.0,1.0,0.0,1.0,1.0,0.0
surprising,sokoban,2v2qgbvC,10,Human,1.0,1.0,0.0,1.0,1.0,0.0
surprising,sokoban,2v2qgbvC,11,Human,1.0,1.0,0.0,1.0,1.0,0.0
surprising,sokoban,2v2qgbvC,12,Human,1.0,1.0,0.0,1.0,1.0,0.0
surprising,sokoban,2v2qgbvC,13,Human,1.0,1.0,0.0,1.0,1.0,0.0
surprising,sokoban,2v2qgbvC,14,Human,1.0,1.0,0.0,1.0,1.0,0.0
surprising,sokoban,2v2qgbvC,15,Human,1.0,1.0,0.0,1.0,1.0,0.0
surprising,sokoban,2v2qgbvC,16,Human,1.0,1.0,0.0,1.0,1.0,0.0
surprising,sokoban,2v2qgbvC,17,Human,1.0,1.0,0.0,1.0,1.0,0.0
surprising,sokoban,2v2qgbvC,18,Human,1.0,1.0,0.0,1.0,1.0,0.0
surprising,sokoban,2v2qgbvC,19,Human,1.0,1.0,0.0,1.0,1.0,0.0
surprising,sokoban,2v2qgbvC,20,Human,1.0,1.0,0.0,1.0,1.0,0.0
surprising,sokoban,3xtQxBWH,1,Human,1.0,1.0,0.0,1.0,1.0,0.0
surprising,sokoban,3xtQxBWH,2,Human,2.0,1.0,-1.0,2.0,1.0,-1.0
surprising,sokoban,3xtQxBWH,3,Human,1.0,1.0,0.0,1.0,1.0,0.0
surprising,sokoban,3xtQxBWH,4,Human,1.0,1.0,0.0,1.0,1.0,0.0
surprising,sokoban,3xtQxBWH,5,Human,2.0,1.0,-1.0,2.0,1.0,-1.0
surprising,sokoban,3xtQxBWH,6,Human,1.0,1.0,0.0,1.0,1.0,0.0
surprising,sokoban,3xtQxBWH,7,Human,2.0,1.0,-1.0,2.0,1.0,-1.0
surprising,sokoban,3xtQxBWH,8,Human,2.0,1.0,-1.0,2.0,1.0,-1.0
surprising,sokoban,3xtQxBWH,9,Human,4.0,1.0,-3.0,4.0,1.0,-3.0
surprising,sokoban,3xtQxBWH,10,Human,1.0,1.0,0.0,1.0,1.0,0.0
surprising,sokoban,3xtQxBWH,11,Human,2.0,1.0,-1.0,2.0,1.0,-1.0
surprising,sokoban,3xtQxBWH,12,Human,2.0,1.0,-1.0,2.0,1.0,-1.0
surprising,sokoban,3xtQxBWH,13,Human,2.0,1.0,-1.0,2.0,1.0,-1.0
surprising,sokoban,3xtQxBWH,14,Human,2.0,2.0,0.0,2.0,2.0,0.0
surprising,sokoban,3xtQxBWH,15,Human,2.0,1.0,-1.0,2.0,1.0,-1.0
surprising,sokoban,3xtQxBWH,16,Human,2.0,1.0,-1.0,2.0,1.0,-1.0
surprising,sokoban,3xtQxBWH,17,Human,1.0,2.0,1.0,1.0,2.0,1.0
surprising,sokoban,3xtQxBWH,18,Human,1.0,1.0,0.0,1.0,1.0,0.0
surprising,sokoban,3xtQxBWH,19,Human,2.0,2.0,0.0,2.0,2.0,0.0
surprising,sokoban,3xtQxBWH,20,Human,2.0,1.0,-1.0,2.0,1.0,-1.0
surprising,sokoban,5Au4nrI2,1,Human,2.0,1.0,-1.0,2.0,1.0,-1.0
surprising,sokoban,5Au4nrI2,2,Human,1.0,2.0,1.0,1.0,2.0,1.0
surprising,sokoban,5Au4nrI2,3,Human,1.0,1.0,0.0,1.0,1.0,0.0
surprising,sokoban,5Au4nrI2,4,Human,1.0,1.0,0.0,1.0,1.0,0.0
surprising,sokoban,5Au4nrI2,5,Human,1.0,1.0,0.0,1.0,1.0,0.0
surprising,sokoban,5Au4nrI2,6,Human,1.0,1.0,0.0,1.0,1.0,0.0
surprising,sokoban,5Au4nrI2,7,Human,1.0,1.0,0.0,1.0,1.0,0.0
surprising,sokoban,5Au4nrI2,8,Human,1.0,1.0,0.0,1.0,1.0,0.0
surprising,sokoban,5Au4nrI2,9,Human,1.0,1.0,0.0,1.0,1.0,0.0
surprising,sokoban,5Au4nrI2,10,Human,1.0,1.0,0.0,1.0,1.0,0.0
surprising,sokoban,5Au4nrI2,11,Human,1.0,1.0,0.0,1.0,1.0,0.0
surprising,sokoban,5Au4nrI2,12,Human,1.0,1.0,0.0,1.0,1.0,0.0
surprising,sokoban,5Au4nrI2,13,Human,1.0,1.0,0.0,1.0,1.0,0.0
surprising,sokoban,5Au4nrI2,14,Human,1.0,1.0,0.0,1.0,1.0,0.0
surprising,sokoban,5Au4nrI2,15,Human,1.0,1.0,0.0,1.0,1.0,0.0
surprising,sokoban,5Au4nrI2,16,Human,1.0,1.0,0.0,1.0,1.0,0.0
surprising,sokoban,5Au4nrI2,17,Human,2.0,1.0,-1.0,2.0,1.0,-1.0
surprising,sokoban,5Au4nrI2,18,Human,1.0,1.0,0.0,1.0,1.0,0.0
surprising,sokoban,5Au4nrI2,19,Human,1.0,1.0,0.0,1.0,1.0,0.0
surprising,sokoban,5Au4nrI2,20,Human,1.0,1.0,0.0,1.0,1.0,0.0
surprising,sokoban,5iXJGqnK,1,AI,1.0,1.0,0.0,1.0,1.0,0.0
surprising,sokoban,5iXJGqnK,2,AI,2.0,1.0,-1.0,2.0,1.0,-1.0
surprising,sokoban,5iXJGqnK,3,AI,1.0,1.0,0.0,1.0,1.0,0.0
surprising,sokoban,5iXJGqnK,4,AI,1.0,2.0,1.0,1.0,2.0,1.0
surprising,sokoban,5iXJGqnK,5,AI,2.0,1.0,-1.0,2.0,1.0,-1.0
surprising,sokoban,5iXJGqnK,6,AI,1.0,1.0,0.0,1.0,1.0,0.0
surprising,sokoban,5iXJGqnK,7,AI,2.0,1.0,-1.0,2.0,1.0,-1.0
surprising,sokoban,5iXJGqnK,8,AI,1.0,1.0,0.0,1.0,1.0,0.0
surprising,sokoban,5iXJGqnK,9,AI,2.0,1.0,-1.0,2.0,1.0,-1.0
surprising,sokoban,5iXJGqnK,10,AI,1.0,2.0,1.0,1.0,2.0,1.0
surprising,sokoban,5iXJGqnK,11,AI,2.0,2.0,0.0,2.0,2.0,0.0
surprising,sokoban,5iXJGqnK,12,AI,1.0,1.0,0.0,1.0,1.0,0.0
surprising,sokoban,5iXJGqnK,13,AI,1.0,1.0,0.0,1.0,1.0,0.0
surprising,sokoban,5iXJGqnK,14,AI,1.0,1.0,0.0,1.0,1.0,0.0
surprising,sokoban,5iXJGqnK,15,AI,2.0,1.0,-1.0,2.0,1.0,-1.0
surprising,sokoban,5iXJGqnK,16,AI,2.0,1.0,-1.0,2.0,1.0,-1.0
surprising,sokoban,5iXJGqnK,17,AI,2.0,1.0,-1.0,2.0,1.0,-1.0
surprising,sokoban,5iXJGqnK,18,AI,1.0,2.0,1.0,1.0,2.0,1.0
surprising,sokoban,5iXJGqnK,19,AI,1.0,2.0,1.0,1.0,2.0,1.0
surprising,sokoban,5iXJGqnK,20,AI,1.0,1.0,0.0,1.0,1.0,0.0
surprising,sokoban,73sJaNBn,1,Human,1.0,1.0,0.0,1.0,1.0,0.0
surprising,sokoban,73sJaNBn,2,Human,1.0,1.0,0.0,1.0,1.0,0.0
surprising,sokoban,73sJaNBn,3,Human,1.0,1.0,0.0,1.0,1.0,0.0
surprising,sokoban,73sJaNBn,4,Human,1.0,1.0,0.0,1.0,1.0,0.0
surprising,sokoban,73sJaNBn,5,Human,1.0,1.0,0.0,1.0,1.0,0.0
surprising,sokoban,73sJaNBn,6,Human,1.0,1.0,0.0,1.0,1.0,0.0
surprising,sokoban,73sJaNBn,7,Human,1.0,2.0,1.0,1.0,2.0,1.0
surprising,sokoban,73sJaNBn,8,Human,1.0,1.0,0.0,1.0,1.0,0.0
surprising,sokoban,73sJaNBn,9,Human,1.0,1.0,0.0,1.0,1.0,0.0
surprising,sokoban,73sJaNBn,10,Human,1.0,1.0,0.0,1.0,1.0,0.0
surprising,sokoban,73sJaNBn,11,Human,2.0,1.0,-1.0,2.0,1.0,-1.0
surprising,sokoban,73sJaNBn,12,Human,2.0,1.0,-1.0,2.0,1.0,-1.0
surprising,sokoban,73sJaNBn,13,Human,1.0,1.0,0.0,1.0,1.0,0.0
surprising,sokoban,73sJaNBn,14,Human,2.0,1.0,-1.0,2.0,1.0,-1.0
surprising,sokoban,73sJaNBn,15,Human,1.0,1.0,0.0,1.0,1.0,0.0
surprising,sokoban,73sJaNBn,16,Human,1.0,1.0,0.0,1.0,1.0,0.0
surprising,sokoban,73sJaNBn,17,Human,1.0,1.0,0.0,1.0,1.0,0.0
surprising,sokoban,73sJaNBn,18,Human,1.0,1.0,0.0,1.0,1.0,0.0
surprising,sokoban,73sJaNBn,19,Human,1.0,1.0,0.0,1.0,1.0,0.0
surprising,sokoban,73sJaNBn,20,Human,5.0,1.0,-4.0,5.0,1.0,-4.0
surprising,sokoban,79DSy6TF,1,AI,1.0,1.0,0.0,1.0,1.0,0.0
surprising,sokoban,79DSy6TF,2,AI,1.0,1.0,0.0,1.0,1.0,0.0
surprising,sokoban,79DSy6TF,3,AI,1.0,1.0,0.0,1.0,1.0,0.0
surprising,sokoban,79DSy6TF,4,AI,1.0,1.0,0.0,1.0,1.0,0.0
surprising,sokoban,79DSy6TF,5,AI,1.0,1.0,0.0,1.0,1.0,0.0
surprising,sokoban,79DSy6TF,6,AI,1.0,1.0,0.0,1.0,1.0,0.0
surprising,sokoban,79DSy6TF,7,AI,1.0,1.0,0.0,1.0,1.0,0.0
surprising,sokoban,79DSy6TF,8,AI,1.0,1.0,0.0,1.0,1.0,0.0
surprising,sokoban,79DSy6TF,9,AI,2.0,2.0,0.0,2.0,2.0,0.0
surprising,sokoban,79DSy6TF,10,AI,1.0,1.0,0.0,1.0,1.0,0.0
surprising,sokoban,79DSy6TF,11,AI,1.0,1.0,0.0,1.0,1.0,0.0
surprising,sokoban,79DSy6TF,12,AI,1.0,1.0,0.0,1.0,1.0,0.0
surprising,sokoban,79DSy6TF,13,AI,1.0,1.0,0.0,1.0,1.0,0.0
surprising,sokoban,79DSy6TF,14,AI,1.0,1.0,0.0,1.0,1.0,0.0
surprising,sokoban,79DSy6TF,15,AI,1.0,1.0,0.0,1.0,1.0,0.0
surprising,sokoban,79DSy6TF,16,AI,3.0,1.0,-2.0,3.0,1.0,-2.0
surprising,sokoban,79DSy6TF,17,AI,1.0,1.0,0.0,1.0,1.0,0.0
surprising,sokoban,79DSy6TF,18,AI,1.0,1.0,0.0,1.0,1.0,0.0
surprising,sokoban,79DSy6TF,19,AI,1.0,1.0,0.0,1.0,1.0,0.0
surprising,sokoban,79DSy6TF,20,AI,1.0,1.0,0.0,1.0,1.0,0.0
surprising,sokoban,7V2mu5KA,1,Human,1.0,1.0,0.0,1.0,1.0,0.0
surprising,sokoban,7V2mu5KA,2,Human,1.0,1.0,0.0,1.0,1.0,0.0
surprising,sokoban,7V2mu5KA,3,Human,2.0,1.0,-1.0,2.0,1.0,-1.0
surprising,sokoban,7V2mu5KA,4,Human,2.0,1.0,-1.0,2.0,1.0,-1.0
surprising,sokoban,7V2mu5KA,5,Human,1.0,1.0,0.0,1.0,1.0,0.0
surprising,sokoban,7V2mu5KA,6,Human,1.0,1.0,0.0,1.0,1.0,0.0
surprising,sokoban,7V2mu5KA,7,Human,1.0,1.0,0.0,1.0,1.0,0.0
surprising,sokoban,7V2mu5KA,8,Human,2.0,1.0,-1.0,2.0,1.0,-1.0
surprising,sokoban,7V2mu5KA,9,Human,1.0,1.0,0.0,1.0,1.0,0.0
surprising,sokoban,7V2mu5KA,10,Human,2.0,1.0,-1.0,2.0,1.0,-1.0
surprising,sokoban,7V2mu5KA,11,Human,1.0,1.0,0.0,1.0,1.0,0.0
surprising,sokoban,7V2mu5KA,12,Human,2.0,1.0,-1.0,2.0,1.0,-1.0
surprising,sokoban,7V2mu5KA,13,Human,1.0,1.0,0.0,1.0,1.0,0.0
surprising,sokoban,7V2mu5KA,14,Human,2.0,1.0,-1.0,2.0,1.0,-1.0
surprising,sokoban,7V2mu5KA,15,Human,2.0,1.0,-1.0,2.0,1.0,-1.0
surprising,sokoban,7V2mu5KA,16,Human,1.0,1.0,0.0,1.0,1.0,0.0
surprising,sokoban,7V2mu5KA,17,Human,1.0,1.0,0.0,1.0,1.0,0.0
surprising,sokoban,7V2mu5KA,18,Human,1.0,1.0,0.0,1.0,1.0,0.0
surprising,sokoban,7V2mu5KA,19,Human,2.0,2.0,0.0,2.0,2.0,0.0
surprising,sokoban,7V2mu5KA,20,Human,2.0,1.0,-1.0,2.0,1.0,-1.0
surprising,sokoban,8Ua6YU1D,1,Human,1.0,1.0,0.0,1.0,1.0,0.0
surprising,sokoban,8Ua6YU1D,2,Human,1.0,1.0,0.0,1.0,1.0,0.0
surprising,sokoban,8Ua6YU1D,3,Human,4.0,1.0,-3.0,4.0,1.0,-3.0
surprising,sokoban,8Ua6YU1D,4,Human,1.0,1.0,0.0,1.0,1.0,0.0
surprising,sokoban,8Ua6YU1D,5,Human,1.0,1.0,0.0,1.0,1.0,0.0
surprising,sokoban,8Ua6YU1D,6,Human,1.0,1.0,0.0,1.0,1.0,0.0
surprising,sokoban,8Ua6YU1D,7,Human,1.0,1.0,0.0,1.0,1.0,0.0
surprising,sokoban,8Ua6YU1D,8,Human,1.0,1.0,0.0,1.0,1.0,0.0
surprising,sokoban,8Ua6YU1D,9,Human,4.0,1.0,-3.0,4.0,1.0,-3.0
surprising,sokoban,8Ua6YU1D,10,Human,1.0,1.0,0.0,1.0,1.0,0.0
surprising,sokoban,8Ua6YU1D,11,Human,2.0,1.0,-1.0,2.0,1.0,-1.0
surprising,sokoban,8Ua6YU1D,12,Human,1.0,1.0,0.0,1.0,1.0,0.0
surprising,sokoban,8Ua6YU1D,13,Human,1.0,1.0,0.0,1.0,1.0,0.0
surprising,sokoban,8Ua6YU1D,14,Human,2.0,2.0,0.0,2.0,2.0,0.0
surprising,sokoban,8Ua6YU1D,15,Human,1.0,1.0,0.0,1.0,1.0,0.0
surprising,sokoban,8Ua6YU1D,16,Human,1.0,1.0,0.0,1.0,1.0,0.0
surprising,sokoban,8Ua6YU1D,17,Human,1.0,1.0,0.0,1.0,1.0,0.0
surprising,sokoban,8Ua6YU1D,18,Human,1.0,1.0,0.0,1.0,1.0,0.0
surprising,sokoban,8Ua6YU1D,19,Human,1.0,1.0,0.0,1.0,1.0,0.0
surprising,sokoban,8Ua6YU1D,20,Human,1.0,1.0,0.0,1.0,1.0,0.0
surprising,sokoban,H77pn4iQ,1,AI,1.0,1.0,0.0,1.0,1.0,0.0
surprising,sokoban,H77pn4iQ,2,AI,2.0,1.0,-1.0,2.0,1.0,-1.0
surprising,sokoban,H77pn4iQ,3,AI,2.0,1.0,-1.0,2.0,1.0,-1.0
surprising,sokoban,H77pn4iQ,4,AI,2.0,1.0,-1.0,2.0,1.0,-1.0
surprising,sokoban,H77pn4iQ,5,AI,1.0,1.0,0.0,1.0,1.0,0.0
surprising,sokoban,H77pn4iQ,6,AI,1.0,3.0,2.0,1.0,3.0,2.0
surprising,sokoban,H77pn4iQ,7,AI,2.0,1.0,-1.0,2.0,1.0,-1.0
surprising,sokoban,H77pn4iQ,8,AI,3.0,2.0,-1.0,3.0,2.0,-1.0
surprising,sokoban,H77pn4iQ,9,AI,2.0,1.0,-1.0,2.0,1.0,-1.0
surprising,sokoban,H77pn4iQ,10,AI,2.0,1.0,-1.0,2.0,1.0,-1.0
surprising,sokoban,H77pn4iQ,11,AI,2.0,1.0,-1.0,2.0,1.0,-1.0
surprising,sokoban,H77pn4iQ,12,AI,1.0,2.0,1.0,1.0,2.0,1.0
surprising,sokoban,H77pn4iQ,13,AI,1.0,2.0,1.0,1.0,2.0,1.0
surprising,sokoban,H77pn4iQ,14,AI,2.0,1.0,-1.0,2.0,1.0,-1.0
surprising,sokoban,H77pn4iQ,15,AI,2.0,2.0,0.0,2.0,2.0,0.0
surprising,sokoban,H77pn4iQ,16,AI,2.0,1.0,-1.0,2.0,1.0,-1.0
surprising,sokoban,H77pn4iQ,17,AI,1.0,2.0,1.0,1.0,2.0,1.0
surprising,sokoban,H77pn4iQ,18,AI,2.0,1.0,-1.0,2.0,1.0,-1.0
surprising,sokoban,H77pn4iQ,19,AI,2.0,2.0,0.0,2.0,2.0,0.0
surprising,sokoban,H77pn4iQ,20,AI,2.0,1.0,-1.0,2.0,1.0,-1.0
surprising,sokoban,HjLVlKx4,1,Human,1.0,1.0,0.0,1.0,1.0,0.0
surprising,sokoban,HjLVlKx4,2,Human,1.0,1.0,0.0,1.0,1.0,0.0
surprising,sokoban,HjLVlKx4,3,Human,1.0,1.0,0.0,1.0,1.0,0.0
surprising,sokoban,HjLVlKx4,4,Human,1.0,1.0,0.0,1.0,1.0,0.0
surprising,sokoban,HjLVlKx4,5,Human,1.0,1.0,0.0,1.0,1.0,0.0
surprising,sokoban,HjLVlKx4,6,Human,1.0,1.0,0.0,1.0,1.0,0.0
surprising,sokoban,HjLVlKx4,7,Human,1.0,1.0,0.0,1.0,1.0,0.0
surprising,sokoban,HjLVlKx4,8,Human,2.0,1.0,-1.0,2.0,1.0,-1.0
surprising,sokoban,HjLVlKx4,9,Human,1.0,1.0,0.0,1.0,1.0,0.0
surprising,sokoban,HjLVlKx4,10,Human,1.0,1.0,0.0,1.0,1.0,0.0
surprising,sokoban,HjLVlKx4,11,Human,1.0,1.0,0.0,1.0,1.0,0.0
surprising,sokoban,HjLVlKx4,12,Human,1.0,1.0,0.0,1.0,1.0,0.0
surprising,sokoban,HjLVlKx4,13,Human,1.0,1.0,0.0,1.0,1.0,0.0
surprising,sokoban,HjLVlKx4,14,Human,1.0,1.0,0.0,1.0,1.0,0.0
surprising,sokoban,HjLVlKx4,15,Human,2.0,1.0,-1.0,2.0,1.0,-1.0
surprising,sokoban,HjLVlKx4,16,Human,2.0,1.0,-1.0,2.0,1.0,-1.0
surprising,sokoban,HjLVlKx4,17,Human,1.0,1.0,0.0,1.0,1.0,0.0
surprising,sokoban,HjLVlKx4,18,Human,1.0,1.0,0.0,1.0,1.0,0.0
surprising,sokoban,HjLVlKx4,19,Human,1.0,1.0,0.0,1.0,1.0,0.0
surprising,sokoban,HjLVlKx4,20,Human,1.0,1.0,0.0,1.0,1.0,0.0
surprising,sokoban,Iz5BqRyu,1,AI,1.0,1.0,0.0,1.0,1.0,0.0
surprising,sokoban,Iz5BqRyu,2,AI,2.0,1.0,-1.0,2.0,1.0,-1.0
surprising,sokoban,Iz5BqRyu,3,AI,1.0,1.0,0.0,1.0,1.0,0.0
surprising,sokoban,Iz5BqRyu,4,AI,1.0,1.0,0.0,1.0,1.0,0.0
surprising,sokoban,Iz5BqRyu,5,AI,2.0,1.0,-1.0,2.0,1.0,-1.0
surprising,sokoban,Iz5BqRyu,6,AI,2.0,2.0,0.0,2.0,2.0,0.0
surprising,sokoban,Iz5BqRyu,7,AI,1.0,1.0,0.0,1.0,1.0,0.0
surprising,sokoban,Iz5BqRyu,8,AI,1.0,2.0,1.0,1.0,2.0,1.0
surprising,sokoban,Iz5BqRyu,9,AI,1.0,1.0,0.0,1.0,1.0,0.0
surprising,sokoban,Iz5BqRyu,10,AI,1.0,1.0,0.0,1.0,1.0,0.0
surprising,sokoban,Iz5BqRyu,11,AI,1.0,1.0,0.0,1.0,1.0,0.0
surprising,sokoban,Iz5BqRyu,12,AI,3.0,1.0,-2.0,3.0,1.0,-2.0
surprising,sokoban,Iz5BqRyu,13,AI,1.0,1.0,0.0,1.0,1.0,0.0
surprising,sokoban,Iz5BqRyu,14,AI,1.0,1.0,0.0,1.0,1.0,0.0
surprising,sokoban,Iz5BqRyu,15,AI,2.0,1.0,-1.0,2.0,1.0,-1.0
surprising,sokoban,Iz5BqRyu,16,AI,2.0,1.0,-1.0,2.0,1.0,-1.0
surprising,sokoban,Iz5BqRyu,17,AI,2.0,1.0,-1.0,2.0,1.0,-1.0
surprising,sokoban,Iz5BqRyu,18,AI,1.0,1.0,0.0,1.0,1.0,0.0
surprising,sokoban,Iz5BqRyu,19,AI,1.0,1.0,0.0,1.0,1.0,0.0
surprising,sokoban,Iz5BqRyu,20,AI,2.0,1.0,-1.0,2.0,1.0,-1.0
surprising,sokoban,LUiVjpMm,1,AI,4.0,1.0,-3.0,4.0,1.0,-3.0
surprising,sokoban,LUiVjpMm,2,AI,1.0,1.0,0.0,1.0,1.0,0.0
surprising,sokoban,LUiVjpMm,3,AI,1.0,1.0,0.0,1.0,1.0,0.0
surprising,sokoban,LUiVjpMm,4,AI,1.0,1.0,0.0,1.0,1.0,0.0
surprising,sokoban,LUiVjpMm,5,AI,1.0,1.0,0.0,1.0,1.0,0.0
surprising,sokoban,LUiVjpMm,6,AI,1.0,1.0,0.0,1.0,1.0,0.0
surprising,sokoban,LUiVjpMm,7,AI,1.0,1.0,0.0,1.0,1.0,0.0
surprising,sokoban,LUiVjpMm,8,AI,1.0,1.0,0.0,1.0,1.0,0.0
surprising,sokoban,LUiVjpMm,9,AI,1.0,1.0,0.0,1.0,1.0,0.0
surprising,sokoban,LUiVjpMm,10,AI,1.0,1.0,0.0,1.0,1.0,0.0
surprising,sokoban,LUiVjpMm,11,AI,1.0,1.0,0.0,1.0,1.0,0.0
surprising,sokoban,LUiVjpMm,12,AI,5.0,1.0,-4.0,5.0,1.0,-4.0
surprising,sokoban,LUiVjpMm,13,AI,1.0,1.0,0.0,1.0,1.0,0.0
surprising,sokoban,LUiVjpMm,14,AI,1.0,1.0,0.0,1.0,1.0,0.0
surprising,sokoban,LUiVjpMm,15,AI,1.0,1.0,0.0,1.0,1.0,0.0
surprising,sokoban,LUiVjpMm,16,AI,1.0,1.0,0.0,1.0,1.0,0.0
surprising,sokoban,LUiVjpMm,17,AI,1.0,1.0,0.0,1.0,1.0,0.0
surprising,sokoban,LUiVjpMm,18,AI,1.0,1.0,0.0,1.0,1.0,0.0
surprising,sokoban,LUiVjpMm,19,AI,1.0,1.0,0.0,1.0,1.0,0.0
surprising,sokoban,LUiVjpMm,20,AI,5.0,1.0,-4.0,5.0,1.0,-4.0
surprising,sokoban,QUT4qGl2,1,Human,2.0,1.0,-1.0,2.0,1.0,-1.0
surprising,sokoban,QUT4qGl2,2,Human,2.0,1.0,-1.0,2.0,1.0,-1.0
surprising,sokoban,QUT4qGl2,3,Human,1.0,1.0,0.0,1.0,1.0,0.0
surprising,sokoban,QUT4qGl2,4,Human,1.0,1.0,0.0,1.0,1.0,0.0
surprising,sokoban,QUT4qGl2,5,Human,1.0,1.0,0.0,1.0,1.0,0.0
surprising,sokoban,QUT4qGl2,6,Human,2.0,2.0,0.0,2.0,2.0,0.0
surprising,sokoban,QUT4qGl2,7,Human,2.0,2.0,0.0,2.0,2.0,0.0
surprising,sokoban,QUT4qGl2,8,Human,1.0,1.0,0.0,1.0,1.0,0.0
surprising,sokoban,QUT4qGl2,9,Human,1.0,1.0,0.0,1.0,1.0,0.0
surprising,sokoban,QUT4qGl2,10,Human,1.0,1.0,0.0,1.0,1.0,0.0
surprising,sokoban,QUT4qGl2,11,Human,2.0,1.0,-1.0,2.0,1.0,-1.0
surprising,sokoban,QUT4qGl2,12,Human,1.0,1.0,0.0,1.0,1.0,0.0
surprising,sokoban,QUT4qGl2,13,Human,2.0,2.0,0.0,2.0,2.0,0.0
surprising,sokoban,QUT4qGl2,14,Human,2.0,2.0,0.0,2.0,2.0,0.0
surprising,sokoban,QUT4qGl2,15,Human,1.0,1.0,0.0,1.0,1.0,0.0
surprising,sokoban,QUT4qGl2,16,Human,1.0,3.0,2.0,1.0,3.0,2.0
surprising,sokoban,QUT4qGl2,17,Human,2.0,1.0,-1.0,2.0,1.0,-1.0
surprising,sokoban,QUT4qGl2,18,Human,2.0,1.0,-1.0,2.0,1.0,-1.0
surprising,sokoban,QUT4qGl2,19,Human,2.0,1.0,-1.0,2.0,1.0,-1.0
surprising,sokoban,QUT4qGl2,20,Human,1.0,1.0,0.0,1.0,1.0,0.0
surprising,sokoban,QV6Qfb7T,1,AI,1.0,1.0,0.0,1.0,1.0,0.0
surprising,sokoban,QV6Qfb7T,2,AI,2.0,3.0,1.0,2.0,3.0,1.0
surprising,sokoban,QV6Qfb7T,3,AI,1.0,1.0,0.0,1.0,1.0,0.0
surprising,sokoban,QV6Qfb7T,4,AI,1.0,1.0,0.0,1.0,1.0,0.0
surprising,sokoban,QV6Qfb7T,5,AI,1.0,1.0,0.0,1.0,1.0,0.0
surprising,sokoban,QV6Qfb7T,6,AI,2.0,1.0,-1.0,2.0,1.0,-1.0
surprising,sokoban,QV6Qfb7T,7,AI,2.0,1.0,-1.0,2.0,1.0,-1.0
surprising,sokoban,QV6Qfb7T,8,AI,1.0,1.0,0.0,1.0,1.0,0.0
surprising,sokoban,QV6Qfb7T,9,AI,1.0,1.0,0.0,1.0,1.0,0.0
surprising,sokoban,QV6Qfb7T,10,AI,1.0,1.0,0.0,1.0,1.0,0.0
surprising,sokoban,QV6Qfb7T,11,AI,2.0,1.0,-1.0,2.0,1.0,-1.0
surprising,sokoban,QV6Qfb7T,12,AI,2.0,1.0,-1.0,2.0,1.0,-1.0
surprising,sokoban,QV6Qfb7T,13,AI,2.0,1.0,-1.0,2.0,1.0,-1.0
surprising,sokoban,QV6Qfb7T,14,AI,2.0,1.0,-1.0,2.0,1.0,-1.0
surprising,sokoban,QV6Qfb7T,15,AI,1.0,2.0,1.0,1.0,2.0,1.0
surprising,sokoban,QV6Qfb7T,16,AI,4.0,1.0,-3.0,4.0,1.0,-3.0
surprising,sokoban,QV6Qfb7T,17,AI,2.0,1.0,-1.0,2.0,1.0,-1.0
surprising,sokoban,QV6Qfb7T,18,AI,1.0,1.0,0.0,1.0,1.0,0.0
surprising,sokoban,QV6Qfb7T,19,AI,2.0,1.0,-1.0,2.0,1.0,-1.0
surprising,sokoban,QV6Qfb7T,20,AI,1.0,2.0,1.0,1.0,2.0,1.0
surprising,sokoban,ROciIZDL,1,Human,1.0,1.0,0.0,1.0,1.0,0.0
surprising,sokoban,ROciIZDL,2,Human,1.0,2.0,1.0,1.0,2.0,1.0
surprising,sokoban,ROciIZDL,3,Human,2.0,1.0,-1.0,2.0,1.0,-1.0
surprising,sokoban,ROciIZDL,4,Human,1.0,2.0,1.0,1.0,2.0,1.0
surprising,sokoban,ROciIZDL,5,Human,1.0,1.0,0.0,1.0,1.0,0.0
surprising,sokoban,ROciIZDL,6,Human,2.0,1.0,-1.0,2.0,1.0,-1.0
surprising,sokoban,ROciIZDL,7,Human,1.0,1.0,0.0,1.0,1.0,0.0
surprising,sokoban,ROciIZDL,8,Human,2.0,2.0,0.0,2.0,2.0,0.0
surprising,sokoban,ROciIZDL,9,Human,1.0,2.0,1.0,1.0,2.0,1.0
surprising,sokoban,ROciIZDL,10,Human,1.0,1.0,0.0,1.0,1.0,0.0
surprising,sokoban,ROciIZDL,11,Human,1.0,1.0,0.0,1.0,1.0,0.0
surprising,sokoban,ROciIZDL,12,Human,1.0,1.0,0.0,1.0,1.0,0.0
surprising,sokoban,ROciIZDL,13,Human,1.0,1.0,0.0,1.0,1.0,0.0
surprising,sokoban,ROciIZDL,14,Human,2.0,1.0,-1.0,2.0,1.0,-1.0
surprising,sokoban,ROciIZDL,15,Human,1.0,1.0,0.0,1.0,1.0,0.0
surprising,sokoban,ROciIZDL,16,Human,1.0,1.0,0.0,1.0,1.0,0.0
surprising,sokoban,ROciIZDL,17,Human,1.0,1.0,0.0,1.0,1.0,0.0
surprising,sokoban,ROciIZDL,18,Human,1.0,2.0,1.0,1.0,2.0,1.0
surprising,sokoban,ROciIZDL,19,Human,1.0,2.0,1.0,1.0,2.0,1.0
surprising,sokoban,ROciIZDL,20,Human,1.0,1.0,0.0,1.0,1.0,0.0
surprising,sokoban,TIXMBKaj,1,Human,1.0,1.0,0.0,1.0,1.0,0.0
surprising,sokoban,TIXMBKaj,2,Human,1.0,1.0,0.0,1.0,1.0,0.0
surprising,sokoban,TIXMBKaj,3,Human,1.0,1.0,0.0,1.0,1.0,0.0
surprising,sokoban,TIXMBKaj,4,Human,1.0,2.0,1.0,1.0,2.0,1.0
surprising,sokoban,TIXMBKaj,5,Human,1.0,1.0,0.0,1.0,1.0,0.0
surprising,sokoban,TIXMBKaj,6,Human,1.0,1.0,0.0,1.0,1.0,0.0
surprising,sokoban,TIXMBKaj,7,Human,1.0,1.0,0.0,1.0,1.0,0.0
surprising,sokoban,TIXMBKaj,8,Human,2.0,1.0,-1.0,2.0,1.0,-1.0
surprising,sokoban,TIXMBKaj,9,Human,1.0,1.0,0.0,1.0,1.0,0.0
surprising,sokoban,TIXMBKaj,10,Human,1.0,1.0,0.0,1.0,1.0,0.0
surprising,sokoban,TIXMBKaj,11,Human,1.0,1.0,0.0,1.0,1.0,0.0
surprising,sokoban,TIXMBKaj,12,Human,2.0,1.0,-1.0,2.0,1.0,-1.0
surprising,sokoban,TIXMBKaj,13,Human,1.0,1.0,0.0,1.0,1.0,0.0
surprising,sokoban,TIXMBKaj,14,Human,1.0,1.0,0.0,1.0,1.0,0.0
surprising,sokoban,TIXMBKaj,15,Human,1.0,1.0,0.0,1.0,1.0,0.0
surprising,sokoban,TIXMBKaj,16,Human,1.0,2.0,1.0,1.0,2.0,1.0
surprising,sokoban,TIXMBKaj,17,Human,1.0,1.0,0.0,1.0,1.0,0.0
surprising,sokoban,TIXMBKaj,18,Human,1.0,1.0,0.0,1.0,1.0,0.0
surprising,sokoban,TIXMBKaj,19,Human,2.0,1.0,-1.0,2.0,1.0,-1.0
surprising,sokoban,TIXMBKaj,20,Human,3.0,2.0,-1.0,3.0,2.0,-1.0
surprising,sokoban,UTSKBMio,1,AI,2.0,1.0,-1.0,2.0,1.0,-1.0
surprising,sokoban,UTSKBMio,2,AI,1.0,1.0,0.0,1.0,1.0,0.0
surprising,sokoban,UTSKBMio,3,AI,2.0,1.0,-1.0,2.0,1.0,-1.0
surprising,sokoban,UTSKBMio,4,AI,2.0,1.0,-1.0,2.0,1.0,-1.0
surprising,sokoban,UTSKBMio,5,AI,1.0,1.0,0.0,1.0,1.0,0.0
surprising,sokoban,UTSKBMio,6,AI,1.0,1.0,0.0,1.0,1.0,0.0
surprising,sokoban,UTSKBMio,7,AI,1.0,1.0,0.0,1.0,1.0,0.0
surprising,sokoban,UTSKBMio,8,AI,1.0,1.0,0.0,1.0,1.0,0.0
surprising,sokoban,UTSKBMio,9,AI,2.0,1.0,-1.0,2.0,1.0,-1.0
surprising,sokoban,UTSKBMio,10,AI,2.0,1.0,-1.0,2.0,1.0,-1.0
surprising,sokoban,UTSKBMio,11,AI,2.0,1.0,-1.0,2.0,1.0,-1.0
surprising,sokoban,UTSKBMio,12,AI,1.0,1.0,0.0,1.0,1.0,0.0
surprising,sokoban,UTSKBMio,13,AI,1.0,1.0,0.0,1.0,1.0,0.0
surprising,sokoban,UTSKBMio,14,AI,3.0,1.0,-2.0,3.0,1.0,-2.0
surprising,sokoban,UTSKBMio,15,AI,1.0,1.0,0.0,1.0,1.0,0.0
surprising,sokoban,UTSKBMio,16,AI,1.0,1.0,0.0,1.0,1.0,0.0
surprising,sokoban,UTSKBMio,17,AI,1.0,1.0,0.0,1.0,1.0,0.0
surprising,sokoban,UTSKBMio,18,AI,1.0,1.0,0.0,1.0,1.0,0.0
surprising,sokoban,UTSKBMio,19,AI,2.0,1.0,-1.0,2.0,1.0,-1.0
surprising,sokoban,UTSKBMio,20,AI,2.0,1.0,-1.0,2.0,1.0,-1.0
surprising,sokoban,UeeTjy5b,1,AI,1.0,1.0,0.0,1.0,1.0,0.0
surprising,sokoban,UeeTjy5b,2,AI,1.0,1.0,0.0,1.0,1.0,0.0
surprising,sokoban,UeeTjy5b,3,AI,1.0,1.0,0.0,1.0,1.0,0.0
surprising,sokoban,UeeTjy5b,4,AI,1.0,1.0,0.0,1.0,1.0,0.0
surprising,sokoban,UeeTjy5b,5,AI,1.0,1.0,0.0,1.0,1.0,0.0
surprising,sokoban,UeeTjy5b,6,AI,3.0,1.0,-2.0,3.0,1.0,-2.0
surprising,sokoban,UeeTjy5b,7,AI,1.0,1.0,0.0,1.0,1.0,0.0
surprising,sokoban,UeeTjy5b,8,AI,1.0,1.0,0.0,1.0,1.0,0.0
surprising,sokoban,UeeTjy5b,9,AI,1.0,4.0,3.0,1.0,4.0,3.0
surprising,sokoban,UeeTjy5b,10,AI,1.0,1.0,0.0,1.0,1.0,0.0
surprising,sokoban,UeeTjy5b,11,AI,1.0,1.0,0.0,1.0,1.0,0.0
surprising,sokoban,UeeTjy5b,12,AI,1.0,1.0,0.0,1.0,1.0,0.0
surprising,sokoban,UeeTjy5b,13,AI,1.0,1.0,0.0,1.0,1.0,0.0
surprising,sokoban,UeeTjy5b,14,AI,1.0,1.0,0.0,1.0,1.0,0.0
surprising,sokoban,UeeTjy5b,15,AI,1.0,1.0,0.0,1.0,1.0,0.0
surprising,sokoban,UeeTjy5b,16,AI,1.0,1.0,0.0,1.0,1.0,0.0
surprising,sokoban,UeeTjy5b,17,AI,1.0,1.0,0.0,1.0,1.0,0.0
surprising,sokoban,UeeTjy5b,18,AI,1.0,1.0,0.0,1.0,1.0,0.0
surprising,sokoban,UeeTjy5b,19,AI,1.0,1.0,0.0,1.0,1.0,0.0
surprising,sokoban,UeeTjy5b,20,AI,1.0,1.0,0.0,1.0,1.0,0.0
surprising,sokoban,Z0SxyjXq,1,Human,1.0,1.0,0.0,1.0,1.0,0.0
surprising,sokoban,Z0SxyjXq,2,Human,1.0,2.0,1.0,1.0,2.0,1.0
surprising,sokoban,Z0SxyjXq,3,Human,2.0,1.0,-1.0,2.0,1.0,-1.0
surprising,sokoban,Z0SxyjXq,4,Human,2.0,1.0,-1.0,2.0,1.0,-1.0
surprising,sokoban,Z0SxyjXq,5,Human,1.0,2.0,1.0,1.0,2.0,1.0
surprising,sokoban,Z0SxyjXq,6,Human,1.0,2.0,1.0,1.0,2.0,1.0
surprising,sokoban,Z0SxyjXq,7,Human,1.0,1.0,0.0,1.0,1.0,0.0
surprising,sokoban,Z0SxyjXq,8,Human,1.0,1.0,0.0,1.0,1.0,0.0
surprising,sokoban,Z0SxyjXq,9,Human,1.0,4.0,3.0,1.0,4.0,3.0
surprising,sokoban,Z0SxyjXq,10,Human,1.0,1.0,0.0,1.0,1.0,0.0
surprising,sokoban,Z0SxyjXq,11,Human,1.0,1.0,0.0,1.0,1.0,0.0
surprising,sokoban,Z0SxyjXq,12,Human,2.0,1.0,-1.0,2.0,1.0,-1.0
surprising,sokoban,Z0SxyjXq,13,Human,1.0,1.0,0.0,1.0,1.0,0.0
surprising,sokoban,Z0SxyjXq,14,Human,1.0,1.0,0.0,1.0,1.0,0.0
surprising,sokoban,Z0SxyjXq,15,Human,2.0,1.0,-1.0,2.0,1.0,-1.0
surprising,sokoban,Z0SxyjXq,16,Human,2.0,1.0,-1.0,2.0,1.0,-1.0
surprising,sokoban,Z0SxyjXq,17,Human,1.0,1.0,0.0,1.0,1.0,0.0
surprising,sokoban,Z0SxyjXq,18,Human,1.0,1.0,0.0,1.0,1.0,0.0
surprising,sokoban,Z0SxyjXq,19,Human,1.0,1.0,0.0,1.0,1.0,0.0
surprising,sokoban,Z0SxyjXq,20,Human,1.0,1.0,0.0,1.0,1.0,0.0
surprising,sokoban,aE7sjnta,1,AI,1.0,1.0,0.0,1.0,1.0,0.0
surprising,sokoban,aE7sjnta,2,AI,3.0,1.0,-2.0,3.0,1.0,-2.0
surprising,sokoban,aE7sjnta,3,AI,1.0,1.0,0.0,1.0,1.0,0.0
surprising,sokoban,aE7sjnta,4,AI,1.0,1.0,0.0,1.0,1.0,0.0
surprising,sokoban,aE7sjnta,5,AI,1.0,1.0,0.0,1.0,1.0,0.0
surprising,sokoban,aE7sjnta,6,AI,1.0,1.0,0.0,1.0,1.0,0.0
surprising,sokoban,aE7sjnta,7,AI,2.0,1.0,-1.0,2.0,1.0,-1.0
surprising,sokoban,aE7sjnta,8,AI,1.0,1.0,0.0,1.0,1.0,0.0
surprising,sokoban,aE7sjnta,9,AI,1.0,1.0,0.0,1.0,1.0,0.0
surprising,sokoban,aE7sjnta,10,AI,3.0,1.0,-2.0,3.0,1.0,-2.0
surprising,sokoban,aE7sjnta,11,AI,1.0,1.0,0.0,1.0,1.0,0.0
surprising,sokoban,aE7sjnta,12,AI,1.0,1.0,0.0,1.0,1.0,0.0
surprising,sokoban,aE7sjnta,13,AI,1.0,1.0,0.0,1.0,1.0,0.0
surprising,sokoban,aE7sjnta,14,AI,1.0,1.0,0.0,1.0,1.0,0.0
surprising,sokoban,aE7sjnta,15,AI,1.0,1.0,0.0,1.0,1.0,0.0
surprising,sokoban,aE7sjnta,16,AI,1.0,2.0,1.0,1.0,2.0,1.0
surprising,sokoban,aE7sjnta,17,AI,1.0,1.0,0.0,1.0,1.0,0.0
surprising,sokoban,aE7sjnta,18,AI,1.0,1.0,0.0,1.0,1.0,0.0
surprising,sokoban,aE7sjnta,19,AI,1.0,1.0,0.0,1.0,1.0,0.0
surprising,sokoban,aE7sjnta,20,AI,1.0,1.0,0.0,1.0,1.0,0.0
surprising,sokoban,bhRr4CCv,1,Human,1.0,2.0,1.0,1.0,2.0,1.0
surprising,sokoban,bhRr4CCv,2,Human,2.0,1.0,-1.0,2.0,1.0,-1.0
surprising,sokoban,bhRr4CCv,3,Human,2.0,1.0,-1.0,2.0,1.0,-1.0
surprising,sokoban,bhRr4CCv,4,Human,2.0,2.0,0.0,2.0,2.0,0.0
surprising,sokoban,bhRr4CCv,5,Human,1.0,2.0,1.0,1.0,2.0,1.0
surprising,sokoban,bhRr4CCv,6,Human,1.0,2.0,1.0,1.0,2.0,1.0
surprising,sokoban,bhRr4CCv,7,Human,2.0,1.0,-1.0,2.0,1.0,-1.0
surprising,sokoban,bhRr4CCv,8,Human,1.0,2.0,1.0,1.0,2.0,1.0
surprising,sokoban,bhRr4CCv,9,Human,2.0,1.0,-1.0,2.0,1.0,-1.0
surprising,sokoban,bhRr4CCv,10,Human,2.0,1.0,-1.0,2.0,1.0,-1.0
surprising,sokoban,bhRr4CCv,11,Human,1.0,1.0,0.0,1.0,1.0,0.0
surprising,sokoban,bhRr4CCv,12,Human,2.0,1.0,-1.0,2.0,1.0,-1.0
surprising,sokoban,bhRr4CCv,13,Human,2.0,1.0,-1.0,2.0,1.0,-1.0
surprising,sokoban,bhRr4CCv,14,Human,3.0,1.0,-2.0,3.0,1.0,-2.0
surprising,sokoban,bhRr4CCv,15,Human,1.0,2.0,1.0,1.0,2.0,1.0
surprising,sokoban,bhRr4CCv,16,Human,1.0,1.0,0.0,1.0,1.0,0.0
surprising,sokoban,bhRr4CCv,17,Human,1.0,1.0,0.0,1.0,1.0,0.0
surprising,sokoban,bhRr4CCv,18,Human,1.0,1.0,0.0,1.0,1.0,0.0
surprising,sokoban,bhRr4CCv,19,Human,2.0,1.0,-1.0,2.0,1.0,-1.0
surprising,sokoban,bhRr4CCv,20,Human,2.0,2.0,0.0,2.0,2.0,0.0
surprising,sokoban,cHhvQJlr,1,AI,1.0,1.0,0.0,1.0,1.0,0.0
surprising,sokoban,cHhvQJlr,2,AI,1.0,1.0,0.0,1.0,1.0,0.0
surprising,sokoban,cHhvQJlr,3,AI,1.0,1.0,0.0,1.0,1.0,0.0
surprising,sokoban,cHhvQJlr,4,AI,1.0,1.0,0.0,1.0,1.0,0.0
surprising,sokoban,cHhvQJlr,5,AI,2.0,2.0,0.0,2.0,2.0,0.0
surprising,sokoban,cHhvQJlr,6,AI,1.0,1.0,0.0,1.0,1.0,0.0
surprising,sokoban,cHhvQJlr,7,AI,1.0,1.0,0.0,1.0,1.0,0.0
surprising,sokoban,cHhvQJlr,8,AI,1.0,1.0,0.0,1.0,1.0,0.0
surprising,sokoban,cHhvQJlr,9,AI,1.0,1.0,0.0,1.0,1.0,0.0
surprising,sokoban,cHhvQJlr,10,AI,2.0,1.0,-1.0,2.0,1.0,-1.0
surprising,sokoban,cHhvQJlr,11,AI,1.0,1.0,0.0,1.0,1.0,0.0
surprising,sokoban,cHhvQJlr,12,AI,1.0,1.0,0.0,1.0,1.0,0.0
surprising,sokoban,cHhvQJlr,13,AI,1.0,1.0,0.0,1.0,1.0,0.0
surprising,sokoban,cHhvQJlr,14,AI,1.0,1.0,0.0,1.0,1.0,0.0
surprising,sokoban,cHhvQJlr,15,AI,1.0,1.0,0.0,1.0,1.0,0.0
surprising,sokoban,cHhvQJlr,16,AI,1.0,1.0,0.0,1.0,1.0,0.0
surprising,sokoban,cHhvQJlr,17,AI,1.0,2.0,1.0,1.0,2.0,1.0
surprising,sokoban,cHhvQJlr,18,AI,1.0,1.0,0.0,1.0,1.0,0.0
surprising,sokoban,cHhvQJlr,19,AI,1.0,1.0,0.0,1.0,1.0,0.0
surprising,sokoban,cHhvQJlr,20,AI,1.0,1.0,0.0,1.0,1.0,0.0
surprising,sokoban,cTxMstwv,1,AI,1.0,1.0,0.0,1.0,1.0,0.0
surprising,sokoban,cTxMstwv,2,AI,1.0,1.0,0.0,1.0,1.0,0.0
surprising,sokoban,cTxMstwv,3,AI,2.0,1.0,-1.0,2.0,1.0,-1.0
surprising,sokoban,cTxMstwv,4,AI,1.0,1.0,0.0,1.0,1.0,0.0
surprising,sokoban,cTxMstwv,5,AI,1.0,1.0,0.0,1.0,1.0,0.0
surprising,sokoban,cTxMstwv,6,AI,2.0,1.0,-1.0,2.0,1.0,-1.0
surprising,sokoban,cTxMstwv,7,AI,2.0,1.0,-1.0,2.0,1.0,-1.0
surprising,sokoban,cTxMstwv,8,AI,2.0,1.0,-1.0,2.0,1.0,-1.0
surprising,sokoban,cTxMstwv,9,AI,1.0,4.0,3.0,1.0,4.0,3.0
surprising,sokoban,cTxMstwv,10,AI,2.0,1.0,-1.0,2.0,1.0,-1.0
surprising,sokoban,cTxMstwv,11,AI,1.0,1.0,0.0,1.0,1.0,0.0
surprising,sokoban,cTxMstwv,12,AI,1.0,1.0,0.0,1.0,1.0,0.0
surprising,sokoban,cTxMstwv,13,AI,1.0,1.0,0.0,1.0,1.0,0.0
surprising,sokoban,cTxMstwv,14,AI,1.0,2.0,1.0,1.0,2.0,1.0
surprising,sokoban,cTxMstwv,15,AI,2.0,1.0,-1.0,2.0,1.0,-1.0
surprising,sokoban,cTxMstwv,16,AI,1.0,1.0,0.0,1.0,1.0,0.0
surprising,sokoban,cTxMstwv,17,AI,1.0,1.0,0.0,1.0,1.0,0.0
surprising,sokoban,cTxMstwv,18,AI,1.0,1.0,0.0,1.0,1.0,0.0
surprising,sokoban,cTxMstwv,19,AI,1.0,1.0,0.0,1.0,1.0,0.0
surprising,sokoban,cTxMstwv,20,AI,1.0,1.0,0.0,1.0,1.0,0.0
surprising,sokoban,extLxWet,1,AI,1.0,1.0,0.0,1.0,1.0,0.0
surprising,sokoban,extLxWet,2,AI,2.0,1.0,-1.0,2.0,1.0,-1.0
surprising,sokoban,extLxWet,3,AI,1.0,1.0,0.0,1.0,1.0,0.0
surprising,sokoban,extLxWet,4,AI,1.0,1.0,0.0,1.0,1.0,0.0
surprising,sokoban,extLxWet,5,AI,1.0,1.0,0.0,1.0,1.0,0.0
surprising,sokoban,extLxWet,6,AI,1.0,1.0,0.0,1.0,1.0,0.0
surprising,sokoban,extLxWet,7,AI,1.0,1.0,0.0,1.0,1.0,0.0
surprising,sokoban,extLxWet,8,AI,1.0,1.0,0.0,1.0,1.0,0.0
surprising,sokoban,extLxWet,9,AI,2.0,1.0,-1.0,2.0,1.0,-1.0
surprising,sokoban,extLxWet,10,AI,1.0,1.0,0.0,1.0,1.0,0.0
surprising,sokoban,extLxWet,11,AI,1.0,3.0,2.0,1.0,3.0,2.0
surprising,sokoban,extLxWet,12,AI,2.0,2.0,0.0,2.0,2.0,0.0
surprising,sokoban,extLxWet,13,AI,1.0,1.0,0.0,1.0,1.0,0.0
surprising,sokoban,extLxWet,14,AI,1.0,1.0,0.0,1.0,1.0,0.0
surprising,sokoban,extLxWet,15,AI,1.0,1.0,0.0,1.0,1.0,0.0
surprising,sokoban,extLxWet,16,AI,1.0,1.0,0.0,1.0,1.0,0.0
surprising,sokoban,extLxWet,17,AI,1.0,1.0,0.0,1.0,1.0,0.0
surprising,sokoban,extLxWet,18,AI,1.0,1.0,0.0,1.0,1.0,0.0
surprising,sokoban,extLxWet,19,AI,1.0,1.0,0.0,1.0,1.0,0.0
surprising,sokoban,extLxWet,20,AI,1.0,1.0,0.0,1.0,1.0,0.0
surprising,sokoban,f8sbFI0a,1,Human,2.0,1.0,-1.0,2.0,1.0,-1.0
surprising,sokoban,f8sbFI0a,2,Human,1.0,1.0,0.0,1.0,1.0,0.0
surprising,sokoban,f8sbFI0a,3,Human,1.0,2.0,1.0,1.0,2.0,1.0
surprising,sokoban,f8sbFI0a,4,Human,1.0,1.0,0.0,1.0,1.0,0.0
surprising,sokoban,f8sbFI0a,5,Human,1.0,2.0,1.0,1.0,2.0,1.0
surprising,sokoban,f8sbFI0a,6,Human,1.0,1.0,0.0,1.0,1.0,0.0
surprising,sokoban,f8sbFI0a,7,Human,1.0,1.0,0.0,1.0,1.0,0.0
surprising,sokoban,f8sbFI0a,8,Human,2.0,1.0,-1.0,2.0,1.0,-1.0
surprising,sokoban,f8sbFI0a,9,Human,1.0,1.0,0.0,1.0,1.0,0.0
surprising,sokoban,f8sbFI0a,10,Human,1.0,1.0,0.0,1.0,1.0,0.0
surprising,sokoban,f8sbFI0a,11,Human,1.0,1.0,0.0,1.0,1.0,0.0
surprising,sokoban,f8sbFI0a,12,Human,1.0,1.0,0.0,1.0,1.0,0.0
surprising,sokoban,f8sbFI0a,13,Human,1.0,2.0,1.0,1.0,2.0,1.0
surprising,sokoban,f8sbFI0a,14,Human,1.0,3.0,2.0,1.0,3.0,2.0
surprising,sokoban,f8sbFI0a,15,Human,1.0,1.0,0.0,1.0,1.0,0.0
surprising,sokoban,f8sbFI0a,16,Human,1.0,1.0,0.0,1.0,1.0,0.0
surprising,sokoban,f8sbFI0a,17,Human,2.0,2.0,0.0,2.0,2.0,0.0
surprising,sokoban,f8sbFI0a,18,Human,1.0,1.0,0.0,1.0,1.0,0.0
surprising,sokoban,f8sbFI0a,19,Human,1.0,1.0,0.0,1.0,1.0,0.0
surprising,sokoban,f8sbFI0a,20,Human,1.0,1.0,0.0,1.0,1.0,0.0
surprising,sokoban,iJNJxWfZ,1,Human,2.0,1.0,-1.0,2.0,1.0,-1.0
surprising,sokoban,iJNJxWfZ,2,Human,1.0,1.0,0.0,1.0,1.0,0.0
surprising,sokoban,iJNJxWfZ,3,Human,1.0,1.0,0.0,1.0,1.0,0.0
surprising,sokoban,iJNJxWfZ,4,Human,2.0,1.0,-1.0,2.0,1.0,-1.0
surprising,sokoban,iJNJxWfZ,5,Human,2.0,1.0,-1.0,2.0,1.0,-1.0
surprising,sokoban,iJNJxWfZ,6,Human,1.0,1.0,0.0,1.0,1.0,0.0
surprising,sokoban,iJNJxWfZ,7,Human,2.0,1.0,-1.0,2.0,1.0,-1.0
surprising,sokoban,iJNJxWfZ,8,Human,1.0,1.0,0.0,1.0,1.0,0.0
surprising,sokoban,iJNJxWfZ,9,Human,2.0,1.0,-1.0,2.0,1.0,-1.0
surprising,sokoban,iJNJxWfZ,10,Human,2.0,3.0,1.0,2.0,3.0,1.0
surprising,sokoban,iJNJxWfZ,11,Human,2.0,1.0,-1.0,2.0,1.0,-1.0
surprising,sokoban,iJNJxWfZ,12,Human,1.0,1.0,0.0,1.0,1.0,0.0
surprising,sokoban,iJNJxWfZ,13,Human,2.0,1.0,-1.0,2.0,1.0,-1.0
surprising,sokoban,iJNJxWfZ,14,Human,2.0,2.0,0.0,2.0,2.0,0.0
surprising,sokoban,iJNJxWfZ,15,Human,2.0,2.0,0.0,2.0,2.0,0.0
surprising,sokoban,iJNJxWfZ,16,Human,1.0,1.0,0.0,1.0,1.0,0.0
surprising,sokoban,iJNJxWfZ,17,Human,1.0,2.0,1.0,1.0,2.0,1.0
surprising,sokoban,iJNJxWfZ,18,Human,2.0,1.0,-1.0,2.0,1.0,-1.0
surprising,sokoban,iJNJxWfZ,19,Human,1.0,1.0,0.0,1.0,1.0,0.0
surprising,sokoban,iJNJxWfZ,20,Human,1.0,1.0,0.0,1.0,1.0,0.0
surprising,sokoban,ij6onaGt,1,AI,1.0,1.0,0.0,1.0,1.0,0.0
surprising,sokoban,ij6onaGt,2,AI,1.0,1.0,0.0,1.0,1.0,0.0
surprising,sokoban,ij6onaGt,3,AI,1.0,1.0,0.0,1.0,1.0,0.0
surprising,sokoban,ij6onaGt,4,AI,1.0,1.0,0.0,1.0,1.0,0.0
surprising,sokoban,ij6onaGt,5,AI,2.0,1.0,-1.0,2.0,1.0,-1.0
surprising,sokoban,ij6onaGt,6,AI,2.0,2.0,0.0,2.0,2.0,0.0
surprising,sokoban,ij6onaGt,7,AI,1.0,1.0,0.0,1.0,1.0,0.0
surprising,sokoban,ij6onaGt,8,AI,1.0,1.0,0.0,1.0,1.0,0.0
surprising,sokoban,ij6onaGt,9,AI,1.0,2.0,1.0,1.0,2.0,1.0
surprising,sokoban,ij6onaGt,10,AI,1.0,2.0,1.0,1.0,2.0,1.0
surprising,sokoban,ij6onaGt,11,AI,1.0,1.0,0.0,1.0,1.0,0.0
surprising,sokoban,ij6onaGt,12,AI,1.0,1.0,0.0,1.0,1.0,0.0
surprising,sokoban,ij6onaGt,13,AI,1.0,1.0,0.0,1.0,1.0,0.0
surprising,sokoban,ij6onaGt,14,AI,2.0,1.0,-1.0,2.0,1.0,-1.0
surprising,sokoban,ij6onaGt,15,AI,1.0,1.0,0.0,1.0,1.0,0.0
surprising,sokoban,ij6onaGt,16,AI,1.0,2.0,1.0,1.0,2.0,1.0
surprising,sokoban,ij6onaGt,17,AI,4.0,1.0,-3.0,4.0,1.0,-3.0
surprising,sokoban,ij6onaGt,18,AI,1.0,1.0,0.0,1.0,1.0,0.0
surprising,sokoban,ij6onaGt,19,AI,1.0,1.0,0.0,1.0,1.0,0.0
surprising,sokoban,ij6onaGt,20,AI,1.0,1.0,0.0,1.0,1.0,0.0
surprising,sokoban,oHSLE5UO,1,AI,1.0,1.0,0.0,1.0,1.0,0.0
surprising,sokoban,oHSLE5UO,2,AI,2.0,1.0,-1.0,2.0,1.0,-1.0
surprising,sokoban,oHSLE5UO,3,AI,1.0,1.0,0.0,1.0,1.0,0.0
surprising,sokoban,oHSLE5UO,4,AI,1.0,1.0,0.0,1.0,1.0,0.0
surprising,sokoban,oHSLE5UO,5,AI,1.0,1.0,0.0,1.0,1.0,0.0
surprising,sokoban,oHSLE5UO,6,AI,1.0,1.0,0.0,1.0,1.0,0.0
surprising,sokoban,oHSLE5UO,7,AI,1.0,1.0,0.0,1.0,1.0,0.0
surprising,sokoban,oHSLE5UO,8,AI,1.0,1.0,0.0,1.0,1.0,0.0
surprising,sokoban,oHSLE5UO,9,AI,1.0,1.0,0.0,1.0,1.0,0.0
surprising,sokoban,oHSLE5UO,10,AI,1.0,1.0,0.0,1.0,1.0,0.0
surprising,sokoban,oHSLE5UO,11,AI,1.0,1.0,0.0,1.0,1.0,0.0
surprising,sokoban,oHSLE5UO,12,AI,1.0,1.0,0.0,1.0,1.0,0.0
surprising,sokoban,oHSLE5UO,13,AI,1.0,1.0,0.0,1.0,1.0,0.0
surprising,sokoban,oHSLE5UO,14,AI,1.0,1.0,0.0,1.0,1.0,0.0
surprising,sokoban,oHSLE5UO,15,AI,1.0,1.0,0.0,1.0,1.0,0.0
surprising,sokoban,oHSLE5UO,16,AI,1.0,1.0,0.0,1.0,1.0,0.0
surprising,sokoban,oHSLE5UO,17,AI,1.0,1.0,0.0,1.0,1.0,0.0
surprising,sokoban,oHSLE5UO,18,AI,1.0,1.0,0.0,1.0,1.0,0.0
surprising,sokoban,oHSLE5UO,19,AI,1.0,1.0,0.0,1.0,1.0,0.0
surprising,sokoban,oHSLE5UO,20,AI,1.0,1.0,0.0,1.0,1.0,0.0
surprising,sokoban,t7mUz3Qe,1,Human,1.0,1.0,0.0,1.0,1.0,0.0
surprising,sokoban,t7mUz3Qe,2,Human,1.0,1.0,0.0,1.0,1.0,0.0
surprising,sokoban,t7mUz3Qe,3,Human,1.0,1.0,0.0,1.0,1.0,0.0
surprising,sokoban,t7mUz3Qe,4,Human,1.0,1.0,0.0,1.0,1.0,0.0
surprising,sokoban,t7mUz3Qe,5,Human,1.0,1.0,0.0,1.0,1.0,0.0
surprising,sokoban,t7mUz3Qe,6,Human,1.0,1.0,0.0,1.0,1.0,0.0
surprising,sokoban,t7mUz3Qe,7,Human,1.0,1.0,0.0,1.0,1.0,0.0
surprising,sokoban,t7mUz3Qe,8,Human,1.0,1.0,0.0,1.0,1.0,0.0
surprising,sokoban,t7mUz3Qe,9,Human,1.0,1.0,0.0,1.0,1.0,0.0
surprising,sokoban,t7mUz3Qe,10,Human,1.0,1.0,0.0,1.0,1.0,0.0
surprising,sokoban,t7mUz3Qe,11,Human,1.0,1.0,0.0,1.0,1.0,0.0
surprising,sokoban,t7mUz3Qe,12,Human,1.0,1.0,0.0,1.0,1.0,0.0
surprising,sokoban,t7mUz3Qe,13,Human,1.0,1.0,0.0,1.0,1.0,0.0
surprising,sokoban,t7mUz3Qe,14,Human,1.0,1.0,0.0,1.0,1.0,0.0
surprising,sokoban,t7mUz3Qe,15,Human,1.0,1.0,0.0,1.0,1.0,0.0
surprising,sokoban,t7mUz3Qe,16,Human,1.0,1.0,0.0,1.0,1.0,0.0
surprising,sokoban,t7mUz3Qe,17,Human,1.0,1.0,0.0,1.0,1.0,0.0
surprising,sokoban,t7mUz3Qe,18,Human,1.0,1.0,0.0,1.0,1.0,0.0
surprising,sokoban,t7mUz3Qe,19,Human,1.0,1.0,0.0,1.0,1.0,0.0
surprising,sokoban,t7mUz3Qe,20,Human,1.0,1.0,0.0,1.0,1.0,0.0
surprising,sokoban,wSCVt298,1,AI,1.0,1.0,0.0,1.0,1.0,0.0
surprising,sokoban,wSCVt298,2,AI,1.0,1.0,0.0,1.0,1.0,0.0
surprising,sokoban,wSCVt298,3,AI,1.0,1.0,0.0,1.0,1.0,0.0
surprising,sokoban,wSCVt298,4,AI,1.0,1.0,0.0,1.0,1.0,0.0
surprising,sokoban,wSCVt298,5,AI,1.0,1.0,0.0,1.0,1.0,0.0
surprising,sokoban,wSCVt298,6,AI,1.0,1.0,0.0,1.0,1.0,0.0
surprising,sokoban,wSCVt298,7,AI,1.0,1.0,0.0,1.0,1.0,0.0
surprising,sokoban,wSCVt298,8,AI,1.0,1.0,0.0,1.0,1.0,0.0
surprising,sokoban,wSCVt298,9,AI,1.0,1.0,0.0,1.0,1.0,0.0
surprising,sokoban,wSCVt298,10,AI,1.0,1.0,0.0,1.0,1.0,0.0
surprising,sokoban,wSCVt298,11,AI,1.0,1.0,0.0,1.0,1.0,0.0
surprising,sokoban,wSCVt298,12,AI,1.0,1.0,0.0,1.0,1.0,0.0
surprising,sokoban,wSCVt298,13,AI,1.0,1.0,0.0,1.0,1.0,0.0
surprising,sokoban,wSCVt298,14,AI,1.0,1.0,0.0,1.0,1.0,0.0
surprising,sokoban,wSCVt298,15,AI,1.0,1.0,0.0,1.0,1.0,0.0
surprising,sokoban,wSCVt298,16,AI,1.0,1.0,0.0,1.0,1.0,0.0
surprising,sokoban,wSCVt298,17,AI,1.0,1.0,0.0,1.0,1.0,0.0
surprising,sokoban,wSCVt298,18,AI,1.0,1.0,0.0,1.0,1.0,0.0
surprising,sokoban,wSCVt298,19,AI,1.0,1.0,0.0,1.0,1.0,0.0
surprising,sokoban,wSCVt298,20,AI,1.0,1.0,0.0,1.0,1.0,0.0
design,mario,1AC82kGG,1,Human,2.0,3.0,1.0,2.0,3.0,1.0
design,mario,1AC82kGG,2,Human,4.0,2.0,-2.0,4.0,2.0,-2.0
design,mario,1AC82kGG,3,Human,2.0,2.0,0.0,2.0,2.0,0.0
design,mario,1AC82kGG,4,Human,4.0,4.0,0.0,4.0,4.0,0.0
design,mario,1AC82kGG,5,Human,4.0,2.0,-2.0,4.0,2.0,-2.0
design,mario,1AC82kGG,6,Human,4.0,3.0,-1.0,4.0,3.0,-1.0
design,mario,1AC82kGG,7,Human,4.0,2.0,-2.0,4.0,2.0,-2.0
design,mario,1AC82kGG,8,Human,5.0,2.0,-3.0,5.0,2.0,-3.0
design,mario,1AC82kGG,9,Human,3.0,4.0,1.0,3.0,4.0,1.0
design,mario,1AC82kGG,10,Human,4.0,1.0,-3.0,4.0,1.0,-3.0
design,mario,1AC82kGG,11,Human,3.0,1.0,-2.0,3.0,1.0,-2.0
design,mario,1AC82kGG,12,Human,3.0,2.0,-1.0,3.0,2.0,-1.0
design,mario,1AC82kGG,13,Human,3.0,2.0,-1.0,3.0,2.0,-1.0
design,mario,1AC82kGG,14,Human,2.0,4.0,2.0,2.0,4.0,2.0
design,mario,1AC82kGG,15,Human,4.0,2.0,-2.0,4.0,2.0,-2.0
design,mario,1AC82kGG,16,Human,3.0,1.0,-2.0,3.0,1.0,-2.0
design,mario,1AC82kGG,17,Human,4.0,2.0,-2.0,4.0,2.0,-2.0
design,mario,1AC82kGG,18,Human,3.0,2.0,-1.0,3.0,2.0,-1.0
design,mario,1AC82kGG,19,Human,2.0,4.0,2.0,2.0,4.0,2.0
design,mario,1AC82kGG,20,Human,4.0,4.0,0.0,4.0,4.0,0.0
design,mario,4PFJlLdR,1,AI,4.0,1.0,-3.0,4.0,1.0,-3.0
design,mario,4PFJlLdR,2,AI,3.0,1.0,-2.0,3.0,1.0,-2.0
design,mario,4PFJlLdR,3,AI,2.0,1.0,-1.0,2.0,1.0,-1.0
design,mario,4PFJlLdR,4,AI,5.0,3.0,-2.0,5.0,3.0,-2.0
design,mario,4PFJlLdR,5,AI,4.0,1.0,-3.0,4.0,1.0,-3.0
design,mario,4PFJlLdR,6,AI,4.0,2.0,-2.0,4.0,2.0,-2.0
design,mario,4PFJlLdR,7,AI,2.0,1.0,-1.0,2.0,1.0,-1.0
design,mario,4PFJlLdR,8,AI,5.0,1.0,-4.0,5.0,1.0,-4.0
design,mario,4PFJlLdR,9,AI,3.0,2.0,-1.0,3.0,2.0,-1.0
design,mario,4PFJlLdR,10,AI,5.0,1.0,-4.0,5.0,1.0,-4.0
design,mario,4PFJlLdR,11,AI,3.0,2.0,-1.0,3.0,2.0,-1.0
design,mario,4PFJlLdR,12,AI,5.0,4.0,-1.0,5.0,4.0,-1.0
design,mario,4PFJlLdR,13,AI,3.0,2.0,-1.0,3.0,2.0,-1.0
design,mario,4PFJlLdR,14,AI,4.0,2.0,-2.0,4.0,2.0,-2.0
design,mario,4PFJlLdR,15,AI,3.0,2.0,-1.0,3.0,2.0,-1.0
design,mario,4PFJlLdR,16,AI,1.0,4.0,3.0,1.0,4.0,3.0
design,mario,4PFJlLdR,17,AI,4.0,2.0,-2.0,4.0,2.0,-2.0
design,mario,4PFJlLdR,18,AI,1.0,2.0,1.0,1.0,2.0,1.0
design,mario,4PFJlLdR,19,AI,4.0,2.0,-2.0,4.0,2.0,-2.0
design,mario,4PFJlLdR,20,AI,3.0,2.0,-1.0,3.0,2.0,-1.0
design,mario,4bMZDbcE,1,Human,2.0,1.0,-1.0,2.0,1.0,-1.0
design,mario,4bMZDbcE,2,Human,1.0,1.0,0.0,1.0,1.0,0.0
design,mario,4bMZDbcE,3,Human,2.0,1.0,-1.0,2.0,1.0,-1.0
design,mario,4bMZDbcE,4,Human,2.0,1.0,-1.0,2.0,1.0,-1.0
design,mario,4bMZDbcE,5,Human,1.0,1.0,0.0,1.0,1.0,0.0
design,mario,4bMZDbcE,6,Human,1.0,2.0,1.0,1.0,2.0,1.0
design,mario,4bMZDbcE,7,Human,1.0,1.0,0.0,1.0,1.0,0.0
design,mario,4bMZDbcE,8,Human,2.0,2.0,0.0,2.0,2.0,0.0
design,mario,4bMZDbcE,9,Human,3.0,2.0,-1.0,3.0,2.0,-1.0
design,mario,4bMZDbcE,10,Human,2.0,2.0,0.0,2.0,2.0,0.0
design,mario,4bMZDbcE,11,Human,3.0,2.0,-1.0,3.0,2.0,-1.0
design,mario,4bMZDbcE,12,Human,1.0,1.0,0.0,1.0,1.0,0.0
design,mario,4bMZDbcE,13,Human,1.0,1.0,0.0,1.0,1.0,0.0
design,mario,4bMZDbcE,14,Human,2.0,1.0,-1.0,2.0,1.0,-1.0
design,mario,4bMZDbcE,15,Human,2.0,1.0,-1.0,2.0,1.0,-1.0
design,mario,4bMZDbcE,16,Human,2.0,2.0,0.0,2.0,2.0,0.0
design,mario,4bMZDbcE,17,Human,1.0,1.0,0.0,1.0,1.0,0.0
design,mario,4bMZDbcE,18,Human,1.0,2.0,1.0,1.0,2.0,1.0
design,mario,4bMZDbcE,19,Human,2.0,1.0,-1.0,2.0,1.0,-1.0
design,mario,4bMZDbcE,20,Human,2.0,4.0,2.0,2.0,4.0,2.0
design,mario,8cgqvaZu,1,AI,2.0,2.0,0.0,2.0,2.0,0.0
design,mario,8cgqvaZu,2,AI,2.0,3.0,1.0,2.0,3.0,1.0
design,mario,8cgqvaZu,3,AI,4.0,2.0,-2.0,4.0,2.0,-2.0
design,mario,8cgqvaZu,4,AI,1.0,2.0,1.0,1.0,2.0,1.0
design,mario,8cgqvaZu,5,AI,2.0,2.0,0.0,2.0,2.0,0.0
design,mario,8cgqvaZu,6,AI,3.0,2.0,-1.0,3.0,2.0,-1.0
design,mario,8cgqvaZu,7,AI,3.0,1.0,-2.0,3.0,1.0,-2.0
design,mario,8cgqvaZu,8,AI,2.0,2.0,0.0,2.0,2.0,0.0
design,mario,8cgqvaZu,9,AI,1.0,2.0,1.0,1.0,2.0,1.0
design,mario,8cgqvaZu,10,AI,2.0,2.0,0.0,2.0,2.0,0.0
design,mario,8cgqvaZu,11,AI,1.0,2.0,1.0,1.0,2.0,1.0
design,mario,8cgqvaZu,12,AI,2.0,1.0,-1.0,2.0,1.0,-1.0
design,mario,8cgqvaZu,13,AI,4.0,2.0,-2.0,4.0,2.0,-2.0
design,mario,8cgqvaZu,14,AI,4.0,2.0,-2.0,4.0,2.0,-2.0
design,mario,8cgqvaZu,15,AI,3.0,4.0,1.0,3.0,4.0,1.0
design,mario,8cgqvaZu,16,AI,4.0,2.0,-2.0,4.0,2.0,-2.0
design,mario,8cgqvaZu,17,AI,1.0,3.0,2.0,1.0,3.0,2.0
design,mario,8cgqvaZu,18,AI,3.0,2.0,-1.0,3.0,2.0,-1.0
design,mario,8cgqvaZu,19,AI,4.0,4.0,0.0,4.0,4.0,0.0
design,mario,8cgqvaZu,20,AI,1.0,3.0,2.0,1.0,3.0,2.0
design,mario,9Y6J8Rb8,1,AI,1.0,2.0,1.0,1.0,2.0,1.0
design,mario,9Y6J8Rb8,2,AI,1.0,2.0,1.0,1.0,2.0,1.0
design,mario,9Y6J8Rb8,3,AI,1.0,2.0,1.0,1.0,2.0,1.0
design,mario,9Y6J8Rb8,4,AI,1.0,2.0,1.0,1.0,2.0,1.0
design,mario,9Y6J8Rb8,5,AI,1.0,1.0,0.0,1.0,1.0,0.0
design,mario,9Y6J8Rb8,6,AI,1.0,1.0,0.0,1.0,1.0,0.0
design,mario,9Y6J8Rb8,7,AI,1.0,1.0,0.0,1.0,1.0,0.0
design,mario,9Y6J8Rb8,8,AI,1.0,1.0,0.0,1.0,1.0,0.0
design,mario,9Y6J8Rb8,9,AI,1.0,3.0,2.0,1.0,3.0,2.0
design,mario,9Y6J8Rb8,10,AI,1.0,4.0,3.0,1.0,4.0,3.0
design,mario,9Y6J8Rb8,11,AI,2.0,2.0,0.0,2.0,2.0,0.0
design,mario,9Y6J8Rb8,12,AI,1.0,1.0,0.0,1.0,1.0,0.0
design,mario,9Y6J8Rb8,13,AI,1.0,2.0,1.0,1.0,2.0,1.0
design,mario,9Y6J8Rb8,14,AI,1.0,2.0,1.0,1.0,2.0,1.0
design,mario,9Y6J8Rb8,15,AI,1.0,2.0,1.0,1.0,2.0,1.0
design,mario,9Y6J8Rb8,16,AI,2.0,1.0,-1.0,2.0,1.0,-1.0
design,mario,9Y6J8Rb8,17,AI,1.0,1.0,0.0,1.0,1.0,0.0
design,mario,9Y6J8Rb8,18,AI,2.0,2.0,0.0,2.0,2.0,0.0
design,mario,9Y6J8Rb8,19,AI,1.0,1.0,0.0,1.0,1.0,0.0
design,mario,9Y6J8Rb8,20,AI,1.0,3.0,2.0,1.0,3.0,2.0
design,mario,Jvmo5e7c,1,Human,2.0,1.0,-1.0,2.0,1.0,-1.0
design,mario,Jvmo5e7c,2,Human,2.0,2.0,0.0,2.0,2.0,0.0
design,mario,Jvmo5e7c,3,Human,4.0,1.0,-3.0,4.0,1.0,-3.0
design,mario,Jvmo5e7c,4,Human,4.0,2.0,-2.0,4.0,2.0,-2.0
design,mario,Jvmo5e7c,5,Human,2.0,2.0,0.0,2.0,2.0,0.0
design,mario,Jvmo5e7c,6,Human,2.0,4.0,2.0,2.0,4.0,2.0
design,mario,Jvmo5e7c,7,Human,2.0,2.0,0.0,2.0,2.0,0.0
design,mario,Jvmo5e7c,8,Human,3.0,3.0,0.0,3.0,3.0,0.0
design,mario,Jvmo5e7c,9,Human,1.0,2.0,1.0,1.0,2.0,1.0
design,mario,Jvmo5e7c,10,Human,3.0,2.0,-1.0,3.0,2.0,-1.0
design,mario,Jvmo5e7c,11,Human,4.0,4.0,0.0,4.0,4.0,0.0
design,mario,Jvmo5e7c,12,Human,4.0,3.0,-1.0,4.0,3.0,-1.0
design,mario,Jvmo5e7c,13,Human,3.0,2.0,-1.0,3.0,2.0,-1.0
design,mario,Jvmo5e7c,14,Human,4.0,2.0,-2.0,4.0,2.0,-2.0
design,mario,Jvmo5e7c,15,Human,4.0,2.0,-2.0,4.0,2.0,-2.0
design,mario,Jvmo5e7c,16,Human,4.0,4.0,0.0,4.0,4.0,0.0
design,mario,Jvmo5e7c,17,Human,4.0,2.0,-2.0,4.0,2.0,-2.0
design,mario,Jvmo5e7c,18,Human,3.0,1.0,-2.0,3.0,1.0,-2.0
design,mario,Jvmo5e7c,19,Human,2.0,2.0,0.0,2.0,2.0,0.0
design,mario,Jvmo5e7c,20,Human,2.0,4.0,2.0,2.0,4.0,2.0
design,mario,KKZ1dszi,1,AI,2.0,2.0,0.0,2.0,2.0,0.0
design,mario,KKZ1dszi,2,AI,2.0,1.0,-1.0,2.0,1.0,-1.0
design,mario,KKZ1dszi,3,AI,1.0,2.0,1.0,1.0,2.0,1.0
design,mario,KKZ1dszi,4,AI,3.0,1.0,-2.0,3.0,1.0,-2.0
design,mario,KKZ1dszi,5,AI,1.0,3.0,2.0,1.0,3.0,2.0
design,mario,KKZ1dszi,6,AI,2.0,1.0,-1.0,2.0,1.0,-1.0
design,mario,KKZ1dszi,7,AI,2.0,1.0,-1.0,2.0,1.0,-1.0
design,mario,KKZ1dszi,8,AI,4.0,1.0,-3.0,4.0,1.0,-3.0
design,mario,KKZ1dszi,9,AI,1.0,2.0,1.0,1.0,2.0,1.0
design,mario,KKZ1dszi,10,AI,4.0,1.0,-3.0,4.0,1.0,-3.0
design,mario,KKZ1dszi,11,AI,3.0,2.0,-1.0,3.0,2.0,-1.0
design,mario,KKZ1dszi,12,AI,1.0,1.0,0.0,1.0,1.0,0.0
design,mario,KKZ1dszi,13,AI,1.0,2.0,1.0,1.0,2.0,1.0
design,mario,KKZ1dszi,14,AI,1.0,1.0,0.0,1.0,1.0,0.0
design,mario,KKZ1dszi,15,AI,1.0,2.0,1.0,1.0,2.0,1.0
design,mario,KKZ1dszi,16,AI,2.0,2.0,0.0,2.0,2.0,0.0
design,mario,KKZ1dszi,17,AI,1.0,2.0,1.0,1.0,2.0,1.0
design,mario,KKZ1dszi,18,AI,1.0,3.0,2.0,1.0,3.0,2.0
design,mario,KKZ1dszi,19,AI,2.0,2.0,0.0,2.0,2.0,0.0
design,mario,KKZ1dszi,20,AI,1.0,3.0,2.0,1.0,3.0,2.0
design,mario,RtKfCoTJ,1,Human,2.0,2.0,0.0,2.0,2.0,0.0
design,mario,RtKfCoTJ,2,Human,2.0,1.0,-1.0,2.0,1.0,-1.0
design,mario,RtKfCoTJ,3,Human,1.0,1.0,0.0,1.0,1.0,0.0
design,mario,RtKfCoTJ,4,Human,1.0,1.0,0.0,1.0,1.0,0.0
design,mario,RtKfCoTJ,5,Human,1.0,1.0,0.0,1.0,1.0,0.0
design,mario,RtKfCoTJ,6,Human,2.0,1.0,-1.0,2.0,1.0,-1.0
design,mario,RtKfCoTJ,7,Human,1.0,1.0,0.0,1.0,1.0,0.0
design,mario,RtKfCoTJ,8,Human,3.0,1.0,-2.0,3.0,1.0,-2.0
design,mario,RtKfCoTJ,9,Human,1.0,1.0,0.0,1.0,1.0,0.0
design,mario,RtKfCoTJ,10,Human,1.0,1.0,0.0,1.0,1.0,0.0
design,mario,RtKfCoTJ,11,Human,1.0,1.0,0.0,1.0,1.0,0.0
design,mario,RtKfCoTJ,12,Human,1.0,1.0,0.0,1.0,1.0,0.0
design,mario,RtKfCoTJ,13,Human,2.0,1.0,-1.0,2.0,1.0,-1.0
design,mario,RtKfCoTJ,14,Human,1.0,1.0,0.0,1.0,1.0,0.0
design,mario,RtKfCoTJ,15,Human,1.0,2.0,1.0,1.0,2.0,1.0
design,mario,RtKfCoTJ,16,Human,1.0,1.0,0.0,1.0,1.0,0.0
design,mario,RtKfCoTJ,17,Human,1.0,1.0,0.0,1.0,1.0,0.0
design,mario,RtKfCoTJ,18,Human,1.0,1.0,0.0,1.0,1.0,0.0
design,mario,RtKfCoTJ,19,Human,1.0,1.0,0.0,1.0,1.0,0.0
design,mario,RtKfCoTJ,20,Human,2.0,2.0,0.0,2.0,2.0,0.0
design,mario,S7F69Idf,1,AI,2.0,2.0,0.0,2.0,2.0,0.0
design,mario,S7F69Idf,2,AI,2.0,2.0,0.0,2.0,2.0,0.0
design,mario,S7F69Idf,3,AI,3.0,2.0,-1.0,3.0,2.0,-1.0
design,mario,S7F69Idf,4,AI,2.0,1.0,-1.0,2.0,1.0,-1.0
design,mario,S7F69Idf,5,AI,2.0,1.0,-1.0,2.0,1.0,-1.0
design,mario,S7F69Idf,6,AI,2.0,2.0,0.0,2.0,2.0,0.0
design,mario,S7F69Idf,7,AI,1.0,1.0,0.0,1.0,1.0,0.0
design,mario,S7F69Idf,8,AI,2.0,2.0,0.0,2.0,2.0,0.0
design,mario,S7F69Idf,9,AI,2.0,1.0,-1.0,2.0,1.0,-1.0
design,mario,S7F69Idf,10,AI,2.0,2.0,0.0,2.0,2.0,0.0
design,mario,S7F69Idf,11,AI,2.0,2.0,0.0,2.0,2.0,0.0
design,mario,S7F69Idf,12,AI,2.0,2.0,0.0,2.0,2.0,0.0
design,mario,S7F69Idf,13,AI,4.0,2.0,-2.0,4.0,2.0,-2.0
design,mario,S7F69Idf,14,AI,2.0,2.0,0.0,2.0,2.0,0.0
design,mario,S7F69Idf,15,AI,2.0,2.0,0.0,2.0,2.0,0.0
design,mario,S7F69Idf,16,AI,3.0,2.0,-1.0,3.0,2.0,-1.0
design,mario,S7F69Idf,17,AI,2.0,2.0,0.0,2.0,2.0,0.0
design,mario,S7F69Idf,18,AI,2.0,2.0,0.0,2.0,2.0,0.0
design,mario,S7F69Idf,19,AI,2.0,2.0,0.0,2.0,2.0,0.0
design,mario,S7F69Idf,20,AI,2.0,2.0,0.0,2.0,2.0,0.0
design,mario,U3v9pEvF,1,AI,1.0,1.0,0.0,1.0,1.0,0.0
design,mario,U3v9pEvF,2,AI,1.0,1.0,0.0,1.0,1.0,0.0
design,mario,U3v9pEvF,3,AI,1.0,3.0,2.0,1.0,3.0,2.0
design,mario,U3v9pEvF,4,AI,1.0,1.0,0.0,1.0,1.0,0.0
design,mario,U3v9pEvF,5,AI,4.0,1.0,-3.0,4.0,1.0,-3.0
design,mario,U3v9pEvF,6,AI,2.0,3.0,1.0,2.0,3.0,1.0
design,mario,U3v9pEvF,7,AI,1.0,4.0,3.0,1.0,4.0,3.0
design,mario,U3v9pEvF,8,AI,4.0,1.0,-3.0,4.0,1.0,-3.0
design,mario,U3v9pEvF,9,AI,3.0,4.0,1.0,3.0,4.0,1.0
design,mario,U3v9pEvF,10,AI,2.0,1.0,-1.0,2.0,1.0,-1.0
design,mario,U3v9pEvF,11,AI,3.0,2.0,-1.0,3.0,2.0,-1.0
design,mario,U3v9pEvF,12,AI,4.0,2.0,-2.0,4.0,2.0,-2.0
design,mario,U3v9pEvF,13,AI,1.0,3.0,2.0,1.0,3.0,2.0
design,mario,U3v9pEvF,14,AI,3.0,3.0,0.0,3.0,3.0,0.0
design,mario,U3v9pEvF,15,AI,4.0,2.0,-2.0,4.0,2.0,-2.0
design,mario,U3v9pEvF,16,AI,1.0,2.0,1.0,1.0,2.0,1.0
design,mario,U3v9pEvF,17,AI,2.0,1.0,-1.0,2.0,1.0,-1.0
design,mario,U3v9pEvF,18,AI,1.0,2.0,1.0,1.0,2.0,1.0
design,mario,U3v9pEvF,19,AI,2.0,1.0,-1.0,2.0,1.0,-1.0
design,mario,U3v9pEvF,20,AI,4.0,1.0,-3.0,4.0,1.0,-3.0
design,mario,V5XEzcZd,1,Human,2.0,2.0,0.0,2.0,2.0,0.0
design,mario,V5XEzcZd,2,Human,1.0,2.0,1.0,1.0,2.0,1.0
design,mario,V5XEzcZd,3,Human,2.0,3.0,1.0,2.0,3.0,1.0
design,mario,V5XEzcZd,4,Human,3.0,1.0,-2.0,3.0,1.0,-2.0
design,mario,V5XEzcZd,5,Human,2.0,2.0,0.0,2.0,2.0,0.0
design,mario,V5XEzcZd,6,Human,2.0,2.0,0.0,2.0,2.0,0.0
design,mario,V5XEzcZd,7,Human,2.0,2.0,0.0,2.0,2.0,0.0
design,mario,V5XEzcZd,8,Human,2.0,2.0,0.0,2.0,2.0,0.0
design,mario,V5XEzcZd,9,Human,2.0,2.0,0.0,2.0,2.0,0.0
design,mario,V5XEzcZd,10,Human,2.0,4.0,2.0,2.0,4.0,2.0
design,mario,V5XEzcZd,11,Human,1.0,2.0,1.0,1.0,2.0,1.0
design,mario,V5XEzcZd,12,Human,3.0,2.0,-1.0,3.0,2.0,-1.0
design,mario,V5XEzcZd,13,Human,1.0,3.0,2.0,1.0,3.0,2.0
design,mario,V5XEzcZd,14,Human,2.0,3.0,1.0,2.0,3.0,1.0
design,mario,V5XEzcZd,15,Human,1.0,2.0,1.0,1.0,2.0,1.0
design,mario,V5XEzcZd,16,Human,1.0,4.0,3.0,1.0,4.0,3.0
design,mario,V5XEzcZd,17,Human,1.0,2.0,1.0,1.0,2.0,1.0
design,mario,V5XEzcZd,18,Human,1.0,2.0,1.0,1.0,2.0,1.0
design,mario,V5XEzcZd,19,Human,2.0,2.0,0.0,2.0,2.0,0.0
design,mario,V5XEzcZd,20,Human,2.0,2.0,0.0,2.0,2.0,0.0
design,mario,XYTl4EzV,1,Human,1.0,1.0,0.0,1.0,1.0,0.0
design,mario,XYTl4EzV,2,Human,1.0,1.0,0.0,1.0,1.0,0.0
design,mario,XYTl4EzV,3,Human,1.0,1.0,0.0,1.0,1.0,0.0
design,mario,XYTl4EzV,4,Human,1.0,1.0,0.0,1.0,1.0,0.0
design,mario,XYTl4EzV,5,Human,1.0,1.0,0.0,1.0,1.0,0.0
design,mario,XYTl4EzV,6,Human,1.0,1.0,0.0,1.0,1.0,0.0
design,mario,XYTl4EzV,7,Human,1.0,1.0,0.0,1.0,1.0,0.0
design,mario,XYTl4EzV,8,Human,1.0,1.0,0.0,1.0,1.0,0.0
design,mario,XYTl4EzV,9,Human,1.0,1.0,0.0,1.0,1.0,0.0
design,mario,XYTl4EzV,10,Human,1.0,1.0,0.0,1.0,1.0,0.0
design,mario,XYTl4EzV,11,Human,1.0,1.0,0.0,1.0,1.0,0.0
design,mario,XYTl4EzV,12,Human,1.0,1.0,0.0,1.0,1.0,0.0
design,mario,XYTl4EzV,13,Human,1.0,1.0,0.0,1.0,1.0,0.0
design,mario,XYTl4EzV,14,Human,1.0,1.0,0.0,1.0,1.0,0.0
design,mario,XYTl4EzV,15,Human,1.0,1.0,0.0,1.0,1.0,0.0
design,mario,XYTl4EzV,16,Human,1.0,1.0,0.0,1.0,1.0,0.0
design,mario,XYTl4EzV,17,Human,1.0,1.0,0.0,1.0,1.0,0.0
design,mario,XYTl4EzV,18,Human,1.0,1.0,0.0,1.0,1.0,0.0
design,mario,XYTl4EzV,19,Human,1.0,1.0,0.0,1.0,1.0,0.0
design,mario,XYTl4EzV,20,Human,1.0,1.0,0.0,1.0,1.0,0.0
design,mario,Xd8WtCNl,1,AI,2.0,1.0,-1.0,2.0,1.0,-1.0
design,mario,Xd8WtCNl,2,AI,3.0,2.0,-1.0,3.0,2.0,-1.0
design,mario,Xd8WtCNl,3,AI,1.0,1.0,0.0,1.0,1.0,0.0
design,mario,Xd8WtCNl,4,AI,2.0,1.0,-1.0,2.0,1.0,-1.0
design,mario,Xd8WtCNl,5,AI,4.0,2.0,-2.0,4.0,2.0,-2.0
design,mario,Xd8WtCNl,6,AI,4.0,2.0,-2.0,4.0,2.0,-2.0
design,mario,Xd8WtCNl,7,AI,3.0,3.0,0.0,3.0,3.0,0.0
design,mario,Xd8WtCNl,8,AI,1.0,4.0,3.0,1.0,4.0,3.0
design,mario,Xd8WtCNl,9,AI,4.0,2.0,-2.0,4.0,2.0,-2.0
design,mario,Xd8WtCNl,10,AI,4.0,3.0,-1.0,4.0,3.0,-1.0
design,mario,Xd8WtCNl,11,AI,2.0,2.0,0.0,2.0,2.0,0.0
design,mario,Xd8WtCNl,12,AI,3.0,3.0,0.0,3.0,3.0,0.0
design,mario,Xd8WtCNl,13,AI,3.0,2.0,-1.0,3.0,2.0,-1.0
design,mario,Xd8WtCNl,14,AI,2.0,4.0,2.0,2.0,4.0,2.0
design,mario,Xd8WtCNl,15,AI,2.0,2.0,0.0,2.0,2.0,0.0
design,mario,Xd8WtCNl,16,AI,2.0,2.0,0.0,2.0,2.0,0.0
design,mario,Xd8WtCNl,17,AI,1.0,2.0,1.0,1.0,2.0,1.0
design,mario,Xd8WtCNl,18,AI,2.0,4.0,2.0,2.0,4.0,2.0
design,mario,Xd8WtCNl,19,AI,3.0,2.0,-1.0,3.0,2.0,-1.0
design,mario,Xd8WtCNl,20,AI,4.0,4.0,0.0,4.0,4.0,0.0
design,mario,br59gvRp,1,AI,2.0,1.0,-1.0,2.0,1.0,-1.0
design,mario,br59gvRp,2,AI,1.0,1.0,0.0,1.0,1.0,0.0
design,mario,br59gvRp,3,AI,2.0,1.0,-1.0,2.0,1.0,-1.0
design,mario,br59gvRp,4,AI,1.0,1.0,0.0,1.0,1.0,0.0
design,mario,br59gvRp,5,AI,1.0,1.0,0.0,1.0,1.0,0.0
design,mario,br59gvRp,6,AI,1.0,1.0,0.0,1.0,1.0,0.0
design,mario,br59gvRp,7,AI,1.0,1.0,0.0,1.0,1.0,0.0
design,mario,br59gvRp,8,AI,1.0,1.0,0.0,1.0,1.0,0.0
design,mario,br59gvRp,9,AI,1.0,1.0,0.0,1.0,1.0,0.0
design,mario,br59gvRp,10,AI,1.0,1.0,0.0,1.0,1.0,0.0
design,mario,br59gvRp,11,AI,1.0,1.0,0.0,1.0,1.0,0.0
design,mario,br59gvRp,12,AI,1.0,1.0,0.0,1.0,1.0,0.0
design,mario,br59gvRp,13,AI,1.0,1.0,0.0,1.0,1.0,0.0
design,mario,br59gvRp,14,AI,1.0,1.0,0.0,1.0,1.0,0.0
design,mario,br59gvRp,15,AI,1.0,1.0,0.0,1.0,1.0,0.0
design,mario,br59gvRp,16,AI,1.0,1.0,0.0,1.0,1.0,0.0
design,mario,br59gvRp,17,AI,1.0,1.0,0.0,1.0,1.0,0.0
design,mario,br59gvRp,18,AI,1.0,1.0,0.0,1.0,1.0,0.0
design,mario,br59gvRp,19,AI,1.0,1.0,0.0,1.0,1.0,0.0
design,mario,br59gvRp,20,AI,1.0,1.0,0.0,1.0,1.0,0.0
design,mario,dwIZVZn4,1,AI,1.0,1.0,0.0,1.0,1.0,0.0
design,mario,dwIZVZn4,2,AI,1.0,1.0,0.0,1.0,1.0,0.0
design,mario,dwIZVZn4,3,AI,2.0,1.0,-1.0,2.0,1.0,-1.0
design,mario,dwIZVZn4,4,AI,1.0,1.0,0.0,1.0,1.0,0.0
design,mario,dwIZVZn4,5,AI,2.0,2.0,0.0,2.0,2.0,0.0
design,mario,dwIZVZn4,6,AI,3.0,2.0,-1.0,3.0,2.0,-1.0
design,mario,dwIZVZn4,7,AI,1.0,1.0,0.0,1.0,1.0,0.0
design,mario,dwIZVZn4,8,AI,2.0,1.0,-1.0,2.0,1.0,-1.0
design,mario,dwIZVZn4,9,AI,2.0,2.0,0.0,2.0,2.0,0.0
design,mario,dwIZVZn4,10,AI,3.0,1.0,-2.0,3.0,1.0,-2.0
design,mario,dwIZVZn4,11,AI,1.0,1.0,0.0,1.0,1.0,0.0
design,mario,dwIZVZn4,12,AI,3.0,1.0,-2.0,3.0,1.0,-2.0
design,mario,dwIZVZn4,13,AI,1.0,1.0,0.0,1.0,1.0,0.0
design,mario,dwIZVZn4,14,AI,1.0,2.0,1.0,1.0,2.0,1.0
design,mario,dwIZVZn4,15,AI,1.0,2.0,1.0,1.0,2.0,1.0
design,mario,dwIZVZn4,16,AI,3.0,3.0,0.0,3.0,3.0,0.0
design,mario,dwIZVZn4,17,AI,1.0,2.0,1.0,1.0,2.0,1.0
design,mario,dwIZVZn4,18,AI,2.0,2.0,0.0,2.0,2.0,0.0
design,mario,dwIZVZn4,19,AI,2.0,1.0,-1.0,2.0,1.0,-1.0
design,mario,dwIZVZn4,20,AI,1.0,1.0,0.0,1.0,1.0,0.0
design,mario,fc3fEIzT,1,Human,2.0,1.0,-1.0,2.0,1.0,-1.0
design,mario,fc3fEIzT,2,Human,2.0,2.0,0.0,2.0,2.0,0.0
design,mario,fc3fEIzT,3,Human,1.0,1.0,0.0,1.0,1.0,0.0
design,mario,fc3fEIzT,4,Human,1.0,1.0,0.0,1.0,1.0,0.0
design,mario,fc3fEIzT,5,Human,1.0,2.0,1.0,1.0,2.0,1.0
design,mario,fc3fEIzT,6,Human,1.0,1.0,0.0,1.0,1.0,0.0
design,mario,fc3fEIzT,7,Human,2.0,1.0,-1.0,2.0,1.0,-1.0
design,mario,fc3fEIzT,8,Human,1.0,2.0,1.0,1.0,2.0,1.0
design,mario,fc3fEIzT,9,Human,1.0,1.0,0.0,1.0,1.0,0.0
design,mario,fc3fEIzT,10,Human,1.0,1.0,0.0,1.0,1.0,0.0
design,mario,fc3fEIzT,11,Human,1.0,1.0,0.0,1.0,1.0,0.0
design,mario,fc3fEIzT,12,Human,2.0,1.0,-1.0,2.0,1.0,-1.0
design,mario,fc3fEIzT,13,Human,2.0,1.0,-1.0,2.0,1.0,-1.0
design,mario,fc3fEIzT,14,Human,1.0,1.0,0.0,1.0,1.0,0.0
design,mario,fc3fEIzT,15,Human,2.0,1.0,-1.0,2.0,1.0,-1.0
design,mario,fc3fEIzT,16,Human,1.0,1.0,0.0,1.0,1.0,0.0
design,mario,fc3fEIzT,17,Human,2.0,2.0,0.0,2.0,2.0,0.0
design,mario,fc3fEIzT,18,Human,2.0,1.0,-1.0,2.0,1.0,-1.0
design,mario,fc3fEIzT,19,Human,1.0,1.0,0.0,1.0,1.0,0.0
design,mario,fc3fEIzT,20,Human,1.0,1.0,0.0,1.0,1.0,0.0
design,mario,gZGPAuuB,1,Human,2.0,2.0,0.0,2.0,2.0,0.0
design,mario,gZGPAuuB,2,Human,4.0,2.0,-2.0,4.0,2.0,-2.0
design,mario,gZGPAuuB,3,Human,4.0,2.0,-2.0,4.0,2.0,-2.0
design,mario,gZGPAuuB,4,Human,2.0,4.0,2.0,2.0,4.0,2.0
design,mario,gZGPAuuB,5,Human,3.0,2.0,-1.0,3.0,2.0,-1.0
design,mario,gZGPAuuB,6,Human,2.0,3.0,1.0,2.0,3.0,1.0
design,mario,gZGPAuuB,7,Human,3.0,2.0,-1.0,3.0,2.0,-1.0
design,mario,gZGPAuuB,8,Human,2.0,2.0,0.0,2.0,2.0,0.0
design,mario,gZGPAuuB,9,Human,2.0,2.0,0.0,2.0,2.0,0.0
design,mario,gZGPAuuB,10,Human,2.0,2.0,0.0,2.0,2.0,0.0
design,mario,gZGPAuuB,11,Human,2.0,2.0,0.0,2.0,2.0,0.0
design,mario,gZGPAuuB,12,Human,3.0,2.0,-1.0,3.0,2.0,-1.0
design,mario,gZGPAuuB,13,Human,3.0,3.0,0.0,3.0,3.0,0.0
design,mario,gZGPAuuB,14,Human,4.0,2.0,-2.0,4.0,2.0,-2.0
design,mario,gZGPAuuB,15,Human,2.0,2.0,0.0,2.0,2.0,0.0
design,mario,gZGPAuuB,16,Human,2.0,2.0,0.0,2.0,2.0,0.0
design,mario,gZGPAuuB,17,Human,3.0,2.0,-1.0,3.0,2.0,-1.0
design,mario,gZGPAuuB,18,Human,2.0,2.0,0.0,2.0,2.0,0.0
design,mario,gZGPAuuB,19,Human,2.0,3.0,1.0,2.0,3.0,1.0
design,mario,gZGPAuuB,20,Human,2.0,2.0,0.0,2.0,2.0,0.0
design,mario,gngXYJwH,1,AI,4.0,3.0,-1.0,4.0,3.0,-1.0
design,mario,gngXYJwH,2,AI,2.0,4.0,2.0,2.0,4.0,2.0
design,mario,gngXYJwH,3,AI,3.0,3.0,0.0,3.0,3.0,0.0
design,mario,gngXYJwH,4,AI,2.0,2.0,0.0,2.0,2.0,0.0
design,mario,gngXYJwH,5,AI,4.0,2.0,-2.0,4.0,2.0,-2.0
design,mario,gngXYJwH,6,AI,4.0,2.0,-2.0,4.0,2.0,-2.0
design,mario,gngXYJwH,7,AI,4.0,3.0,-1.0,4.0,3.0,-1.0
design,mario,gngXYJwH,8,AI,4.0,2.0,-2.0,4.0,2.0,-2.0
design,mario,gngXYJwH,9,AI,4.0,2.0,-2.0,4.0,2.0,-2.0
design,mario,gngXYJwH,10,AI,2.0,2.0,0.0,2.0,2.0,0.0
design,mario,gngXYJwH,11,AI,4.0,4.0,0.0,4.0,4.0,0.0
design,mario,gngXYJwH,12,AI,4.0,2.0,-2.0,4.0,2.0,-2.0
design,mario,gngXYJwH,13,AI,2.0,3.0,1.0,2.0,3.0,1.0
design,mario,gngXYJwH,14,AI,2.0,3.0,1.0,2.0,3.0,1.0
design,mario,gngXYJwH,15,AI,4.0,3.0,-1.0,4.0,3.0,-1.0
design,mario,gngXYJwH,16,AI,4.0,4.0,0.0,4.0,4.0,0.0
design,mario,gngXYJwH,17,AI,2.0,2.0,0.0,2.0,2.0,0.0
design,mario,gngXYJwH,18,AI,3.0,2.0,-1.0,3.0,2.0,-1.0
design,mario,gngXYJwH,19,AI,2.0,2.0,0.0,2.0,2.0,0.0
design,mario,gngXYJwH,20,AI,4.0,4.0,0.0,4.0,4.0,0.0
design,mario,ktod92pA,1,Human,1.0,1.0,0.0,1.0,1.0,0.0
design,mario,ktod92pA,2,Human,1.0,1.0,0.0,1.0,1.0,0.0
design,mario,ktod92pA,3,Human,3.0,1.0,-2.0,3.0,1.0,-2.0
design,mario,ktod92pA,4,Human,1.0,1.0,0.0,1.0,1.0,0.0
design,mario,ktod92pA,5,Human,1.0,1.0,0.0,1.0,1.0,0.0
design,mario,ktod92pA,6,Human,2.0,1.0,-1.0,2.0,1.0,-1.0
design,mario,ktod92pA,7,Human,3.0,1.0,-2.0,3.0,1.0,-2.0
design,mario,ktod92pA,8,Human,1.0,1.0,0.0,1.0,1.0,0.0
design,mario,ktod92pA,9,Human,1.0,1.0,0.0,1.0,1.0,0.0
design,mario,ktod92pA,10,Human,2.0,1.0,-1.0,2.0,1.0,-1.0
design,mario,ktod92pA,11,Human,1.0,1.0,0.0,1.0,1.0,0.0
design,mario,ktod92pA,12,Human,1.0,1.0,0.0,1.0,1.0,0.0
design,mario,ktod92pA,13,Human,2.0,1.0,-1.0,2.0,1.0,-1.0
design,mario,ktod92pA,14,Human,1.0,1.0,0.0,1.0,1.0,0.0
design,mario,ktod92pA,15,Human,1.0,1.0,0.0,1.0,1.0,0.0
design,mario,ktod92pA,16,Human,1.0,1.0,0.0,1.0,1.0,0.0
design,mario,ktod92pA,17,Human,1.0,1.0,0.0,1.0,1.0,0.0
design,mario,ktod92pA,18,Human,1.0,2.0,1.0,1.0,2.0,1.0
design,mario,ktod92pA,19,Human,1.0,1.0,0.0,1.0,1.0,0.0
design,mario,ktod92pA,20,Human,1.0,1.0,0.0,1.0,1.0,0.0
design,mario,lY6ELCJ9,1,Human,1.0,3.0,2.0,1.0,3.0,2.0
design,mario,lY6ELCJ9,2,Human,3.0,2.0,-1.0,3.0,2.0,-1.0
design,mario,lY6ELCJ9,3,Human,3.0,2.0,-1.0,3.0,2.0,-1.0
design,mario,lY6ELCJ9,4,Human,1.0,2.0,1.0,1.0,2.0,1.0
design,mario,lY6ELCJ9,5,Human,2.0,2.0,0.0,2.0,2.0,0.0
design,mario,lY6ELCJ9,6,Human,2.0,2.0,0.0,2.0,2.0,0.0
design,mario,lY6ELCJ9,7,Human,3.0,3.0,0.0,3.0,3.0,0.0
design,mario,lY6ELCJ9,8,Human,3.0,1.0,-2.0,3.0,1.0,-2.0
design,mario,lY6ELCJ9,9,Human,2.0,4.0,2.0,2.0,4.0,2.0
design,mario,lY6ELCJ9,10,Human,2.0,2.0,0.0,2.0,2.0,0.0
design,mario,lY6ELCJ9,11,Human,2.0,2.0,0.0,2.0,2.0,0.0
design,mario,lY6ELCJ9,12,Human,2.0,2.0,0.0,2.0,2.0,0.0
design,mario,lY6ELCJ9,13,Human,1.0,4.0,3.0,1.0,4.0,3.0
design,mario,lY6ELCJ9,14,Human,2.0,1.0,-1.0,2.0,1.0,-1.0
design,mario,lY6ELCJ9,15,Human,1.0,1.0,0.0,1.0,1.0,0.0
design,mario,lY6ELCJ9,16,Human,2.0,2.0,0.0,2.0,2.0,0.0
design,mario,lY6ELCJ9,17,Human,2.0,3.0,1.0,2.0,3.0,1.0
design,mario,lY6ELCJ9,18,Human,4.0,3.0,-1.0,4.0,3.0,-1.0
design,mario,lY6ELCJ9,19,Human,3.0,2.0,-1.0,3.0,2.0,-1.0
design,mario,lY6ELCJ9,20,Human,2.0,2.0,0.0,2.0,2.0,0.0
design,mario,lgoBPkQB,1,AI,2.0,3.0,1.0,2.0,3.0,1.0
design,mario,lgoBPkQB,2,AI,4.0,2.0,-2.0,4.0,2.0,-2.0
design,mario,lgoBPkQB,3,AI,2.0,2.0,0.0,2.0,2.0,0.0
design,mario,lgoBPkQB,4,AI,2.0,2.0,0.0,2.0,2.0,0.0
design,mario,lgoBPkQB,5,AI,2.0,2.0,0.0,2.0,2.0,0.0
design,mario,lgoBPkQB,6,AI,2.0,1.0,-1.0,2.0,1.0,-1.0
design,mario,lgoBPkQB,7,AI,2.0,1.0,-1.0,2.0,1.0,-1.0
design,mario,lgoBPkQB,8,AI,2.0,2.0,0.0,2.0,2.0,0.0
design,mario,lgoBPkQB,9,AI,2.0,1.0,-1.0,2.0,1.0,-1.0
design,mario,lgoBPkQB,10,AI,2.0,2.0,0.0,2.0,2.0,0.0
design,mario,lgoBPkQB,11,AI,4.0,1.0,-3.0,4.0,1.0,-3.0
design,mario,lgoBPkQB,12,AI,2.0,2.0,0.0,2.0,2.0,0.0
design,mario,lgoBPkQB,13,AI,2.0,2.0,0.0,2.0,2.0,0.0
design,mario,lgoBPkQB,14,AI,4.0,2.0,-2.0,4.0,2.0,-2.0
design,mario,lgoBPkQB,15,AI,1.0,1.0,0.0,1.0,1.0,0.0
design,mario,lgoBPkQB,16,AI,3.0,2.0,-1.0,3.0,2.0,-1.0
design,mario,lgoBPkQB,17,AI,2.0,2.0,0.0,2.0,2.0,0.0
design,mario,lgoBPkQB,18,AI,3.0,3.0,0.0,3.0,3.0,0.0
design,mario,lgoBPkQB,19,AI,2.0,1.0,-1.0,2.0,1.0,-1.0
design,mario,lgoBPkQB,20,AI,2.0,2.0,0.0,2.0,2.0,0.0
design,mario,mmMjssLU,1,AI,1.0,2.0,1.0,1.0,2.0,1.0
design,mario,mmMjssLU,2,AI,3.0,1.0,-2.0,3.0,1.0,-2.0
design,mario,mmMjssLU,3,AI,2.0,1.0,-1.0,2.0,1.0,-1.0
design,mario,mmMjssLU,4,AI,2.0,1.0,-1.0,2.0,1.0,-1.0
design,mario,mmMjssLU,5,AI,2.0,1.0,-1.0,2.0,1.0,-1.0
design,mario,mmMjssLU,6,AI,1.0,2.0,1.0,1.0,2.0,1.0
design,mario,mmMjssLU,7,AI,3.0,2.0,-1.0,3.0,2.0,-1.0
design,mario,mmMjssLU,8,AI,2.0,1.0,-1.0,2.0,1.0,-1.0
design,mario,mmMjssLU,9,AI,1.0,2.0,1.0,1.0,2.0,1.0
design,mario,mmMjssLU,10,AI,1.0,1.0,0.0,1.0,1.0,0.0
design,mario,mmMjssLU,11,AI,3.0,2.0,-1.0,3.0,2.0,-1.0
design,mario,mmMjssLU,12,AI,1.0,1.0,0.0,1.0,1.0,0.0
design,mario,mmMjssLU,13,AI,2.0,1.0,-1.0,2.0,1.0,-1.0
design,mario,mmMjssLU,14,AI,2.0,2.0,0.0,2.0,2.0,0.0
design,mario,mmMjssLU,15,AI,2.0,2.0,0.0,2.0,2.0,0.0
design,mario,mmMjssLU,16,AI,1.0,2.0,1.0,1.0,2.0,1.0
design,mario,mmMjssLU,17,AI,2.0,1.0,-1.0,2.0,1.0,-1.0
design,mario,mmMjssLU,18,AI,3.0,2.0,-1.0,3.0,2.0,-1.0
design,mario,mmMjssLU,19,AI,2.0,2.0,0.0,2.0,2.0,0.0
design,mario,mmMjssLU,20,AI,1.0,3.0,2.0,1.0,3.0,2.0
design,mario,oGL3xUR2,1,Human,1.0,1.0,0.0,1.0,1.0,0.0
design,mario,oGL3xUR2,2,Human,1.0,2.0,1.0,1.0,2.0,1.0
design,mario,oGL3xUR2,3,Human,1.0,1.0,0.0,1.0,1.0,0.0
design,mario,oGL3xUR2,4,Human,2.0,1.0,-1.0,2.0,1.0,-1.0
design,mario,oGL3xUR2,5,Human,1.0,1.0,0.0,1.0,1.0,0.0
design,mario,oGL3xUR2,6,Human,1.0,1.0,0.0,1.0,1.0,0.0
design,mario,oGL3xUR2,7,Human,1.0,1.0,0.0,1.0,1.0,0.0
design,mario,oGL3xUR2,8,Human,2.0,1.0,-1.0,2.0,1.0,-1.0
design,mario,oGL3xUR2,9,Human,1.0,1.0,0.0,1.0,1.0,0.0
design,mario,oGL3xUR2,10,Human,2.0,1.0,-1.0,2.0,1.0,-1.0
design,mario,oGL3xUR2,11,Human,1.0,1.0,0.0,1.0,1.0,0.0
design,mario,oGL3xUR2,12,Human,2.0,1.0,-1.0,2.0,1.0,-1.0
design,mario,oGL3xUR2,13,Human,1.0,1.0,0.0,1.0,1.0,0.0
design,mario,oGL3xUR2,14,Human,1.0,1.0,0.0,1.0,1.0,0.0
design,mario,oGL3xUR2,15,Human,3.0,1.0,-2.0,3.0,1.0,-2.0
design,mario,oGL3xUR2,16,Human,1.0,1.0,0.0,1.0,1.0,0.0
design,mario,oGL3xUR2,17,Human,1.0,2.0,1.0,1.0,2.0,1.0
design,mario,oGL3xUR2,18,Human,1.0,1.0,0.0,1.0,1.0,0.0
design,mario,oGL3xUR2,19,Human,1.0,1.0,0.0,1.0,1.0,0.0
design,mario,oGL3xUR2,20,Human,1.0,2.0,1.0,1.0,2.0,1.0
design,mario,pY9KB33X,1,Human,2.0,2.0,0.0,2.0,2.0,0.0
design,mario,pY9KB33X,2,Human,2.0,3.0,1.0,2.0,3.0,1.0
design,mario,pY9KB33X,3,Human,2.0,1.0,-1.0,2.0,1.0,-1.0
design,mario,pY9KB33X,4,Human,3.0,2.0,-1.0,3.0,2.0,-1.0
design,mario,pY9KB33X,5,Human,2.0,2.0,0.0,2.0,2.0,0.0
design,mario,pY9KB33X,6,Human,4.0,1.0,-3.0,4.0,1.0,-3.0
design,mario,pY9KB33X,7,Human,1.0,2.0,1.0,1.0,2.0,1.0
design,mario,pY9KB33X,8,Human,1.0,2.0,1.0,1.0,2.0,1.0
design,mario,pY9KB33X,9,Human,1.0,1.0,0.0,1.0,1.0,0.0
design,mario,pY9KB33X,10,Human,1.0,2.0,1.0,1.0,2.0,1.0
design,mario,pY9KB33X,11,Human,2.0,2.0,0.0,2.0,2.0,0.0
design,mario,pY9KB33X,12,Human,1.0,3.0,2.0,1.0,3.0,2.0
design,mario,pY9KB33X,13,Human,1.0,3.0,2.0,1.0,3.0,2.0
design,mario,pY9KB33X,14,Human,2.0,2.0,0.0,2.0,2.0,0.0
design,mario,pY9KB33X,15,Human,2.0,2.0,0.0,2.0,2.0,0.0
design,mario,pY9KB33X,16,Human,2.0,1.0,-1.0,2.0,1.0,-1.0
design,mario,pY9KB33X,17,Human,3.0,2.0,-1.0,3.0,2.0,-1.0
design,mario,pY9KB33X,18,Human,2.0,1.0,-1.0,2.0,1.0,-1.0
design,mario,pY9KB33X,19,Human,2.0,2.0,0.0,2.0,2.0,0.0
design,mario,pY9KB33X,20,Human,1.0,1.0,0.0,1.0,1.0,0.0
design,mario,tMYRotFs,1,Human,2.0,1.0,-1.0,2.0,1.0,-1.0
design,mario,tMYRotFs,2,Human,1.0,1.0,0.0,1.0,1.0,0.0
design,mario,tMYRotFs,3,Human,3.0,1.0,-2.0,3.0,1.0,-2.0
design,mario,tMYRotFs,4,Human,2.0,1.0,-1.0,2.0,1.0,-1.0
design,mario,tMYRotFs,5,Human,2.0,1.0,-1.0,2.0,1.0,-1.0
design,mario,tMYRotFs,6,Human,3.0,1.0,-2.0,3.0,1.0,-2.0
design,mario,tMYRotFs,7,Human,2.0,1.0,-1.0,2.0,1.0,-1.0
design,mario,tMYRotFs,8,Human,1.0,1.0,0.0,1.0,1.0,0.0
design,mario,tMYRotFs,9,Human,3.0,1.0,-2.0,3.0,1.0,-2.0
design,mario,tMYRotFs,10,Human,1.0,1.0,0.0,1.0,1.0,0.0
design,mario,tMYRotFs,11,Human,1.0,1.0,0.0,1.0,1.0,0.0
design,mario,tMYRotFs,12,Human,2.0,1.0,-1.0,2.0,1.0,-1.0
design,mario,tMYRotFs,13,Human,2.0,1.0,-1.0,2.0,1.0,-1.0
design,mario,tMYRotFs,14,Human,1.0,1.0,0.0,1.0,1.0,0.0
design,mario,tMYRotFs,15,Human,1.0,2.0,1.0,1.0,2.0,1.0
design,mario,tMYRotFs,16,Human,1.0,1.0,0.0,1.0,1.0,0.0
design,mario,tMYRotFs,17,Human,1.0,1.0,0.0,1.0,1.0,0.0
design,mario,tMYRotFs,18,Human,1.0,1.0,0.0,1.0,1.0,0.0
design,mario,tMYRotFs,19,Human,1.0,1.0,0.0,1.0,1.0,0.0
design,mario,tMYRotFs,20,Human,1.0,1.0,0.0,1.0,1.0,0.0
design,mario,ueNqeTXa,1,AI,1.0,1.0,0.0,1.0,1.0,0.0
design,mario,ueNqeTXa,2,AI,1.0,1.0,0.0,1.0,1.0,0.0
design,mario,ueNqeTXa,3,AI,1.0,1.0,0.0,1.0,1.0,0.0
design,mario,ueNqeTXa,4,AI,1.0,2.0,1.0,1.0,2.0,1.0
design,mario,ueNqeTXa,5,AI,1.0,1.0,0.0,1.0,1.0,0.0
design,mario,ueNqeTXa,6,AI,4.0,1.0,-3.0,4.0,1.0,-3.0
design,mario,ueNqeTXa,7,AI,1.0,2.0,1.0,1.0,2.0,1.0
design,mario,ueNqeTXa,8,AI,1.0,1.0,0.0,1.0,1.0,0.0
design,mario,ueNqeTXa,9,AI,1.0,2.0,1.0,1.0,2.0,1.0
design,mario,ueNqeTXa,10,AI,1.0,1.0,0.0,1.0,1.0,0.0
design,mario,ueNqeTXa,11,AI,1.0,1.0,0.0,1.0,1.0,0.0
design,mario,ueNqeTXa,12,AI,2.0,2.0,0.0,2.0,2.0,0.0
design,mario,ueNqeTXa,13,AI,1.0,1.0,0.0,1.0,1.0,0.0
design,mario,ueNqeTXa,14,AI,1.0,2.0,1.0,1.0,2.0,1.0
design,mario,ueNqeTXa,15,AI,1.0,2.0,1.0,1.0,2.0,1.0
design,mario,ueNqeTXa,16,AI,1.0,1.0,0.0,1.0,1.0,0.0
design,mario,ueNqeTXa,17,AI,2.0,1.0,-1.0,2.0,1.0,-1.0
design,mario,ueNqeTXa,18,AI,1.0,1.0,0.0,1.0,1.0,0.0
design,mario,ueNqeTXa,19,AI,1.0,1.0,0.0,1.0,1.0,0.0
design,mario,ueNqeTXa,20,AI,1.0,1.0,0.0,1.0,1.0,0.0
design,mario,vHybWiYq,1,AI,1.0,1.0,0.0,1.0,1.0,0.0
design,mario,vHybWiYq,2,AI,3.0,1.0,-2.0,3.0,1.0,-2.0
design,mario,vHybWiYq,3,AI,1.0,1.0,0.0,1.0,1.0,0.0
design,mario,vHybWiYq,4,AI,1.0,2.0,1.0,1.0,2.0,1.0
design,mario,vHybWiYq,5,AI,1.0,1.0,0.0,1.0,1.0,0.0
design,mario,vHybWiYq,6,AI,3.0,1.0,-2.0,3.0,1.0,-2.0
design,mario,vHybWiYq,7,AI,1.0,1.0,0.0,1.0,1.0,0.0
design,mario,vHybWiYq,8,AI,3.0,1.0,-2.0,3.0,1.0,-2.0
design,mario,vHybWiYq,9,AI,3.0,1.0,-2.0,3.0,1.0,-2.0
design,mario,vHybWiYq,10,AI,2.0,1.0,-1.0,2.0,1.0,-1.0
design,mario,vHybWiYq,11,AI,3.0,1.0,-2.0,3.0,1.0,-2.0
design,mario,vHybWiYq,12,AI,1.0,1.0,0.0,1.0,1.0,0.0
design,mario,vHybWiYq,13,AI,1.0,1.0,0.0,1.0,1.0,0.0
design,mario,vHybWiYq,14,AI,1.0,1.0,0.0,1.0,1.0,0.0
design,mario,vHybWiYq,15,AI,2.0,1.0,-1.0,2.0,1.0,-1.0
design,mario,vHybWiYq,16,AI,2.0,1.0,-1.0,2.0,1.0,-1.0
design,mario,vHybWiYq,17,AI,1.0,1.0,0.0,1.0,1.0,0.0
design,mario,vHybWiYq,18,AI,1.0,2.0,1.0,1.0,2.0,1.0
design,mario,vHybWiYq,19,AI,1.0,1.0,0.0,1.0,1.0,0.0
design,mario,vHybWiYq,20,AI,4.0,1.0,-3.0,4.0,1.0,-3.0
design,mario,x3V9NLQt,1,Human,2.0,2.0,0.0,2.0,2.0,0.0
design,mario,x3V9NLQt,2,Human,4.0,3.0,-1.0,4.0,3.0,-1.0
design,mario,x3V9NLQt,3,Human,3.0,2.0,-1.0,3.0,2.0,-1.0
design,mario,x3V9NLQt,4,Human,2.0,2.0,0.0,2.0,2.0,0.0
design,mario,x3V9NLQt,5,Human,2.0,2.0,0.0,2.0,2.0,0.0
design,mario,x3V9NLQt,6,Human,2.0,2.0,0.0,2.0,2.0,0.0
design,mario,x3V9NLQt,7,Human,2.0,2.0,0.0,2.0,2.0,0.0
design,mario,x3V9NLQt,8,Human,2.0,2.0,0.0,2.0,2.0,0.0
design,mario,x3V9NLQt,9,Human,2.0,2.0,0.0,2.0,2.0,0.0
design,mario,x3V9NLQt,10,Human,2.0,2.0,0.0,2.0,2.0,0.0
design,mario,x3V9NLQt,11,Human,2.0,2.0,0.0,2.0,2.0,0.0
design,mario,x3V9NLQt,12,Human,2.0,2.0,0.0,2.0,2.0,0.0
design,mario,x3V9NLQt,13,Human,2.0,1.0,-1.0,2.0,1.0,-1.0
design,mario,x3V9NLQt,14,Human,2.0,2.0,0.0,2.0,2.0,0.0
design,mario,x3V9NLQt,15,Human,2.0,2.0,0.0,2.0,2.0,0.0
design,mario,x3V9NLQt,16,Human,3.0,2.0,-1.0,3.0,2.0,-1.0
design,mario,x3V9NLQt,17,Human,1.0,2.0,1.0,1.0,2.0,1.0
design,mario,x3V9NLQt,18,Human,2.0,2.0,0.0,2.0,2.0,0.0
design,mario,x3V9NLQt,19,Human,2.0,2.0,0.0,2.0,2.0,0.0
design,mario,x3V9NLQt,20,Human,2.0,2.0,0.0,2.0,2.0,0.0
design,mario,xYnV8Xi7,1,AI,1.0,1.0,0.0,1.0,1.0,0.0
design,mario,xYnV8Xi7,2,AI,1.0,1.0,0.0,1.0,1.0,0.0
design,mario,xYnV8Xi7,3,AI,1.0,1.0,0.0,1.0,1.0,0.0
design,mario,xYnV8Xi7,4,AI,1.0,1.0,0.0,1.0,1.0,0.0
design,mario,xYnV8Xi7,5,AI,1.0,1.0,0.0,1.0,1.0,0.0
design,mario,xYnV8Xi7,6,AI,1.0,1.0,0.0,1.0,1.0,0.0
design,mario,xYnV8Xi7,7,AI,1.0,1.0,0.0,1.0,1.0,0.0
design,mario,xYnV8Xi7,8,AI,1.0,1.0,0.0,1.0,1.0,0.0
design,mario,xYnV8Xi7,9,AI,1.0,1.0,0.0,1.0,1.0,0.0
design,mario,xYnV8Xi7,10,AI,1.0,1.0,0.0,1.0,1.0,0.0
design,mario,xYnV8Xi7,11,AI,1.0,1.0,0.0,1.0,1.0,0.0
design,mario,xYnV8Xi7,12,AI,1.0,1.0,0.0,1.0,1.0,0.0
design,mario,xYnV8Xi7,13,AI,1.0,1.0,0.0,1.0,1.0,0.0
design,mario,xYnV8Xi7,14,AI,1.0,1.0,0.0,1.0,1.0,0.0
design,mario,xYnV8Xi7,15,AI,1.0,1.0,0.0,1.0,1.0,0.0
design,mario,xYnV8Xi7,16,AI,1.0,1.0,0.0,1.0,1.0,0.0
design,mario,xYnV8Xi7,17,AI,1.0,1.0,0.0,1.0,1.0,0.0
design,mario,xYnV8Xi7,18,AI,1.0,1.0,0.0,1.0,1.0,0.0
design,mario,xYnV8Xi7,19,AI,1.0,1.0,0.0,1.0,1.0,0.0
design,mario,xYnV8Xi7,20,AI,1.0,1.0,0.0,1.0,1.0,0.0
design,mario,yAXhWaGh,1,Human,1.0,1.0,0.0,1.0,1.0,0.0
design,mario,yAXhWaGh,2,Human,1.0,1.0,0.0,1.0,1.0,0.0
design,mario,yAXhWaGh,3,Human,1.0,1.0,0.0,1.0,1.0,0.0
design,mario,yAXhWaGh,4,Human,1.0,1.0,0.0,1.0,1.0,0.0
design,mario,yAXhWaGh,5,Human,1.0,1.0,0.0,1.0,1.0,0.0
design,mario,yAXhWaGh,6,Human,1.0,1.0,0.0,1.0,1.0,0.0
design,mario,yAXhWaGh,7,Human,1.0,1.0,0.0,1.0,1.0,0.0
design,mario,yAXhWaGh,8,Human,1.0,1.0,0.0,1.0,1.0,0.0
design,mario,yAXhWaGh,9,Human,1.0,1.0,0.0,1.0,1.0,0.0
design,mario,yAXhWaGh,10,Human,1.0,1.0,0.0,1.0,1.0,0.0
design,mario,yAXhWaGh,11,Human,1.0,1.0,0.0,1.0,1.0,0.0
design,mario,yAXhWaGh,12,Human,1.0,1.0,0.0,1.0,1.0,0.0
design,mario,yAXhWaGh,13,Human,1.0,1.0,0.0,1.0,1.0,0.0
design,mario,yAXhWaGh,14,Human,1.0,1.0,0.0,1.0,1.0,0.0
design,mario,yAXhWaGh,15,Human,1.0,1.0,0.0,1.0,1.0,0.0
design,mario,yAXhWaGh,16,Human,1.0,1.0,0.0,1.0,1.0,0.0
design,mario,yAXhWaGh,17,Human,1.0,1.0,0.0,1.0,1.0,0.0
design,mario,yAXhWaGh,18,Human,1.0,1.0,0.0,1.0,1.0,0.0
design,mario,yAXhWaGh,19,Human,1.0,1.0,0.0,1.0,1.0,0.0
design,mario,yAXhWaGh,20,Human,1.0,1.0,0.0,1.0,1.0,0.0
design,sokoban,2v2qgbvC,1,Human,1.0,1.0,0.0,1.0,1.0,0.0
design,sokoban,2v2qgbvC,2,Human,2.0,2.0,0.0,2.0,2.0,0.0
design,sokoban,2v2qgbvC,3,Human,2.0,1.0,-1.0,2.0,1.0,-1.0
design,sokoban,2v2qgbvC,4,Human,2.0,1.0,-1.0,2.0,1.0,-1.0
design,sokoban,2v2qgbvC,5,Human,2.0,1.0,-1.0,2.0,1.0,-1.0
design,sokoban,2v2qgbvC,6,Human,2.0,1.0,-1.0,2.0,1.0,-1.0
design,sokoban,2v2qgbvC,7,Human,1.0,1.0,0.0,1.0,1.0,0.0
design,sokoban,2v2qgbvC,8,Human,1.0,1.0,0.0,1.0,1.0,0.0
design,sokoban,2v2qgbvC,9,Human,2.0,2.0,0.0,2.0,2.0,0.0
design,sokoban,2v2qgbvC,10,Human,2.0,2.0,0.0,2.0,2.0,0.0
design,sokoban,2v2qgbvC,11,Human,1.0,1.0,0.0,1.0,1.0,0.0
design,sokoban,2v2qgbvC,12,Human,1.0,1.0,0.0,1.0,1.0,0.0
design,sokoban,2v2qgbvC,13,Human,2.0,1.0,-1.0,2.0,1.0,-1.0
design,sokoban,2v2qgbvC,14,Human,1.0,1.0,0.0,1.0,1.0,0.0
design,sokoban,2v2qgbvC,15,Human,2.0,2.0,0.0,2.0,2.0,0.0
design,sokoban,2v2qgbvC,16,Human,2.0,1.0,-1.0,2.0,1.0,-1.0
design,sokoban,2v2qgbvC,17,Human,2.0,1.0,-1.0,2.0,1.0,-1.0
design,sokoban,2v2qgbvC,18,Human,2.0,1.0,-1.0,2.0,1.0,-1.0
design,sokoban,2v2qgbvC,19,Human,1.0,1.0,0.0,1.0,1.0,0.0
design,sokoban,2v2qgbvC,20,Human,1.0,1.0,0.0,1.0,1.0,0.0
design,sokoban,3xtQxBWH,1,Human,2.0,2.0,0.0,2.0,2.0,0.0
design,sokoban,3xtQxBWH,2,Human,5.0,2.0,-3.0,5.0,2.0,-3.0
design,sokoban,3xtQxBWH,3,Human,3.0,2.0,-1.0,3.0,2.0,-1.0
design,sokoban,3xtQxBWH,4,Human,3.0,2.0,-1.0,3.0,2.0,-1.0
design,sokoban,3xtQxBWH,5,Human,4.0,4.0,0.0,4.0,4.0,0.0
design,sokoban,3xtQxBWH,6,Human,4.0,3.0,-1.0,4.0,3.0,-1.0
design,sokoban,3xtQxBWH,7,Human,4.0,3.0,-1.0,4.0,3.0,-1.0
design,sokoban,3xtQxBWH,8,Human,4.0,3.0,-1.0,4.0,3.0,-1.0
design,sokoban,3xtQxBWH,9,Human,5.0,3.0,-2.0,5.0,3.0,-2.0
design,sokoban,3xtQxBWH,10,Human,3.0,3.0,0.0,3.0,3.0,0.0
design,sokoban,3xtQxBWH,11,Human,4.0,4.0,0.0,4.0,4.0,0.0
design,sokoban,3xtQxBWH,12,Human,4.0,2.0,-2.0,4.0,2.0,-2.0
design,sokoban,3xtQxBWH,13,Human,4.0,4.0,0.0,4.0,4.0,0.0
design,sokoban,3xtQxBWH,14,Human,4.0,2.0,-2.0,4.0,2.0,-2.0
design,sokoban,3xtQxBWH,15,Human,3.0,2.0,-1.0,3.0,2.0,-1.0
design,sokoban,3xtQxBWH,16,Human,4.0,3.0,-1.0,4.0,3.0,-1.0
design,sokoban,3xtQxBWH,17,Human,4.0,4.0,0.0,4.0,4.0,0.0
design,sokoban,3xtQxBWH,18,Human,3.0,2.0,-1.0,3.0,2.0,-1.0
design,sokoban,3xtQxBWH,19,Human,4.0,4.0,0.0,4.0,4.0,0.0
design,sokoban,3xtQxBWH,20,Human,4.0,3.0,-1.0,4.0,3.0,-1.0
design,sokoban,5Au4nrI2,1,Human,3.0,2.0,-1.0,3.0,2.0,-1.0
design,sokoban,5Au4nrI2,2,Human,3.0,4.0,1.0,3.0,4.0,1.0
design,sokoban,5Au4nrI2,3,Human,2.0,3.0,1.0,2.0,3.0,1.0
design,sokoban,5Au4nrI2,4,Human,4.0,4.0,0.0,4.0,4.0,0.0
design,sokoban,5Au4nrI2,5,Human,3.0,3.0,0.0,3.0,3.0,0.0
design,sokoban,5Au4nrI2,6,Human,4.0,2.0,-2.0,4.0,2.0,-2.0
design,sokoban,5Au4nrI2,7,Human,2.0,1.0,-1.0,2.0,1.0,-1.0
design,sokoban,5Au4nrI2,8,Human,2.0,3.0,1.0,2.0,3.0,1.0
design,sokoban,5Au4nrI2,9,Human,4.0,2.0,-2.0,4.0,2.0,-2.0
design,sokoban,5Au4nrI2,10,Human,4.0,2.0,-2.0,4.0,2.0,-2.0
design,sokoban,5Au4nrI2,11,Human,3.0,2.0,-1.0,3.0,2.0,-1.0
design,sokoban,5Au4nrI2,12,Human,2.0,2.0,0.0,2.0,2.0,0.0
design,sokoban,5Au4nrI2,13,Human,3.0,2.0,-1.0,3.0,2.0,-1.0
design,sokoban,5Au4nrI2,14,Human,2.0,2.0,0.0,2.0,2.0,0.0
design,sokoban,5Au4nrI2,15,Human,1.0,3.0,2.0,1.0,3.0,2.0
design,sokoban,5Au4nrI2,16,Human,2.0,2.0,0.0,2.0,2.0,0.0
design,sokoban,5Au4nrI2,17,Human,4.0,2.0,-2.0,4.0,2.0,-2.0
design,sokoban,5Au4nrI2,18,Human,2.0,2.0,0.0,2.0,2.0,0.0
design,sokoban,5Au4nrI2,19,Human,4.0,2.0,-2.0,4.0,2.0,-2.0
design,sokoban,5Au4nrI2,20,Human,2.0,2.0,0.0,2.0,2.0,0.0
design,sokoban,5iXJGqnK,1,AI,4.0,2.0,-2.0,4.0,2.0,-2.0
design,sokoban,5iXJGqnK,2,AI,4.0,2.0,-2.0,4.0,2.0,-2.0
design,sokoban,5iXJGqnK,3,AI,2.0,3.0,1.0,2.0,3.0,1.0
design,sokoban,5iXJGqnK,4,AI,2.0,4.0,2.0,2.0,4.0,2.0
design,sokoban,5iXJGqnK,5,AI,4.0,2.0,-2.0,4.0,2.0,-2.0
design,sokoban,5iXJGqnK,6,AI,3.0,3.0,0.0,3.0,3.0,0.0
design,sokoban,5iXJGqnK,7,AI,4.0,2.0,-2.0,4.0,2.0,-2.0
design,sokoban,5iXJGqnK,8,AI,2.0,2.0,0.0,2.0,2.0,0.0
design,sokoban,5iXJGqnK,9,AI,4.0,4.0,0.0,4.0,4.0,0.0
design,sokoban,5iXJGqnK,10,AI,3.0,4.0,1.0,3.0,4.0,1.0
design,sokoban,5iXJGqnK,11,AI,5.0,4.0,-1.0,5.0,4.0,-1.0
design,sokoban,5iXJGqnK,12,AI,3.0,3.0,0.0,3.0,3.0,0.0
design,sokoban,5iXJGqnK,13,AI,4.0,2.0,-2.0,4.0,2.0,-2.0
design,sokoban,5iXJGqnK,14,AI,3.0,2.0,-1.0,3.0,2.0,-1.0
design,sokoban,5iXJGqnK,15,AI,4.0,3.0,-1.0,4.0,3.0,-1.0
design,sokoban,5iXJGqnK,16,AI,4.0,2.0,-2.0,4.0,2.0,-2.0
design,sokoban,5iXJGqnK,17,AI,4.0,2.0,-2.0,4.0,2.0,-2.0
design,sokoban,5iXJGqnK,18,AI,3.0,4.0,1.0,3.0,4.0,1.0
design,sokoban,5iXJGqnK,19,AI,3.0,4.0,1.0,3.0,4.0,1.0
design,sokoban,5iXJGqnK,20,AI,4.0,2.0,-2.0,4.0,2.0,-2.0
design,sokoban,73sJaNBn,1,Human,3.0,2.0,-1.0,3.0,2.0,-1.0
design,sokoban,73sJaNBn,2,Human,3.0,4.0,1.0,3.0,4.0,1.0
design,sokoban,73sJaNBn,3,Human,2.0,2.0,0.0,2.0,2.0,0.0
design,sokoban,73sJaNBn,4,Human,2.0,2.0,0.0,2.0,2.0,0.0
design,sokoban,73sJaNBn,5,Human,3.0,1.0,-2.0,3.0,1.0,-2.0
design,sokoban,73sJaNBn,6,Human,2.0,2.0,0.0,2.0,2.0,0.0
design,sokoban,73sJaNBn,7,Human,2.0,1.0,-1.0,2.0,1.0,-1.0
design,sokoban,73sJaNBn,8,Human,2.0,2.0,0.0,2.0,2.0,0.0
design,sokoban,73sJaNBn,9,Human,3.0,2.0,-1.0,3.0,2.0,-1.0
design,sokoban,73sJaNBn,10,Human,2.0,2.0,0.0,2.0,2.0,0.0
design,sokoban,73sJaNBn,11,Human,4.0,2.0,-2.0,4.0,2.0,-2.0
design,sokoban,73sJaNBn,12,Human,4.0,2.0,-2.0,4.0,2.0,-2.0
design,sokoban,73sJaNBn,13,Human,3.0,2.0,-1.0,3.0,2.0,-1.0
design,sokoban,73sJaNBn,14,Human,3.0,1.0,-2.0,3.0,1.0,-2.0
design,sokoban,73sJaNBn,15,Human,2.0,3.0,1.0,2.0,3.0,1.0
design,sokoban,73sJaNBn,16,Human,2.0,2.0,0.0,2.0,2.0,0.0
design,sokoban,73sJaNBn,17,Human,3.0,2.0,-1.0,3.0,2.0,-1.0
design,sokoban,73sJaNBn,18,Human,2.0,2.0,0.0,2.0,2.0,0.0
design,sokoban,73sJaNBn,19,Human,5.0,2.0,-3.0,5.0,2.0,-3.0
design,sokoban,73sJaNBn,20,Human,5.0,2.0,-3.0,5.0,2.0,-3.0
design,sokoban,79DSy6TF,1,AI,2.0,1.0,-1.0,2.0,1.0,-1.0
design,sokoban,79DSy6TF,2,AI,1.0,2.0,1.0,1.0,2.0,1.0
design,sokoban,79DSy6TF,3,AI,2.0,2.0,0.0,2.0,2.0,0.0
design,sokoban,79DSy6TF,4,AI,1.0,1.0,0.0,1.0,1.0,0.0
design,sokoban,79DSy6TF,5,AI,1.0,2.0,1.0,1.0,2.0,1.0
design,sokoban,79DSy6TF,6,AI,1.0,1.0,0.0,1.0,1.0,0.0
design,sokoban,79DSy6TF,7,AI,2.0,2.0,0.0,2.0,2.0,0.0
design,sokoban,79DSy6TF,8,AI,1.0,1.0,0.0,1.0,1.0,0.0
design,sokoban,79DSy6TF,9,AI,2.0,3.0,1.0,2.0,3.0,1.0
design,sokoban,79DSy6TF,10,AI,1.0,1.0,0.0,1.0,1.0,0.0
design,sokoban,79DSy6TF,11,AI,1.0,1.0,0.0,1.0,1.0,0.0
design,sokoban,79DSy6TF,12,AI,2.0,1.0,-1.0,2.0,1.0,-1.0
design,sokoban,79DSy6TF,13,AI,1.0,1.0,0.0,1.0,1.0,0.0
design,sokoban,79DSy6TF,14,AI,1.0,1.0,0.0,1.0,1.0,0.0
design,sokoban,79DSy6TF,15,AI,1.0,1.0,0.0,1.0,1.0,0.0
design,sokoban,79DSy6TF,16,AI,1.0,1.0,0.0,1.0,1.0,0.0
design,sokoban,79DSy6TF,17,AI,2.0,1.0,-1.0,2.0,1.0,-1.0
design,sokoban,79DSy6TF,18,AI,1.0,2.0,1.0,1.0,2.0,1.0
design,sokoban,79DSy6TF,19,AI,1.0,2.0,1.0,1.0,2.0,1.0
design,sokoban,79DSy6TF,20,AI,1.0,2.0,1.0,1.0,2.0,1.0
design,sokoban,7V2mu5KA,1,Human,3.0,2.0,-1.0,3.0,2.0,-1.0
design,sokoban,7V2mu5KA,2,Human,3.0,1.0,-2.0,3.0,1.0,-2.0
design,sokoban,7V2mu5KA,3,Human,4.0,4.0,0.0,4.0,4.0,0.0
design,sokoban,7V2mu5KA,4,Human,4.0,2.0,-2.0,4.0,2.0,-2.0
design,sokoban,7V2mu5KA,5,Human,2.0,1.0,-1.0,2.0,1.0,-1.0
design,sokoban,7V2mu5KA,6,Human,4.0,2.0,-2.0,4.0,2.0,-2.0
design,sokoban,7V2mu5KA,7,Human,2.0,1.0,-1.0,2.0,1.0,-1.0
design,sokoban,7V2mu5KA,8,Human,4.0,3.0,-1.0,4.0,3.0,-1.0
design,sokoban,7V2mu5KA,9,Human,2.0,2.0,0.0,2.0,2.0,0.0
design,sokoban,7V2mu5KA,10,Human,4.0,2.0,-2.0,4.0,2.0,-2.0
design,sokoban,7V2mu5KA,11,Human,3.0,2.0,-1.0,3.0,2.0,-1.0
design,sokoban,7V2mu5KA,12,Human,4.0,2.0,-2.0,4.0,2.0,-2.0
design,sokoban,7V2mu5KA,13,Human,2.0,2.0,0.0,2.0,2.0,0.0
design,sokoban,7V2mu5KA,14,Human,4.0,2.0,-2.0,4.0,2.0,-2.0
design,sokoban,7V2mu5KA,15,Human,4.0,2.0,-2.0,4.0,2.0,-2.0
design,sokoban,7V2mu5KA,16,Human,2.0,1.0,-1.0,2.0,1.0,-1.0
design,sokoban,7V2mu5KA,17,Human,4.0,2.0,-2.0,4.0,2.0,-2.0
design,sokoban,7V2mu5KA,18,Human,4.0,2.0,-2.0,4.0,2.0,-2.0
design,sokoban,7V2mu5KA,19,Human,4.0,4.0,0.0,4.0,4.0,0.0
design,sokoban,7V2mu5KA,20,Human,4.0,3.0,-1.0,4.0,3.0,-1.0
design,sokoban,8Ua6YU1D,1,Human,2.0,1.0,-1.0,2.0,1.0,-1.0
design,sokoban,8Ua6YU1D,2,Human,1.0,1.0,0.0,1.0,1.0,0.0
design,sokoban,8Ua6YU1D,3,Human,5.0,1.0,-4.0,5.0,1.0,-4.0
design,sokoban,8Ua6YU1D,4,Human,1.0,1.0,0.0,1.0,1.0,0.0
design,sokoban,8Ua6YU1D,5,Human,1.0,2.0,1.0,1.0,2.0,1.0
design,sokoban,8Ua6YU1D,6,Human,2.0,1.0,-1.0,2.0,1.0,-1.0
design,sokoban,8Ua6YU1D,7,Human,1.0,1.0,0.0,1.0,1.0,0.0
design,sokoban,8Ua6YU1D,8,Human,2.0,2.0,0.0,2.0,2.0,0.0
design,sokoban,8Ua6YU1D,9,Human,5.0,2.0,-3.0,5.0,2.0,-3.0
design,sokoban,8Ua6YU1D,10,Human,2.0,2.0,0.0,2.0,2.0,0.0
design,sokoban,8Ua6YU1D,11,Human,4.0,1.0,-3.0,4.0,1.0,-3.0
design,sokoban,8Ua6YU1D,12,Human,1.0,2.0,1.0,1.0,2.0,1.0
design,sokoban,8Ua6YU1D,13,Human,1.0,1.0,0.0,1.0,1.0,0.0
design,sokoban,8Ua6YU1D,14,Human,4.0,1.0,-3.0,4.0,1.0,-3.0
design,sokoban,8Ua6YU1D,15,Human,2.0,2.0,0.0,2.0,2.0,0.0
design,sokoban,8Ua6YU1D,16,Human,2.0,1.0,-1.0,2.0,1.0,-1.0
design,sokoban,8Ua6YU1D,17,Human,1.0,1.0,0.0,1.0,1.0,0.0
design,sokoban,8Ua6YU1D,18,Human,2.0,2.0,0.0,2.0,2.0,0.0
design,sokoban,8Ua6YU1D,19,Human,1.0,1.0,0.0,1.0,1.0,0.0
design,sokoban,8Ua6YU1D,20,Human,2.0,1.0,-1.0,2.0,1.0,-1.0
design,sokoban,H77pn4iQ,1,AI,4.0,3.0,-1.0,4.0,3.0,-1.0
design,sokoban,H77pn4iQ,2,AI,4.0,2.0,-2.0,4.0,2.0,-2.0
design,sokoban,H77pn4iQ,3,AI,4.0,3.0,-1.0,4.0,3.0,-1.0
design,sokoban,H77pn4iQ,4,AI,4.0,2.0,-2.0,4.0,2.0,-2.0
design,sokoban,H77pn4iQ,5,AI,4.0,2.0,-2.0,4.0,2.0,-2.0
design,sokoban,H77pn4iQ,6,AI,3.0,4.0,1.0,3.0,4.0,1.0
design,sokoban,H77pn4iQ,7,AI,4.0,2.0,-2.0,4.0,2.0,-2.0
design,sokoban,H77pn4iQ,8,AI,4.0,3.0,-1.0,4.0,3.0,-1.0
design,sokoban,H77pn4iQ,9,AI,4.0,3.0,-1.0,4.0,3.0,-1.0
design,sokoban,H77pn4iQ,10,AI,4.0,2.0,-2.0,4.0,2.0,-2.0
design,sokoban,H77pn4iQ,11,AI,4.0,3.0,-1.0,4.0,3.0,-1.0
design,sokoban,H77pn4iQ,12,AI,4.0,4.0,0.0,4.0,4.0,0.0
design,sokoban,H77pn4iQ,13,AI,4.0,4.0,0.0,4.0,4.0,0.0
design,sokoban,H77pn4iQ,14,AI,4.0,3.0,-1.0,4.0,3.0,-1.0
design,sokoban,H77pn4iQ,15,AI,4.0,4.0,0.0,4.0,4.0,0.0
design,sokoban,H77pn4iQ,16,AI,4.0,4.0,0.0,4.0,4.0,0.0
design,sokoban,H77pn4iQ,17,AI,4.0,4.0,0.0,4.0,4.0,0.0
design,sokoban,H77pn4iQ,18,AI,4.0,3.0,-1.0,4.0,3.0,-1.0
design,sokoban,H77pn4iQ,19,AI,3.0,4.0,1.0,3.0,4.0,1.0
design,sokoban,H77pn4iQ,20,AI,4.0,3.0,-1.0,4.0,3.0,-1.0
design,sokoban,HjLVlKx4,1,Human,2.0,2.0,0.0,2.0,2.0,0.0
design,sokoban,HjLVlKx4,2,Human,2.0,3.0,1.0,2.0,3.0,1.0
design,sokoban,HjLVlKx4,3,Human,4.0,2.0,-2.0,4.0,2.0,-2.0
design,sokoban,HjLVlKx4,4,Human,2.0,2.0,0.0,2.0,2.0,0.0
design,sokoban,HjLVlKx4,5,Human,3.0,2.0,-1.0,3.0,2.0,-1.0
design,sokoban,HjLVlKx4,6,Human,2.0,1.0,-1.0,2.0,1.0,-1.0
design,sokoban,HjLVlKx4,7,Human,3.0,3.0,0.0,3.0,3.0,0.0
design,sokoban,HjLVlKx4,8,Human,4.0,1.0,-3.0,4.0,1.0,-3.0
design,sokoban,HjLVlKx4,9,Human,2.0,2.0,0.0,2.0,2.0,0.0
design,sokoban,HjLVlKx4,10,Human,2.0,1.0,-1.0,2.0,1.0,-1.0
design,sokoban,HjLVlKx4,11,Human,2.0,1.0,-1.0,2.0,1.0,-1.0
design,sokoban,HjLVlKx4,12,Human,1.0,2.0,1.0,1.0,2.0,1.0
design,sokoban,HjLVlKx4,13,Human,2.0,2.0,0.0,2.0,2.0,0.0
design,sokoban,HjLVlKx4,14,Human,2.0,2.0,0.0,2.0,2.0,0.0
design,sokoban,HjLVlKx4,15,Human,4.0,2.0,-2.0,4.0,2.0,-2.0
design,sokoban,HjLVlKx4,16,Human,4.0,2.0,-2.0,4.0,2.0,-2.0
design,sokoban,HjLVlKx4,17,Human,3.0,2.0,-1.0,3.0,2.0,-1.0
design,sokoban,HjLVlKx4,18,Human,2.0,1.0,-1.0,2.0,1.0,-1.0
design,sokoban,HjLVlKx4,19,Human,3.0,1.0,-2.0,3.0,1.0,-2.0
design,sokoban,HjLVlKx4,20,Human,2.0,1.0,-1.0,2.0,1.0,-1.0
design,sokoban,Iz5BqRyu,1,AI,3.0,3.0,0.0,3.0,3.0,0.0
design,sokoban,Iz5BqRyu,2,AI,4.0,2.0,-2.0,4.0,2.0,-2.0
design,sokoban,Iz5BqRyu,3,AI,3.0,3.0,0.0,3.0,3.0,0.0
design,sokoban,Iz5BqRyu,4,AI,3.0,3.0,0.0,3.0,3.0,0.0
design,sokoban,Iz5BqRyu,5,AI,4.0,2.0,-2.0,4.0,2.0,-2.0
design,sokoban,Iz5BqRyu,6,AI,4.0,4.0,0.0,4.0,4.0,0.0
design,sokoban,Iz5BqRyu,7,AI,4.0,3.0,-1.0,4.0,3.0,-1.0
design,sokoban,Iz5BqRyu,8,AI,4.0,4.0,0.0,4.0,4.0,0.0
design,sokoban,Iz5BqRyu,9,AI,3.0,2.0,-1.0,3.0,2.0,-1.0
design,sokoban,Iz5BqRyu,10,AI,3.0,2.0,-1.0,3.0,2.0,-1.0
design,sokoban,Iz5BqRyu,11,AI,3.0,2.0,-1.0,3.0,2.0,-1.0
design,sokoban,Iz5BqRyu,12,AI,4.0,4.0,0.0,4.0,4.0,0.0
design,sokoban,Iz5BqRyu,13,AI,3.0,2.0,-1.0,3.0,2.0,-1.0
design,sokoban,Iz5BqRyu,14,AI,3.0,3.0,0.0,3.0,3.0,0.0
design,sokoban,Iz5BqRyu,15,AI,4.0,3.0,-1.0,4.0,3.0,-1.0
design,sokoban,Iz5BqRyu,16,AI,4.0,2.0,-2.0,4.0,2.0,-2.0
design,sokoban,Iz5BqRyu,17,AI,4.0,2.0,-2.0,4.0,2.0,-2.0
design,sokoban,Iz5BqRyu,18,AI,2.0,2.0,0.0,2.0,2.0,0.0
design,sokoban,Iz5BqRyu,19,AI,2.0,3.0,1.0,2.0,3.0,1.0
design,sokoban,Iz5BqRyu,20,AI,4.0,3.0,-1.0,4.0,3.0,-1.0
design,sokoban,LUiVjpMm,1,AI,5.0,2.0,-3.0,5.0,2.0,-3.0
design,sokoban,LUiVjpMm,2,AI,2.0,2.0,0.0,2.0,2.0,0.0
design,sokoban,LUiVjpMm,3,AI,1.0,1.0,0.0,1.0,1.0,0.0
design,sokoban,LUiVjpMm,4,AI,1.0,2.0,1.0,1.0,2.0,1.0
design,sokoban,LUiVjpMm,5,AI,2.0,1.0,-1.0,2.0,1.0,-1.0
design,sokoban,LUiVjpMm,6,AI,2.0,2.0,0.0,2.0,2.0,0.0
design,sokoban,LUiVjpMm,7,AI,2.0,1.0,-1.0,2.0,1.0,-1.0
design,sokoban,LUiVjpMm,8,AI,1.0,1.0,0.0,1.0,1.0,0.0
design,sokoban,LUiVjpMm,9,AI,2.0,1.0,-1.0,2.0,1.0,-1.0
design,sokoban,LUiVjpMm,10,AI,2.0,3.0,1.0,2.0,3.0,1.0
design,sokoban,LUiVjpMm,11,AI,1.0,1.0,0.0,1.0,1.0,0.0
design,sokoban,LUiVjpMm,12,AI,1.0,2.0,1.0,1.0,2.0,1.0
design,sokoban,LUiVjpMm,13,AI,2.0,1.0,-1.0,2.0,1.0,-1.0
design,sokoban,LUiVjpMm,14,AI,2.0,2.0,0.0,2.0,2.0,0.0
design,sokoban,LUiVjpMm,15,AI,2.0,1.0,-1.0,2.0,1.0,-1.0
design,sokoban,LUiVjpMm,16,AI,2.0,1.0,-1.0,2.0,1.0,-1.0
design,sokoban,LUiVjpMm,17,AI,2.0,1.0,-1.0,2.0,1.0,-1.0
design,sokoban,LUiVjpMm,18,AI,1.0,1.0,0.0,1.0,1.0,0.0
design,sokoban,LUiVjpMm,19,AI,2.0,1.0,-1.0,2.0,1.0,-1.0
design,sokoban,LUiVjpMm,20,AI,5.0,2.0,-3.0,5.0,2.0,-3.0
design,sokoban,QUT4qGl2,1,Human,4.0,3.0,-1.0,4.0,3.0,-1.0
design,sokoban,QUT4qGl2,2,Human,4.0,3.0,-1.0,4.0,3.0,-1.0
design,sokoban,QUT4qGl2,3,Human,4.0,2.0,-2.0,4.0,2.0,-2.0
design,sokoban,QUT4qGl2,4,Human,2.0,3.0,1.0,2.0,3.0,1.0
design,sokoban,QUT4qGl2,5,Human,3.0,2.0,-1.0,3.0,2.0,-1.0
design,sokoban,QUT4qGl2,6,Human,4.0,4.0,0.0,4.0,4.0,0.0
design,sokoban,QUT4qGl2,7,Human,4.0,4.0,0.0,4.0,4.0,0.0
design,sokoban,QUT4qGl2,8,Human,3.0,3.0,0.0,3.0,3.0,0.0
design,sokoban,QUT4qGl2,9,Human,3.0,3.0,0.0,3.0,3.0,0.0
design,sokoban,QUT4qGl2,10,Human,3.0,2.0,-1.0,3.0,2.0,-1.0
design,sokoban,QUT4qGl2,11,Human,4.0,2.0,-2.0,4.0,2.0,-2.0
design,sokoban,QUT4qGl2,12,Human,3.0,3.0,0.0,3.0,3.0,0.0
design,sokoban,QUT4qGl2,13,Human,4.0,4.0,0.0,4.0,4.0,0.0
design,sokoban,QUT4qGl2,14,Human,4.0,4.0,0.0,4.0,4.0,0.0
design,sokoban,QUT4qGl2,15,Human,4.0,3.0,-1.0,4.0,3.0,-1.0
design,sokoban,QUT4qGl2,16,Human,3.0,4.0,1.0,3.0,4.0,1.0
design,sokoban,QUT4qGl2,17,Human,4.0,3.0,-1.0,4.0,3.0,-1.0
design,sokoban,QUT4qGl2,18,Human,4.0,2.0,-2.0,4.0,2.0,-2.0
design,sokoban,QUT4qGl2,19,Human,4.0,2.0,-2.0,4.0,2.0,-2.0
design,sokoban,QUT4qGl2,20,Human,4.0,3.0,-1.0,4.0,3.0,-1.0
design,sokoban,QV6Qfb7T,1,AI,3.0,3.0,0.0,3.0,3.0,0.0
design,sokoban,QV6Qfb7T,2,AI,3.0,3.0,0.0,3.0,3.0,0.0
design,sokoban,QV6Qfb7T,3,AI,3.0,3.0,0.0,3.0,3.0,0.0
design,sokoban,QV6Qfb7T,4,AI,4.0,3.0,-1.0,4.0,3.0,-1.0
design,sokoban,QV6Qfb7T,5,AI,4.0,3.0,-1.0,4.0,3.0,-1.0
design,sokoban,QV6Qfb7T,6,AI,4.0,2.0,-2.0,4.0,2.0,-2.0
design,sokoban,QV6Qfb7T,7,AI,4.0,4.0,0.0,4.0,4.0,0.0
design,sokoban,QV6Qfb7T,8,AI,4.0,2.0,-2.0,4.0,2.0,-2.0
design,sokoban,QV6Qfb7T,9,AI,4.0,2.0,-2.0,4.0,2.0,-2.0
design,sokoban,QV6Qfb7T,10,AI,4.0,3.0,-1.0,4.0,3.0,-1.0
design,sokoban,QV6Qfb7T,11,AI,4.0,2.0,-2.0,4.0,2.0,-2.0
design,sokoban,QV6Qfb7T,12,AI,2.0,3.0,1.0,2.0,3.0,1.0
design,sokoban,QV6Qfb7T,13,AI,2.0,2.0,0.0,2.0,2.0,0.0
design,sokoban,QV6Qfb7T,14,AI,5.0,3.0,-2.0,5.0,3.0,-2.0
design,sokoban,QV6Qfb7T,15,AI,3.0,4.0,1.0,3.0,4.0,1.0
design,sokoban,QV6Qfb7T,16,AI,5.0,2.0,-3.0,5.0,2.0,-3.0
design,sokoban,QV6Qfb7T,17,AI,4.0,2.0,-2.0,4.0,2.0,-2.0
design,sokoban,QV6Qfb7T,18,AI,3.0,3.0,0.0,3.0,3.0,0.0
design,sokoban,QV6Qfb7T,19,AI,4.0,3.0,-1.0,4.0,3.0,-1.0
design,sokoban,QV6Qfb7T,20,AI,3.0,3.0,0.0,3.0,3.0,0.0
design,sokoban,ROciIZDL,1,Human,4.0,2.0,-2.0,4.0,2.0,-2.0
design,sokoban,ROciIZDL,2,Human,3.0,4.0,1.0,3.0,4.0,1.0
design,sokoban,ROciIZDL,3,Human,5.0,3.0,-2.0,5.0,3.0,-2.0
design,sokoban,ROciIZDL,4,Human,3.0,4.0,1.0,3.0,4.0,1.0
design,sokoban,ROciIZDL,5,Human,4.0,4.0,0.0,4.0,4.0,0.0
design,sokoban,ROciIZDL,6,Human,4.0,3.0,-1.0,4.0,3.0,-1.0
design,sokoban,ROciIZDL,7,Human,2.0,2.0,0.0,2.0,2.0,0.0
design,sokoban,ROciIZDL,8,Human,4.0,4.0,0.0,4.0,4.0,0.0
design,sokoban,ROciIZDL,9,Human,3.0,4.0,1.0,3.0,4.0,1.0
design,sokoban,ROciIZDL,10,Human,2.0,2.0,0.0,2.0,2.0,0.0
design,sokoban,ROciIZDL,11,Human,2.0,2.0,0.0,2.0,2.0,0.0
design,sokoban,ROciIZDL,12,Human,4.0,2.0,-2.0,4.0,2.0,-2.0
design,sokoban,ROciIZDL,13,Human,4.0,2.0,-2.0,4.0,2.0,-2.0
design,sokoban,ROciIZDL,14,Human,4.0,2.0,-2.0,4.0,2.0,-2.0
design,sokoban,ROciIZDL,15,Human,2.0,3.0,1.0,2.0,3.0,1.0
design,sokoban,ROciIZDL,16,Human,3.0,3.0,0.0,3.0,3.0,0.0
design,sokoban,ROciIZDL,17,Human,5.0,2.0,-3.0,5.0,2.0,-3.0
design,sokoban,ROciIZDL,18,Human,4.0,4.0,0.0,4.0,4.0,0.0
design,sokoban,ROciIZDL,19,Human,2.0,4.0,2.0,2.0,4.0,2.0
design,sokoban,ROciIZDL,20,Human,2.0,2.0,0.0,2.0,2.0,0.0
design,sokoban,TIXMBKaj,1,Human,3.0,2.0,-1.0,3.0,2.0,-1.0
design,sokoban,TIXMBKaj,2,Human,2.0,3.0,1.0,2.0,3.0,1.0
design,sokoban,TIXMBKaj,3,Human,3.0,3.0,0.0,3.0,3.0,0.0
design,sokoban,TIXMBKaj,4,Human,4.0,4.0,0.0,4.0,4.0,0.0
design,sokoban,TIXMBKaj,5,Human,4.0,2.0,-2.0,4.0,2.0,-2.0
design,sokoban,TIXMBKaj,6,Human,3.0,2.0,-1.0,3.0,2.0,-1.0
design,sokoban,TIXMBKaj,7,Human,3.0,3.0,0.0,3.0,3.0,0.0
design,sokoban,TIXMBKaj,8,Human,2.0,2.0,0.0,2.0,2.0,0.0
design,sokoban,TIXMBKaj,9,Human,4.0,3.0,-1.0,4.0,3.0,-1.0
design,sokoban,TIXMBKaj,10,Human,2.0,2.0,0.0,2.0,2.0,0.0
design,sokoban,TIXMBKaj,11,Human,3.0,3.0,0.0,3.0,3.0,0.0
design,sokoban,TIXMBKaj,12,Human,4.0,3.0,-1.0,4.0,3.0,-1.0
design,sokoban,TIXMBKaj,13,Human,3.0,2.0,-1.0,3.0,2.0,-1.0
design,sokoban,TIXMBKaj,14,Human,3.0,3.0,0.0,3.0,3.0,0.0
design,sokoban,TIXMBKaj,15,Human,2.0,2.0,0.0,2.0,2.0,0.0
design,sokoban,TIXMBKaj,16,Human,2.0,4.0,2.0,2.0,4.0,2.0
design,sokoban,TIXMBKaj,17,Human,3.0,2.0,-1.0,3.0,2.0,-1.0
design,sokoban,TIXMBKaj,18,Human,3.0,2.0,-1.0,3.0,2.0,-1.0
design,sokoban,TIXMBKaj,19,Human,4.0,3.0,-1.0,4.0,3.0,-1.0
design,sokoban,TIXMBKaj,20,Human,4.0,4.0,0.0,4.0,4.0,0.0
design,sokoban,UTSKBMio,1,AI,4.0,2.0,-2.0,4.0,2.0,-2.0
design,sokoban,UTSKBMio,2,AI,3.0,2.0,-1.0,3.0,2.0,-1.0
design,sokoban,UTSKBMio,3,AI,4.0,2.0,-2.0,4.0,2.0,-2.0
design,sokoban,UTSKBMio,4,AI,4.0,2.0,-2.0,4.0,2.0,-2.0
design,sokoban,UTSKBMio,5,AI,2.0,3.0,1.0,2.0,3.0,1.0
design,sokoban,UTSKBMio,6,AI,2.0,3.0,1.0,2.0,3.0,1.0
design,sokoban,UTSKBMio,7,AI,2.0,3.0,1.0,2.0,3.0,1.0
design,sokoban,UTSKBMio,8,AI,3.0,2.0,-1.0,3.0,2.0,-1.0
design,sokoban,UTSKBMio,9,AI,4.0,2.0,-2.0,4.0,2.0,-2.0
design,sokoban,UTSKBMio,10,AI,4.0,2.0,-2.0,4.0,2.0,-2.0
design,sokoban,UTSKBMio,11,AI,4.0,2.0,-2.0,4.0,2.0,-2.0
design,sokoban,UTSKBMio,12,AI,3.0,2.0,-1.0,3.0,2.0,-1.0
design,sokoban,UTSKBMio,13,AI,3.0,2.0,-1.0,3.0,2.0,-1.0
design,sokoban,UTSKBMio,14,AI,4.0,3.0,-1.0,4.0,3.0,-1.0
design,sokoban,UTSKBMio,15,AI,2.0,2.0,0.0,2.0,2.0,0.0
design,sokoban,UTSKBMio,16,AI,3.0,2.0,-1.0,3.0,2.0,-1.0
design,sokoban,UTSKBMio,17,AI,3.0,2.0,-1.0,3.0,2.0,-1.0
design,sokoban,UTSKBMio,18,AI,2.0,2.0,0.0,2.0,2.0,0.0
design,sokoban,UTSKBMio,19,AI,4.0,2.0,-2.0,4.0,2.0,-2.0
design,sokoban,UTSKBMio,20,AI,4.0,2.0,-2.0,4.0,2.0,-2.0
design,sokoban,UeeTjy5b,1,AI,1.0,1.0,0.0,1.0,1.0,0.0
design,sokoban,UeeTjy5b,2,AI,1.0,1.0,0.0,1.0,1.0,0.0
design,sokoban,UeeTjy5b,3,AI,2.0,2.0,0.0,2.0,2.0,0.0
design,sokoban,UeeTjy5b,4,AI,2.0,1.0,-1.0,2.0,1.0,-1.0
design,sokoban,UeeTjy5b,5,AI,1.0,1.0,0.0,1.0,1.0,0.0
design,sokoban,UeeTjy5b,6,AI,4.0,1.0,-3.0,4.0,1.0,-3.0
design,sokoban,UeeTjy5b,7,AI,2.0,2.0,0.0,2.0,2.0,0.0
design,sokoban,UeeTjy5b,8,AI,1.0,1.0,0.0,1.0,1.0,0.0
design,sokoban,UeeTjy5b,9,AI,2.0,4.0,2.0,2.0,4.0,2.0
design,sokoban,UeeTjy5b,10,AI,2.0,1.0,-1.0,2.0,1.0,-1.0
design,sokoban,UeeTjy5b,11,AI,2.0,1.0,-1.0,2.0,1.0,-1.0
design,sokoban,UeeTjy5b,12,AI,2.0,1.0,-1.0,2.0,1.0,-1.0
design,sokoban,UeeTjy5b,13,AI,2.0,1.0,-1.0,2.0,1.0,-1.0
design,sokoban,UeeTjy5b,14,AI,1.0,1.0,0.0,1.0,1.0,0.0
design,sokoban,UeeTjy5b,15,AI,2.0,1.0,-1.0,2.0,1.0,-1.0
design,sokoban,UeeTjy5b,16,AI,1.0,1.0,0.0,1.0,1.0,0.0
design,sokoban,UeeTjy5b,17,AI,1.0,1.0,0.0,1.0,1.0,0.0
design,sokoban,UeeTjy5b,18,AI,1.0,2.0,1.0,1.0,2.0,1.0
design,sokoban,UeeTjy5b,19,AI,2.0,1.0,-1.0,2.0,1.0,-1.0
design,sokoban,UeeTjy5b,20,AI,2.0,1.0,-1.0,2.0,1.0,-1.0
design,sokoban,Z0SxyjXq,1,Human,1.0,2.0,1.0,1.0,2.0,1.0
design,sokoban,Z0SxyjXq,2,Human,2.0,4.0,2.0,2.0,4.0,2.0
design,sokoban,Z0SxyjXq,3,Human,1.0,1.0,0.0,1.0,1.0,0.0
design,sokoban,Z0SxyjXq,4,Human,2.0,3.0,1.0,2.0,3.0,1.0
design,sokoban,Z0SxyjXq,5,Human,1.0,3.0,2.0,1.0,3.0,2.0
design,sokoban,Z0SxyjXq,6,Human,2.0,4.0,2.0,2.0,4.0,2.0
design,sokoban,Z0SxyjXq,7,Human,2.0,2.0,0.0,2.0,2.0,0.0
design,sokoban,Z0SxyjXq,8,Human,2.0,1.0,-1.0,2.0,1.0,-1.0
design,sokoban,Z0SxyjXq,9,Human,4.0,4.0,0.0,4.0,4.0,0.0
design,sokoban,Z0SxyjXq,10,Human,3.0,1.0,-2.0,3.0,1.0,-2.0
design,sokoban,Z0SxyjXq,11,Human,2.0,1.0,-1.0,2.0,1.0,-1.0
design,sokoban,Z0SxyjXq,12,Human,4.0,3.0,-1.0,4.0,3.0,-1.0
design,sokoban,Z0SxyjXq,13,Human,1.0,2.0,1.0,1.0,2.0,1.0
design,sokoban,Z0SxyjXq,14,Human,2.0,1.0,-1.0,2.0,1.0,-1.0
design,sokoban,Z0SxyjXq,15,Human,1.0,1.0,0.0,1.0,1.0,0.0
design,sokoban,Z0SxyjXq,16,Human,4.0,1.0,-3.0,4.0,1.0,-3.0
design,sokoban,Z0SxyjXq,17,Human,1.0,1.0,0.0,1.0,1.0,0.0
design,sokoban,Z0SxyjXq,18,Human,2.0,1.0,-1.0,2.0,1.0,-1.0
design,sokoban,Z0SxyjXq,19,Human,3.0,3.0,0.0,3.0,3.0,0.0
design,sokoban,Z0SxyjXq,20,Human,2.0,3.0,1.0,2.0,3.0,1.0
design,sokoban,aE7sjnta,1,AI,1.0,1.0,0.0,1.0,1.0,0.0
design,sokoban,aE7sjnta,2,AI,4.0,1.0,-3.0,4.0,1.0,-3.0
design,sokoban,aE7sjnta,3,AI,2.0,1.0,-1.0,2.0,1.0,-1.0
design,sokoban,aE7sjnta,4,AI,4.0,1.0,-3.0,4.0,1.0,-3.0
design,sokoban,aE7sjnta,5,AI,1.0,1.0,0.0,1.0,1.0,0.0
design,sokoban,aE7sjnta,6,AI,3.0,1.0,-2.0,3.0,1.0,-2.0
design,sokoban,aE7sjnta,7,AI,3.0,1.0,-2.0,3.0,1.0,-2.0
design,sokoban,aE7sjnta,8,AI,2.0,1.0,-1.0,2.0,1.0,-1.0
design,sokoban,aE7sjnta,9,AI,2.0,2.0,0.0,2.0,2.0,0.0
design,sokoban,aE7sjnta,10,AI,4.0,1.0,-3.0,4.0,1.0,-3.0
design,sokoban,aE7sjnta,11,AI,2.0,1.0,-1.0,2.0,1.0,-1.0
design,sokoban,aE7sjnta,12,AI,2.0,1.0,-1.0,2.0,1.0,-1.0
design,sokoban,aE7sjnta,13,AI,4.0,1.0,-3.0,4.0,1.0,-3.0
design,sokoban,aE7sjnta,14,AI,1.0,1.0,0.0,1.0,1.0,0.0
design,sokoban,aE7sjnta,15,AI,2.0,1.0,-1.0,2.0,1.0,-1.0
design,sokoban,aE7sjnta,16,AI,2.0,1.0,-1.0,2.0,1.0,-1.0
design,sokoban,aE7sjnta,17,AI,2.0,1.0,-1.0,2.0,1.0,-1.0
design,sokoban,aE7sjnta,18,AI,2.0,1.0,-1.0,2.0,1.0,-1.0
design,sokoban,aE7sjnta,19,AI,1.0,2.0,1.0,1.0,2.0,1.0
design,sokoban,aE7sjnta,20,AI,1.0,1.0,0.0,1.0,1.0,0.0
design,sokoban,bhRr4CCv,1,Human,3.0,4.0,1.0,3.0,4.0,1.0
design,sokoban,bhRr4CCv,2,Human,4.0,3.0,-1.0,4.0,3.0,-1.0
design,sokoban,bhRr4CCv,3,Human,5.0,2.0,-3.0,5.0,2.0,-3.0
design,sokoban,bhRr4CCv,4,Human,4.0,4.0,0.0,4.0,4.0,0.0
design,sokoban,bhRr4CCv,5,Human,2.0,4.0,2.0,2.0,4.0,2.0
design,sokoban,bhRr4CCv,6,Human,3.0,4.0,1.0,3.0,4.0,1.0
design,sokoban,bhRr4CCv,7,Human,4.0,2.0,-2.0,4.0,2.0,-2.0
design,sokoban,bhRr4CCv,8,Human,4.0,4.0,0.0,4.0,4.0,0.0
design,sokoban,bhRr4CCv,9,Human,4.0,3.0,-1.0,4.0,3.0,-1.0
design,sokoban,bhRr4CCv,10,Human,5.0,3.0,-2.0,5.0,3.0,-2.0
design,sokoban,bhRr4CCv,11,Human,2.0,2.0,0.0,2.0,2.0,0.0
design,sokoban,bhRr4CCv,12,Human,5.0,2.0,-3.0,5.0,2.0,-3.0
design,sokoban,bhRr4CCv,13,Human,4.0,3.0,-1.0,4.0,3.0,-1.0
design,sokoban,bhRr4CCv,14,Human,3.0,3.0,0.0,3.0,3.0,0.0
design,sokoban,bhRr4CCv,15,Human,2.0,4.0,2.0,2.0,4.0,2.0
design,sokoban,bhRr4CCv,16,Human,2.0,2.0,0.0,2.0,2.0,0.0
design,sokoban,bhRr4CCv,17,Human,3.0,3.0,0.0,3.0,3.0,0.0
design,sokoban,bhRr4CCv,18,Human,2.0,3.0,1.0,2.0,3.0,1.0
design,sokoban,bhRr4CCv,19,Human,5.0,4.0,-1.0,5.0,4.0,-1.0
design,sokoban,bhRr4CCv,20,Human,3.0,4.0,1.0,3.0,4.0,1.0
design,sokoban,cHhvQJlr,1,AI,3.0,1.0,-2.0,3.0,1.0,-2.0
design,sokoban,cHhvQJlr,2,AI,2.0,2.0,0.0,2.0,2.0,0.0
design,sokoban,cHhvQJlr,3,AI,3.0,2.0,-1.0,3.0,2.0,-1.0
design,sokoban,cHhvQJlr,4,AI,1.0,2.0,1.0,1.0,2.0,1.0
design,sokoban,cHhvQJlr,5,AI,4.0,4.0,0.0,4.0,4.0,0.0
design,sokoban,cHhvQJlr,6,AI,2.0,2.0,0.0,2.0,2.0,0.0
design,sokoban,cHhvQJlr,7,AI,2.0,2.0,0.0,2.0,2.0,0.0
design,sokoban,cHhvQJlr,8,AI,2.0,2.0,0.0,2.0,2.0,0.0
design,sokoban,cHhvQJlr,9,AI,2.0,2.0,0.0,2.0,2.0,0.0
design,sokoban,cHhvQJlr,10,AI,2.0,1.0,-1.0,2.0,1.0,-1.0
design,sokoban,cHhvQJlr,11,AI,2.0,1.0,-1.0,2.0,1.0,-1.0
design,sokoban,cHhvQJlr,12,AI,2.0,1.0,-1.0,2.0,1.0,-1.0
design,sokoban,cHhvQJlr,13,AI,3.0,2.0,-1.0,3.0,2.0,-1.0
design,sokoban,cHhvQJlr,14,AI,2.0,3.0,1.0,2.0,3.0,1.0
design,sokoban,cHhvQJlr,15,AI,2.0,2.0,0.0,2.0,2.0,0.0
design,sokoban,cHhvQJlr,16,AI,2.0,2.0,0.0,2.0,2.0,0.0
design,sokoban,cHhvQJlr,17,AI,2.0,4.0,2.0,2.0,4.0,2.0
design,sokoban,cHhvQJlr,18,AI,3.0,2.0,-1.0,3.0,2.0,-1.0
design,sokoban,cHhvQJlr,19,AI,2.0,2.0,0.0,2.0,2.0,0.0
design,sokoban,cHhvQJlr,20,AI,2.0,1.0,-1.0,2.0,1.0,-1.0
design,sokoban,cTxMstwv,1,AI,4.0,2.0,-2.0,4.0,2.0,-2.0
design,sokoban,cTxMstwv,2,AI,4.0,2.0,-2.0,4.0,2.0,-2.0
design,sokoban,cTxMstwv,3,AI,3.0,2.0,-1.0,3.0,2.0,-1.0
design,sokoban,cTxMstwv,4,AI,2.0,2.0,0.0,2.0,2.0,0.0
design,sokoban,cTxMstwv,5,AI,4.0,2.0,-2.0,4.0,2.0,-2.0
design,sokoban,cTxMstwv,6,AI,5.0,2.0,-3.0,5.0,2.0,-3.0
design,sokoban,cTxMstwv,7,AI,4.0,2.0,-2.0,4.0,2.0,-2.0
design,sokoban,cTxMstwv,8,AI,4.0,2.0,-2.0,4.0,2.0,-2.0
design,sokoban,cTxMstwv,9,AI,2.0,4.0,2.0,2.0,4.0,2.0
design,sokoban,cTxMstwv,10,AI,4.0,2.0,-2.0,4.0,2.0,-2.0
design,sokoban,cTxMstwv,11,AI,2.0,2.0,0.0,2.0,2.0,0.0
design,sokoban,cTxMstwv,12,AI,2.0,2.0,0.0,2.0,2.0,0.0
design,sokoban,cTxMstwv,13,AI,2.0,2.0,0.0,2.0,2.0,0.0
design,sokoban,cTxMstwv,14,AI,3.0,4.0,1.0,3.0,4.0,1.0
design,sokoban,cTxMstwv,15,AI,4.0,3.0,-1.0,4.0,3.0,-1.0
design,sokoban,cTxMstwv,16,AI,3.0,4.0,1.0,3.0,4.0,1.0
design,sokoban,cTxMstwv,17,AI,3.0,2.0,-1.0,3.0,2.0,-1.0
design,sokoban,cTxMstwv,18,AI,2.0,1.0,-1.0,2.0,1.0,-1.0
design,sokoban,cTxMstwv,19,AI,3.0,2.0,-1.0,3.0,2.0,-1.0
design,sokoban,cTxMstwv,20,AI,3.0,2.0,-1.0,3.0,2.0,-1.0
design,sokoban,extLxWet,1,AI,2.0,2.0,0.0,2.0,2.0,0.0
design,sokoban,extLxWet,2,AI,3.0,3.0,0.0,3.0,3.0,0.0
design,sokoban,extLxWet,3,AI,3.0,2.0,-1.0,3.0,2.0,-1.0
design,sokoban,extLxWet,4,AI,3.0,2.0,-1.0,3.0,2.0,-1.0
design,sokoban,extLxWet,5,AI,2.0,2.0,0.0,2.0,2.0,0.0
design,sokoban,extLxWet,6,AI,1.0,1.0,0.0,1.0,1.0,0.0
design,sokoban,extLxWet,7,AI,2.0,2.0,0.0,2.0,2.0,0.0
design,sokoban,extLxWet,8,AI,3.0,2.0,-1.0,3.0,2.0,-1.0
design,sokoban,extLxWet,9,AI,4.0,1.0,-3.0,4.0,1.0,-3.0
design,sokoban,extLxWet,10,AI,2.0,2.0,0.0,2.0,2.0,0.0
design,sokoban,extLxWet,11,AI,3.0,4.0,1.0,3.0,4.0,1.0
design,sokoban,extLxWet,12,AI,4.0,2.0,-2.0,4.0,2.0,-2.0
design,sokoban,extLxWet,13,AI,2.0,2.0,0.0,2.0,2.0,0.0
design,sokoban,extLxWet,14,AI,3.0,2.0,-1.0,3.0,2.0,-1.0
design,sokoban,extLxWet,15,AI,2.0,2.0,0.0,2.0,2.0,0.0
design,sokoban,extLxWet,16,AI,2.0,2.0,0.0,2.0,2.0,0.0
design,sokoban,extLxWet,17,AI,2.0,2.0,0.0,2.0,2.0,0.0
design,sokoban,extLxWet,18,AI,4.0,3.0,-1.0,4.0,3.0,-1.0
design,sokoban,extLxWet,19,AI,1.0,1.0,0.0,1.0,1.0,0.0
design,sokoban,extLxWet,20,AI,2.0,2.0,0.0,2.0,2.0,0.0
design,sokoban,f8sbFI0a,1,Human,5.0,2.0,-3.0,5.0,2.0,-3.0
design,sokoban,f8sbFI0a,2,Human,3.0,2.0,-1.0,3.0,2.0,-1.0
design,sokoban,f8sbFI0a,3,Human,2.0,3.0,1.0,2.0,3.0,1.0
design,sokoban,f8sbFI0a,4,Human,3.0,3.0,0.0,3.0,3.0,0.0
design,sokoban,f8sbFI0a,5,Human,4.0,3.0,-1.0,4.0,3.0,-1.0
design,sokoban,f8sbFI0a,6,Human,4.0,2.0,-2.0,4.0,2.0,-2.0
design,sokoban,f8sbFI0a,7,Human,3.0,2.0,-1.0,3.0,2.0,-1.0
design,sokoban,f8sbFI0a,8,Human,4.0,3.0,-1.0,4.0,3.0,-1.0
design,sokoban,f8sbFI0a,9,Human,3.0,3.0,0.0,3.0,3.0,0.0
design,sokoban,f8sbFI0a,10,Human,2.0,2.0,0.0,2.0,2.0,0.0
design,sokoban,f8sbFI0a,11,Human,2.0,2.0,0.0,2.0,2.0,0.0
design,sokoban,f8sbFI0a,12,Human,4.0,3.0,-1.0,4.0,3.0,-1.0
design,sokoban,f8sbFI0a,13,Human,3.0,4.0,1.0,3.0,4.0,1.0
design,sokoban,f8sbFI0a,14,Human,4.0,4.0,0.0,4.0,4.0,0.0
design,sokoban,f8sbFI0a,15,Human,2.0,2.0,0.0,2.0,2.0,0.0
design,sokoban,f8sbFI0a,16,Human,4.0,2.0,-2.0,4.0,2.0,-2.0
design,sokoban,f8sbFI0a,17,Human,4.0,3.0,-1.0,4.0,3.0,-1.0
design,sokoban,f8sbFI0a,18,Human,2.0,3.0,1.0,2.0,3.0,1.0
design,sokoban,f8sbFI0a,19,Human,4.0,2.0,-2.0,4.0,2.0,-2.0
design,sokoban,f8sbFI0a,20,Human,2.0,3.0,1.0,2.0,3.0,1.0
design,sokoban,iJNJxWfZ,1,Human,4.0,3.0,-1.0,4.0,3.0,-1.0
design,sokoban,iJNJxWfZ,2,Human,3.0,2.0,-1.0,3.0,2.0,-1.0
design,sokoban,iJNJxWfZ,3,Human,2.0,2.0,0.0,2.0,2.0,0.0
design,sokoban,iJNJxWfZ,4,Human,4.0,4.0,0.0,4.0,4.0,0.0
design,sokoban,iJNJxWfZ,5,Human,2.0,2.0,0.0,2.0,2.0,0.0
design,sokoban,iJNJxWfZ,6,Human,4.0,2.0,-2.0,4.0,2.0,-2.0
design,sokoban,iJNJxWfZ,7,Human,4.0,3.0,-1.0,4.0,3.0,-1.0
design,sokoban,iJNJxWfZ,8,Human,3.0,2.0,-1.0,3.0,2.0,-1.0
design,sokoban,iJNJxWfZ,9,Human,4.0,4.0,0.0,4.0,4.0,0.0
design,sokoban,iJNJxWfZ,10,Human,4.0,4.0,0.0,4.0,4.0,0.0
design,sokoban,iJNJxWfZ,11,Human,4.0,4.0,0.0,4.0,4.0,0.0
design,sokoban,iJNJxWfZ,12,Human,2.0,3.0,1.0,2.0,3.0,1.0
design,sokoban,iJNJxWfZ,13,Human,4.0,2.0,-2.0,4.0,2.0,-2.0
design,sokoban,iJNJxWfZ,14,Human,4.0,4.0,0.0,4.0,4.0,0.0
design,sokoban,iJNJxWfZ,15,Human,4.0,4.0,0.0,4.0,4.0,0.0
design,sokoban,iJNJxWfZ,16,Human,4.0,3.0,-1.0,4.0,3.0,-1.0
design,sokoban,iJNJxWfZ,17,Human,3.0,4.0,1.0,3.0,4.0,1.0
design,sokoban,iJNJxWfZ,18,Human,4.0,3.0,-1.0,4.0,3.0,-1.0
design,sokoban,iJNJxWfZ,19,Human,3.0,2.0,-1.0,3.0,2.0,-1.0
design,sokoban,iJNJxWfZ,20,Human,3.0,2.0,-1.0,3.0,2.0,-1.0
design,sokoban,ij6onaGt,1,AI,2.0,2.0,0.0,2.0,2.0,0.0
design,sokoban,ij6onaGt,2,AI,4.0,4.0,0.0,4.0,4.0,0.0
design,sokoban,ij6onaGt,3,AI,2.0,3.0,1.0,2.0,3.0,1.0
design,sokoban,ij6onaGt,4,AI,2.0,4.0,2.0,2.0,4.0,2.0
design,sokoban,ij6onaGt,5,AI,4.0,2.0,-2.0,4.0,2.0,-2.0
design,sokoban,ij6onaGt,6,AI,4.0,3.0,-1.0,4.0,3.0,-1.0
design,sokoban,ij6onaGt,7,AI,3.0,2.0,-1.0,3.0,2.0,-1.0
design,sokoban,ij6onaGt,8,AI,3.0,3.0,0.0,3.0,3.0,0.0
design,sokoban,ij6onaGt,9,AI,2.0,4.0,2.0,2.0,4.0,2.0
design,sokoban,ij6onaGt,10,AI,4.0,4.0,0.0,4.0,4.0,0.0
design,sokoban,ij6onaGt,11,AI,4.0,2.0,-2.0,4.0,2.0,-2.0
design,sokoban,ij6onaGt,12,AI,2.0,2.0,0.0,2.0,2.0,0.0
design,sokoban,ij6onaGt,13,AI,4.0,2.0,-2.0,4.0,2.0,-2.0
design,sokoban,ij6onaGt,14,AI,5.0,2.0,-3.0,5.0,2.0,-3.0
design,sokoban,ij6onaGt,15,AI,3.0,2.0,-1.0,3.0,2.0,-1.0
design,sokoban,ij6onaGt,16,AI,4.0,2.0,-2.0,4.0,2.0,-2.0
design,sokoban,ij6onaGt,17,AI,4.0,3.0,-1.0,4.0,3.0,-1.0
design,sokoban,ij6onaGt,18,AI,4.0,2.0,-2.0,4.0,2.0,-2.0
design,sokoban,ij6onaGt,19,AI,3.0,2.0,-1.0,3.0,2.0,-1.0
design,sokoban,ij6onaGt,20,AI,2.0,2.0,0.0,2.0,2.0,0.0
design,sokoban,oHSLE5UO,1,AI,1.0,1.0,0.0,1.0,1.0,0.0
design,sokoban,oHSLE5UO,2,AI,2.0,1.0,-1.0,2.0,1.0,-1.0
design,sokoban,oHSLE5UO,3,AI,1.0,1.0,0.0,1.0,1.0,0.0
design,sokoban,oHSLE5UO,4,AI,2.0,2.0,0.0,2.0,2.0,0.0
design,sokoban,oHSLE5UO,5,AI,3.0,2.0,-1.0,3.0,2.0,-1.0
design,sokoban,oHSLE5UO,6,AI,1.0,2.0,1.0,1.0,2.0,1.0
design,sokoban,oHSLE5UO,7,AI,1.0,1.0,0.0,1.0,1.0,0.0
design,sokoban,oHSLE5UO,8,AI,2.0,1.0,-1.0,2.0,1.0,-1.0
design,sokoban,oHSLE5UO,9,AI,1.0,1.0,0.0,1.0,1.0,0.0
design,sokoban,oHSLE5UO,10,AI,2.0,1.0,-1.0,2.0,1.0,-1.0
design,sokoban,oHSLE5UO,11,AI,2.0,2.0,0.0,2.0,2.0,0.0
design,sokoban,oHSLE5UO,12,AI,2.0,1.0,-1.0,2.0,1.0,-1.0
design,sokoban,oHSLE5UO,13,AI,3.0,1.0,-2.0,3.0,1.0,-2.0
design,sokoban,oHSLE5UO,14,AI,2.0,1.0,-1.0,2.0,1.0,-1.0
design,sokoban,oHSLE5UO,15,AI,2.0,1.0,-1.0,2.0,1.0,-1.0
design,sokoban,oHSLE5UO,16,AI,1.0,1.0,0.0,1.0,1.0,0.0
design,sokoban,oHSLE5UO,17,AI,1.0,1.0,0.0,1.0,1.0,0.0
design,sokoban,oHSLE5UO,18,AI,1.0,1.0,0.0,1.0,1.0,0.0
design,sokoban,oHSLE5UO,19,AI,1.0,1.0,0.0,1.0,1.0,0.0
design,sokoban,oHSLE5UO,20,AI,2.0,1.0,-1.0,2.0,1.0,-1.0
design,sokoban,t7mUz3Qe,1,Human,1.0,1.0,0.0,1.0,1.0,0.0
design,sokoban,t7mUz3Qe,2,Human,2.0,1.0,-1.0,2.0,1.0,-1.0
design,sokoban,t7mUz3Qe,3,Human,2.0,1.0,-1.0,2.0,1.0,-1.0
design,sokoban,t7mUz3Qe,4,Human,2.0,2.0,0.0,2.0,2.0,0.0
design,sokoban,t7mUz3Qe,5,Human,1.0,1.0,0.0,1.0,1.0,0.0
design,sokoban,t7mUz3Qe,6,Human,1.0,1.0,0.0,1.0,1.0,0.0
design,sokoban,t7mUz3Qe,7,Human,2.0,1.0,-1.0,2.0,1.0,-1.0
design,sokoban,t7mUz3Qe,8,Human,2.0,1.0,-1.0,2.0,1.0,-1.0
design,sokoban,t7mUz3Qe,9,Human,3.0,2.0,-1.0,3.0,2.0,-1.0
design,sokoban,t7mUz3Qe,10,Human,2.0,2.0,0.0,2.0,2.0,0.0
design,sokoban,t7mUz3Qe,11,Human,2.0,2.0,0.0,2.0,2.0,0.0
design,sokoban,t7mUz3Qe,12,Human,2.0,1.0,-1.0,2.0,1.0,-1.0
design,sokoban,t7mUz3Qe,13,Human,2.0,1.0,-1.0,2.0,1.0,-1.0
design,sokoban,t7mUz3Qe,14,Human,2.0,2.0,0.0,2.0,2.0,0.0
design,sokoban,t7mUz3Qe,15,Human,2.0,1.0,-1.0,2.0,1.0,-1.0
design,sokoban,t7mUz3Qe,16,Human,2.0,1.0,-1.0,2.0,1.0,-1.0
design,sokoban,t7mUz3Qe,17,Human,2.0,1.0,-1.0,2.0,1.0,-1.0
design,sokoban,t7mUz3Qe,18,Human,2.0,1.0,-1.0,2.0,1.0,-1.0
design,sokoban,t7mUz3Qe,19,Human,1.0,2.0,1.0,1.0,2.0,1.0
design,sokoban,t7mUz3Qe,20,Human,1.0,1.0,0.0,1.0,1.0,0.0
design,sokoban,wSCVt298,1,AI,1.0,2.0,1.0,1.0,2.0,1.0
design,sokoban,wSCVt298,2,AI,3.0,1.0,-2.0,3.0,1.0,-2.0
design,sokoban,wSCVt298,3,AI,1.0,1.0,0.0,1.0,1.0,0.0
design,sokoban,wSCVt298,4,AI,1.0,2.0,1.0,1.0,2.0,1.0
design,sokoban,wSCVt298,5,AI,1.0,2.0,1.0,1.0,2.0,1.0
design,sokoban,wSCVt298,6,AI,1.0,1.0,0.0,1.0,1.0,0.0
design,sokoban,wSCVt298,7,AI,2.0,2.0,0.0,2.0,2.0,0.0
design,sokoban,wSCVt298,8,AI,1.0,1.0,0.0,1.0,1.0,0.0
design,sokoban,wSCVt298,9,AI,1.0,1.0,0.0,1.0,1.0,0.0
design,sokoban,wSCVt298,10,AI,1.0,1.0,0.0,1.0,1.0,0.0
design,sokoban,wSCVt298,11,AI,1.0,1.0,0.0,1.0,1.0,0.0
design,sokoban,wSCVt298,12,AI,1.0,1.0,0.0,1.0,1.0,0.0
design,sokoban,wSCVt298,13,AI,1.0,2.0,1.0,1.0,2.0,1.0
design,sokoban,wSCVt298,14,AI,1.0,1.0,0.0,1.0,1.0,0.0
design,sokoban,wSCVt298,15,AI,1.0,1.0,0.0,1.0,1.0,0.0
design,sokoban,wSCVt298,16,AI,2.0,1.0,-1.0,2.0,1.0,-1.0
design,sokoban,wSCVt298,17,AI,3.0,1.0,-2.0,3.0,1.0,-2.0
design,sokoban,wSCVt298,18,AI,2.0,1.0,-1.0,2.0,1.0,-1.0
design,sokoban,wSCVt298,19,AI,1.0,1.0,0.0,1.0,1.0,0.0
design,sokoban,wSCVt298,20,AI,1.0,1.0,0.0,1.0,1.0,0.0
